2026-07-24 12:09:10:910 [32minfo[39m: [32mMySQL database connection established successfully.[39m
2026-07-24 12:09:10:910 [32minfo[39m: [32mServer successfully started on port 5000 in development mode.[39m
2026-07-24 12:09:16:916 [32minfo[39m: [32mMySQL database connection established successfully.[39m
2026-07-24 12:09:16:916 [32minfo[39m: [32mServer successfully started on port 5000 in development mode.[39m
2026-07-24 14:29:36:2936 [32minfo[39m: [32mMySQL database connection established successfully.[39m
2026-07-24 14:29:36:2936 [32minfo[39m: [32mServer successfully started on port 5000 in development mode.[39m
2026-07-24 16:41:50:4150 [32minfo[39m: [32mShutting down server gracefully...[39m
2026-07-24 16:42:53:4253 [32minfo[39m: [32mMySQL database connection established successfully.[39m
2026-07-24 16:42:53:4253 [32minfo[39m: [32mServer successfully started on port 5000 in development mode.[39m
2026-07-24 16:43:00:430 [32minfo[39m: [32mShutting down server gracefully...[39m
2026-07-24 16:43:11:4311 [32minfo[39m: [32mMySQL database connection established successfully.[39m
2026-07-24 16:43:11:4311 [32minfo[39m: [32mServer successfully started on port 5000 in development mode.[39m
2026-07-24 17:22:03:223 [31merror[39m: [31m401 - Incorrect email or password - /api/v1/auth/login - POST - ::1[39m
2026-07-24 17:56:20:5620 [31merror[39m: [31m401 - Incorrect email or password - /api/v1/auth/login - POST - ::1[39m
2026-07-24 17:56:42:5642 [31merror[39m: [31m401 - Incorrect email or password - /api/v1/auth/login - POST - ::1[39m
2026-07-24 17:56:47:5647 [31merror[39m: [31m401 - Incorrect email or password - /api/v1/auth/login - POST - ::1[39m
2026-07-24 17:57:46:5746 [31merror[39m: [31m401 - Incorrect email or password - /api/v1/auth/login - POST - ::1[39m
2026-07-24 17:57:54:5754 [31merror[39m: [31m401 - Incorrect email or password - /api/v1/auth/login - POST - ::1[39m
2026-07-24 17:58:11:5811 [31merror[39m: [31m401 - Incorrect email or password - /api/v1/auth/login - POST - ::1[39m
2026-07-24 17:59:52:5952 [32minfo[39m: [32mMySQL database connection established successfully.[39m
2026-07-24 17:59:52:5952 [32minfo[39m: [32mServer successfully started on port 5000 in development mode.[39m
2026-07-24 18:00:13:013 [31merror[39m: [31mLogin error: Unknown column 'role' in 'field list'[39m
2026-07-24 18:00:13:013 [31merror[39m: [31m500 - Unknown column 'role' in 'field list' - /api/v1/auth/login - POST - ::1[39m
2026-07-24 18:00:27:027 [31merror[39m: [31mLogin error: Unknown column 'role' in 'field list'[39m
2026-07-24 18:00:27:027 [31merror[39m: [31m500 - Unknown column 'role' in 'field list' - /api/v1/auth/login - POST - ::1[39m
2026-07-24 18:00:44:044 [31merror[39m: [31mLogin error: Unknown column 'role' in 'field list'[39m
2026-07-24 18:00:44:044 [31merror[39m: [31m500 - Unknown column 'role' in 'field list' - /api/v1/auth/login - POST - ::1[39m
2026-07-24 18:01:52:152 [32minfo[39m: [32mMySQL database connection established successfully.[39m
2026-07-24 18:01:52:152 [32minfo[39m: [32mServer successfully started on port 5000 in development mode.[39m
2026-07-24 18:02:11:211 [31merror[39m: [31mLogin error: Unknown column 'role' in 'field list'[39m
2026-07-24 18:02:11:211 [31merror[39m: [31m500 - Unknown column 'role' in 'field list' - /api/v1/auth/login - POST - ::1[39m
2026-07-24 18:03:51:351 [32minfo[39m: [32mShutting down server gracefully...[39m
2026-07-24 18:04:06:46 [32minfo[39m: [32mMySQL database connection established successfully.[39m
2026-07-24 18:04:06:46 [32minfo[39m: [32mServer successfully started on port 5000 in development mode.[39m
2026-07-24 18:48:39:4839 [31merror[39m: [31m401 - Incorrect email or password - /api/v1/auth/login - POST - ::1[39m
2026-07-24 18:49:54:4954 [31merror[39m: [31m401 - User belonging to this token no longer exists or is inactive - /api/v1/auth/refresh - POST - ::1[39m
2026-07-24 18:49:54:4954 [31merror[39m: [31m401 - Incorrect email or password - /api/v1/auth/login - POST - ::1[39m
2026-07-24 18:52:12:5212 [32minfo[39m: [32mMySQL database connection established successfully.[39m
2026-07-24 18:52:12:5212 [32minfo[39m: [32mServer successfully started on port 5000 in development mode.[39m
2026-07-24 18:52:29:5229 [31merror[39m: [31m401 - User not found or inactive - /api/v1/auth/me - GET - ::1[39m
2026-07-25 09:45:32:4532 [32minfo[39m: [32mMySQL database connection established successfully.[39m
2026-07-25 09:45:32:4532 [32minfo[39m: [32mServer successfully started on port 5000 in development mode.[39m
2026-07-25 09:45:34:4534 [32minfo[39m: [32mMySQL database connection established successfully.[39m
2026-07-25 09:45:34:4534 [32minfo[39m: [32mServer successfully started on port 5000 in development mode.[39m
2026-07-25 09:46:24:4624 [32minfo[39m: [32mMySQL database connection established successfully.[39m
2026-07-25 09:46:25:4625 [32minfo[39m: [32mServer successfully started on port 5000 in development mode.[39m
2026-07-25 09:48:54:4854 [32minfo[39m: [32mMySQL database connection established successfully.[39m
2026-07-25 09:48:54:4854 [32minfo[39m: [32mServer successfully started on port 5000 in development mode.[39m
2026-07-25 10:12:04:124 [32minfo[39m: [32mMySQL database connection established successfully.[39m
2026-07-25 10:12:04:124 [32minfo[39m: [32mServer successfully started on port 5000 in development mode.[39m
2026-07-25 10:13:34:1334 [31merror[39m: [31mJWT Verification Error: jwt expired[39m
2026-07-25 10:13:34:1334 [31merror[39m: [31m401 - Invalid or expired security token. Please log in again. - /api/v1/clients - GET - ::1[39m
2026-07-25 10:13:34:1334 [31merror[39m: [31mJWT Verification Error: jwt expired[39m
2026-07-25 10:13:34:1334 [31merror[39m: [31m401 - Invalid or expired security token. Please log in again. - /api/v1/clients - GET - ::1[39m
2026-07-25 10:13:34:1334 [31merror[39m: [31mRefresh token error: invalid signature[39m
2026-07-25 10:13:34:1334 [31merror[39m: [31m401 - Invalid or expired refresh token - /api/v1/auth/refresh - POST - ::1[39m
2026-07-25 10:17:48:1748 [32minfo[39m: [32mMySQL database connection established successfully.[39m
2026-07-25 10:17:48:1748 [32minfo[39m: [32mServer successfully started on port 5000 in development mode.[39m
2026-07-25 10:31:15:3115 [31merror[39m: [31mJWT Verification Error: jwt expired[39m
2026-07-25 10:31:15:3115 [31merror[39m: [31m401 - Invalid or expired security token. Please log in again. - /api/v1/advocates - GET - ::1[39m
2026-07-25 10:45:23:4523 [32minfo[39m: [32mMySQL database connection established successfully.[39m
2026-07-25 10:45:23:4523 [32minfo[39m: [32mServer successfully started on port 5000 in development mode.[39m
2026-07-25 10:45:51:4551 [32minfo[39m: [32mMySQL database connection established successfully.[39m
2026-07-25 10:45:51:4551 [32minfo[39m: [32mServer successfully started on port 5000 in development mode.[39m
2026-07-25 10:45:53:4553 [32minfo[39m: [32mMySQL database connection established successfully.[39m
2026-07-25 10:45:53:4553 [32minfo[39m: [32mServer successfully started on port 5000 in development mode.[39m
2026-07-25 10:46:17:4617 [31merror[39m: [31mJWT Verification Error: jwt expired[39m
2026-07-25 10:46:17:4617 [31merror[39m: [31m401 - Invalid or expired security token. Please log in again. - /api/v1/diary - GET - ::1[39m
2026-07-25 10:46:17:4617 [31merror[39m: [31mJWT Verification Error: jwt expired[39m
2026-07-25 10:46:17:4617 [31merror[39m: [31m401 - Invalid or expired security token. Please log in again. - /api/v1/cases - GET - ::1[39m
2026-07-25 10:46:17:4617 [31merror[39m: [31mJWT Verification Error: jwt expired[39m
2026-07-25 10:46:17:4617 [31merror[39m: [31m401 - Invalid or expired security token. Please log in again. - /api/v1/advocates - GET - ::1[39m
2026-07-25 11:06:23:623 [31merror[39m: [31mJWT Verification Error: jwt expired[39m
2026-07-25 11:06:23:623 [31merror[39m: [31m401 - Invalid or expired security token. Please log in again. - /api/v1/cases - GET - ::1[39m
2026-07-25 11:06:23:623 [31merror[39m: [31mJWT Verification Error: jwt expired[39m
2026-07-25 11:06:23:623 [31merror[39m: [31m401 - Invalid or expired security token. Please log in again. - /api/v1/clients - GET - ::1[39m
2026-07-25 11:06:23:623 [31merror[39m: [31mJWT Verification Error: jwt expired[39m
2026-07-25 11:06:23:623 [31merror[39m: [31m401 - Invalid or expired security token. Please log in again. - /api/v1/cases - GET - ::1[39m
2026-07-25 11:06:23:623 [31merror[39m: [31mJWT Verification Error: jwt expired[39m
2026-07-25 11:06:23:623 [31merror[39m: [31m401 - Invalid or expired security token. Please log in again. - /api/v1/clients - GET - ::1[39m
2026-07-25 11:12:52:1252 [32minfo[39m: [32mMySQL database connection established successfully.[39m
2026-07-25 11:12:52:1252 [32minfo[39m: [32mServer successfully started on port 5000 in development mode.[39m
2026-07-25 11:12:55:1255 [32minfo[39m: [32mMySQL database connection established successfully.[39m
2026-07-25 11:12:55:1255 [32minfo[39m: [32mServer successfully started on port 5000 in development mode.[39m
2026-07-25 11:33:07:337 [31merror[39m: [31mJWT Verification Error: jwt expired[39m
2026-07-25 11:33:07:337 [31merror[39m: [31m401 - Invalid or expired security token. Please log in again. - /api/v1/diary - GET - ::1[39m
2026-07-25 11:33:08:338 [31merror[39m: [31mJWT Verification Error: jwt expired[39m
2026-07-25 11:33:08:338 [31merror[39m: [31m401 - Invalid or expired security token. Please log in again. - /api/v1/cases - GET - ::1[39m
2026-07-25 11:33:08:338 [31merror[39m: [31mJWT Verification Error: jwt expired[39m
2026-07-25 11:33:08:338 [31merror[39m: [31m401 - Invalid or expired security token. Please log in again. - /api/v1/advocates - GET - ::1[39m
2026-07-25 11:33:08:338 [31merror[39m: [31mJWT Verification Error: jwt expired[39m
2026-07-25 11:33:08:338 [31merror[39m: [31m401 - Invalid or expired security token. Please log in again. - /api/v1/diary - GET - ::1[39m
2026-07-25 11:33:08:338 [31merror[39m: [31mJWT Verification Error: jwt expired[39m
2026-07-25 11:33:08:338 [31merror[39m: [31m401 - Invalid or expired security token. Please log in again. - /api/v1/cases - GET - ::1[39m
2026-07-25 11:33:08:338 [31merror[39m: [31mJWT Verification Error: jwt expired[39m
2026-07-25 11:33:08:338 [31merror[39m: [31m401 - Invalid or expired security token. Please log in again. - /api/v1/advocates - GET - ::1[39m
2026-07-25 11:47:15:4715 [32minfo[39m: [32mMySQL database connection established successfully.[39m
2026-07-25 11:47:15:4715 [32minfo[39m: [32mServer successfully started on port 5000 in development mode.[39m
2026-07-25 11:47:17:4717 [32minfo[39m: [32mMySQL database connection established successfully.[39m
2026-07-25 11:47:17:4717 [32minfo[39m: [32mServer successfully started on port 5000 in development mode.[39m
2026-07-25 12:00:34:034 [32minfo[39m: [32mMySQL database connection established successfully.[39m
2026-07-25 12:00:34:034 [32minfo[39m: [32mServer successfully started on port 5000 in development mode.[39m
2026-07-25 12:01:17:117 [31merror[39m: [31mJWT Verification Error: jwt expired[39m
2026-07-25 12:01:17:117 [31merror[39m: [31m401 - Invalid or expired security token. Please log in again. - /api/v1/cases - GET - ::1[39m
2026-07-25 12:01:17:117 [31merror[39m: [31mJWT Verification Error: jwt expired[39m
2026-07-25 12:01:17:117 [31merror[39m: [31m401 - Invalid or expired security token. Please log in again. - /api/v1/clients - GET - ::1[39m
2026-07-25 12:01:17:117 [31merror[39m: [31mJWT Verification Error: jwt expired[39m
2026-07-25 12:01:17:117 [31merror[39m: [31m401 - Invalid or expired security token. Please log in again. - /api/v1/advocates - GET - ::1[39m
2026-07-25 12:01:17:117 [31merror[39m: [31mJWT Verification Error: jwt expired[39m
2026-07-25 12:01:17:117 [31merror[39m: [31m401 - Invalid or expired security token. Please log in again. - /api/v1/advocates - GET - ::1[39m
2026-07-25 12:01:17:117 [31merror[39m: [31mJWT Verification Error: jwt expired[39m
2026-07-25 12:01:17:117 [31merror[39m: [31m401 - Invalid or expired security token. Please log in again. - /api/v1/cases - GET - ::1[39m
2026-07-25 12:01:17:117 [31merror[39m: [31mJWT Verification Error: jwt expired[39m
2026-07-25 12:01:17:117 [31merror[39m: [31m401 - Invalid or expired security token. Please log in again. - /api/v1/clients - GET - ::1[39m
2026-07-25 12:01:17:117 [31merror[39m: [31mRefresh token error: invalid signature[39m
2026-07-25 12:01:17:117 [31merror[39m: [31m401 - Invalid or expired refresh token - /api/v1/auth/refresh - POST - ::1[39m
2026-07-25 12:12:21:1221 [32minfo[39m: [32mMySQL database connection established successfully.[39m
2026-07-25 12:12:21:1221 [32minfo[39m: [32mServer successfully started on port 5000 in development mode.[39m
2026-07-25 12:12:28:1228 [32minfo[39m: [32mMySQL database connection established successfully.[39m
2026-07-25 12:12:28:1228 [32minfo[39m: [32mServer successfully started on port 5000 in development mode.[39m
2026-07-25 12:12:30:1230 [32minfo[39m: [32mMySQL database connection established successfully.[39m
2026-07-25 12:12:30:1230 [32minfo[39m: [32mServer successfully started on port 5000 in development mode.[39m
2026-07-25 12:12:33:1233 [32minfo[39m: [32mMySQL database connection established successfully.[39m
2026-07-25 12:12:33:1233 [32minfo[39m: [32mServer successfully started on port 5000 in development mode.[39m
2026-07-25 12:12:54:1254 [32minfo[39m: [32mMySQL database connection established successfully.[39m
2026-07-25 12:12:54:1254 [32minfo[39m: [32mServer successfully started on port 5000 in development mode.[39m
2026-07-25 12:12:56:1256 [32minfo[39m: [32mMySQL database connection established successfully.[39m
2026-07-25 12:12:56:1256 [32minfo[39m: [32mServer successfully started on port 5000 in development mode.[39m
2026-07-25 12:13:04:134 [31merror[39m: [31mGetAllDocuments error: Unknown column 'Document.file_path' in 'field list'[39m
2026-07-25 12:13:04:134 [31merror[39m: [31m500 - Unknown column 'Document.file_path' in 'field list' - /api/v1/documents - GET - ::1[39m
2026-07-25 12:16:27:1627 [31merror[39m: [31mJWT Verification Error: jwt expired[39m
2026-07-25 12:16:27:1627 [31merror[39m: [31m401 - Invalid or expired security token. Please log in again. - /api/v1/documents - GET - ::1[39m
2026-07-25 12:16:27:1627 [31merror[39m: [31mJWT Verification Error: jwt expired[39m
2026-07-25 12:16:27:1627 [31merror[39m: [31m401 - Invalid or expired security token. Please log in again. - /api/v1/cases - GET - ::1[39m
2026-07-25 12:16:27:1627 [31merror[39m: [31mJWT Verification Error: jwt expired[39m
2026-07-25 12:16:27:1627 [31merror[39m: [31m401 - Invalid or expired security token. Please log in again. - /api/v1/documents - GET - ::1[39m
2026-07-25 12:16:27:1627 [31merror[39m: [31mJWT Verification Error: jwt expired[39m
2026-07-25 12:16:27:1627 [31merror[39m: [31m401 - Invalid or expired security token. Please log in again. - /api/v1/cases - GET - ::1[39m
2026-07-25 12:21:21:2121 [32minfo[39m: [32mMySQL database connection established successfully.[39m
2026-07-25 12:21:21:2121 [32minfo[39m: [32mServer successfully started on port 5000 in development mode.[39m
2026-07-25 12:32:17:3217 [31merror[39m: [31mJWT Verification Error: jwt expired[39m
2026-07-25 12:32:17:3217 [31merror[39m: [31m401 - Invalid or expired security token. Please log in again. - /api/v1/payments - GET - ::1[39m
2026-07-25 12:32:17:3217 [31merror[39m: [31mJWT Verification Error: jwt expired[39m
2026-07-25 12:32:17:3217 [31merror[39m: [31m401 - Invalid or expired security token. Please log in again. - /api/v1/cases - GET - ::1[39m
2026-07-25 12:32:17:3217 [31merror[39m: [31mJWT Verification Error: jwt expired[39m
2026-07-25 12:32:17:3217 [31merror[39m: [31m401 - Invalid or expired security token. Please log in again. - /api/v1/clients - GET - ::1[39m
2026-07-25 12:32:17:3217 [31merror[39m: [31mJWT Verification Error: jwt expired[39m
2026-07-25 12:32:17:3217 [31merror[39m: [31m401 - Invalid or expired security token. Please log in again. - /api/v1/advocates - GET - ::1[39m
2026-07-25 12:40:29:4029 [32minfo[39m: [32mMySQL database connection established successfully.[39m
2026-07-25 12:40:29:4029 [32minfo[39m: [32mServer successfully started on port 5000 in development mode.[39m
2026-07-25 12:40:30:4030 [32minfo[39m: [32mMySQL database connection established successfully.[39m
2026-07-25 12:40:30:4030 [32minfo[39m: [32mServer successfully started on port 5000 in development mode.[39m
2026-07-25 12:46:39:4639 [32minfo[39m: [32mMySQL database connection established successfully.[39m
2026-07-25 12:46:39:4639 [32minfo[39m: [32mServer successfully started on port 5000 in development mode.[39m
2026-07-25 12:47:19:4719 [32minfo[39m: [32mMySQL database connection established successfully.[39m
2026-07-25 12:47:19:4719 [32minfo[39m: [32mServer successfully started on port 5000 in development mode.[39m
2026-07-25 12:47:20:4720 [32minfo[39m: [32mMySQL database connection established successfully.[39m
2026-07-25 12:47:20:4720 [32minfo[39m: [32mServer successfully started on port 5000 in development mode.[39m
2026-07-25 12:48:12:4812 [31merror[39m: [31mJWT Verification Error: jwt expired[39m
2026-07-25 12:48:12:4812 [31merror[39m: [31m401 - Invalid or expired security token. Please log in again. - /api/v1/memberships - GET - ::1[39m
2026-07-25 12:48:12:4812 [31merror[39m: [31mJWT Verification Error: jwt expired[39m
2026-07-25 12:48:12:4812 [31merror[39m: [31m401 - Invalid or expired security token. Please log in again. - /api/v1/advocates - GET - ::1[39m
2026-07-25 12:48:12:4812 [31merror[39m: [31mJWT Verification Error: jwt expired[39m
2026-07-25 12:48:12:4812 [31merror[39m: [31m401 - Invalid or expired security token. Please log in again. - /api/v1/memberships - GET - ::1[39m
2026-07-25 12:48:12:4812 [31merror[39m: [31mJWT Verification Error: jwt expired[39m
2026-07-25 12:48:12:4812 [31merror[39m: [31m401 - Invalid or expired security token. Please log in again. - /api/v1/advocates - GET - ::1[39m
2026-07-25 12:49:51:4951 [31merror[39m: [31m401 - Incorrect email or password - /api/v1/auth/login - POST - ::1[39m
2026-07-25 12:49:55:4955 [31merror[39m: [31m401 - Incorrect email or password - /api/v1/auth/login - POST - ::1[39m
2026-07-25 13:50:33:5033 [32minfo[39m: [32mMySQL database connection established successfully.[39m
2026-07-25 13:50:33:5033 [32minfo[39m: [32mServer successfully started on port 5000 in development mode.[39m
2026-07-25 13:50:37:5037 [32minfo[39m: [32mMySQL database connection established successfully.[39m
2026-07-25 13:50:37:5037 [32minfo[39m: [32mServer successfully started on port 5000 in development mode.[39m
2026-07-25 13:54:29:5429 [31merror[39m: [31mJWT Verification Error: jwt expired[39m
2026-07-25 13:54:29:5429 [31merror[39m: [31m401 - Invalid or expired security token. Please log in again. - /api/v1/cases - GET - ::1[39m
2026-07-25 13:54:29:5429 [31merror[39m: [31mJWT Verification Error: jwt expired[39m
2026-07-25 13:54:29:5429 [31merror[39m: [31m401 - Invalid or expired security token. Please log in again. - /api/v1/clients - GET - ::1[39m
2026-07-25 13:54:29:5429 [31merror[39m: [31mJWT Verification Error: jwt expired[39m
2026-07-25 13:54:29:5429 [31merror[39m: [31m401 - Invalid or expired security token. Please log in again. - /api/v1/advocates - GET - ::1[39m
2026-07-25 13:54:29:5429 [31merror[39m: [31mJWT Verification Error: jwt expired[39m
2026-07-25 13:54:29:5429 [31merror[39m: [31m401 - Invalid or expired security token. Please log in again. - /api/v1/cases - GET - ::1[39m
2026-07-25 13:54:29:5429 [31merror[39m: [31mJWT Verification Error: jwt expired[39m
2026-07-25 13:54:29:5429 [31merror[39m: [31m401 - Invalid or expired security token. Please log in again. - /api/v1/clients - GET - ::1[39m
2026-07-25 13:54:29:5429 [31merror[39m: [31mJWT Verification Error: jwt expired[39m
2026-07-25 13:54:29:5429 [31merror[39m: [31m401 - Invalid or expired security token. Please log in again. - /api/v1/advocates - GET - ::1[39m
2026-07-25 13:55:41:5541 [31merror[39m: [31m401 - Incorrect email or password - /api/v1/auth/login - POST - ::1[39m
2026-07-25 14:12:12:1212 [32minfo[39m: [32mMySQL database connection established successfully.[39m
2026-07-25 14:12:12:1212 [32minfo[39m: [32mServer successfully started on port 5000 in development mode.[39m
2026-07-25 14:12:14:1214 [32minfo[39m: [32mMySQL database connection established successfully.[39m
2026-07-25 14:12:14:1214 [32minfo[39m: [32mServer successfully started on port 5000 in development mode.[39m
2026-07-25 14:12:17:1217 [32minfo[39m: [32mMySQL database connection established successfully.[39m
2026-07-25 14:12:17:1217 [32minfo[39m: [32mServer successfully started on port 5000 in development mode.[39m
2026-07-25 14:12:19:1219 [32minfo[39m: [32mMySQL database connection established successfully.[39m
2026-07-25 14:12:19:1219 [32minfo[39m: [32mServer successfully started on port 5000 in development mode.[39m
2026-07-25 14:12:22:1222 [32minfo[39m: [32mMySQL database connection established successfully.[39m
2026-07-25 14:12:22:1222 [32minfo[39m: [32mServer successfully started on port 5000 in development mode.[39m
2026-07-25 14:14:49:1449 [32minfo[39m: [32mMySQL database connection established successfully.[39m
2026-07-25 14:14:49:1449 [32minfo[39m: [32mServer successfully started on port 5000 in development mode.[39m
2026-07-25 14:18:25:1825 [31merror[39m: [31mJWT Verification Error: jwt expired[39m
2026-07-25 14:18:25:1825 [31merror[39m: [31m401 - Invalid or expired security token. Please log in again. - /api/v1/clients - GET - ::1[39m
2026-07-25 14:18:25:1825 [31merror[39m: [31mJWT Verification Error: jwt expired[39m
2026-07-25 14:18:25:1825 [31merror[39m: [31m401 - Invalid or expired security token. Please log in again. - /api/v1/cases - GET - ::1[39m
2026-07-25 14:18:25:1825 [31merror[39m: [31mJWT Verification Error: jwt expired[39m
2026-07-25 14:18:25:1825 [31merror[39m: [31m401 - Invalid or expired security token. Please log in again. - /api/v1/clients - GET - ::1[39m
2026-07-25 14:18:25:1825 [31merror[39m: [31mJWT Verification Error: jwt expired[39m
2026-07-25 14:18:25:1825 [31merror[39m: [31m401 - Invalid or expired security token. Please log in again. - /api/v1/cases - GET - ::1[39m
2026-07-25 14:45:00:450 [31merror[39m: [31mJWT Verification Error: jwt expired[39m
2026-07-25 14:45:00:450 [31merror[39m: [31m401 - Invalid or expired security token. Please log in again. - /api/v1/cases - GET - ::1[39m
2026-07-25 14:45:00:450 [31merror[39m: [31mJWT Verification Error: jwt expired[39m
2026-07-25 14:45:00:450 [31merror[39m: [31m401 - Invalid or expired security token. Please log in again. - /api/v1/clients - GET - ::1[39m
2026-07-25 14:45:00:450 [31merror[39m: [31mJWT Verification Error: jwt expired[39m
2026-07-25 14:45:00:450 [31merror[39m: [31m401 - Invalid or expired security token. Please log in again. - /api/v1/advocates - GET - ::1[39m
2026-07-25 14:53:21:5321 [32minfo[39m: [32mMySQL database connection established successfully.[39m
2026-07-25 14:53:21:5321 [32minfo[39m: [32mServer successfully started on port 5000 in development mode.[39m
2026-07-25 14:53:23:5323 [32minfo[39m: [32mMySQL database connection established successfully.[39m
2026-07-25 14:53:23:5323 [32minfo[39m: [32mServer successfully started on port 5000 in development mode.[39m
2026-07-25 14:53:26:5326 [32minfo[39m: [32mMySQL database connection established successfully.[39m
2026-07-25 14:53:26:5326 [32minfo[39m: [32mServer successfully started on port 5000 in development mode.[39m
2026-07-25 15:03:13:313 [31merror[39m: [31mJWT Verification Error: jwt expired[39m
2026-07-25 15:03:13:313 [31merror[39m: [31m401 - Invalid or expired security token. Please log in again. - /api/v1/cases - GET - ::1[39m
2026-07-25 15:03:13:313 [31merror[39m: [31mJWT Verification Error: jwt expired[39m
2026-07-25 15:03:13:313 [31merror[39m: [31m401 - Invalid or expired security token. Please log in again. - /api/v1/clients - GET - ::1[39m
2026-07-25 15:03:13:313 [31merror[39m: [31mJWT Verification Error: jwt expired[39m
2026-07-25 15:03:13:313 [31merror[39m: [31m401 - Invalid or expired security token. Please log in again. - /api/v1/advocates - GET - ::1[39m
2026-07-25 15:03:13:313 [31merror[39m: [31mJWT Verification Error: jwt expired[39m
2026-07-25 15:03:13:313 [31merror[39m: [31m401 - Invalid or expired security token. Please log in again. - /api/v1/cases - GET - ::1[39m
2026-07-25 15:03:13:313 [31merror[39m: [31mJWT Verification Error: jwt expired[39m
2026-07-25 15:03:13:313 [31merror[39m: [31m401 - Invalid or expired security token. Please log in again. - /api/v1/clients - GET - ::1[39m
2026-07-25 15:03:13:313 [31merror[39m: [31mJWT Verification Error: jwt expired[39m
2026-07-25 15:03:13:313 [31merror[39m: [31m401 - Invalid or expired security token. Please log in again. - /api/v1/advocates - GET - ::1[39m
2026-07-25 15:12:36:1236 [32minfo[39m: [32mMySQL database connection established successfully.[39m
2026-07-25 15:12:36:1236 [32minfo[39m: [32mServer successfully started on port 5000 in development mode.[39m
2026-07-25 15:12:38:1238 [32minfo[39m: [32mMySQL database connection established successfully.[39m
2026-07-25 15:12:38:1238 [32minfo[39m: [32mServer successfully started on port 5000 in development mode.[39m
2026-07-25 15:15:01:151 [32minfo[39m: [32mMySQL database connection established successfully.[39m
2026-07-25 15:15:01:151 [32minfo[39m: [32mServer successfully started on port 5000 in development mode.[39m
2026-07-25 16:40:19:4019 [31merror[39m: [31mJWT Verification Error: jwt expired[39m
2026-07-25 16:40:19:4019 [31merror[39m: [31m401 - Invalid or expired security token. Please log in again. - /api/v1/cases - GET - ::1[39m
2026-07-25 16:40:19:4019 [31merror[39m: [31mJWT Verification Error: jwt expired[39m
2026-07-25 16:40:19:4019 [31merror[39m: [31m401 - Invalid or expired security token. Please log in again. - /api/v1/clients - GET - ::1[39m
2026-07-25 16:40:19:4019 [31merror[39m: [31mJWT Verification Error: jwt expired[39m
2026-07-25 16:40:19:4019 [31merror[39m: [31m401 - Invalid or expired security token. Please log in again. - /api/v1/advocates - GET - ::1[39m
2026-07-25 16:40:19:4019 [31merror[39m: [31mJWT Verification Error: jwt expired[39m
2026-07-25 16:40:19:4019 [31merror[39m: [31m401 - Invalid or expired security token. Please log in again. - /api/v1/cases - GET - ::1[39m
2026-07-25 16:40:19:4019 [31merror[39m: [31mJWT Verification Error: jwt expired[39m
2026-07-25 16:40:19:4019 [31merror[39m: [31m401 - Invalid or expired security token. Please log in again. - /api/v1/clients - GET - ::1[39m
2026-07-25 16:40:19:4019 [31merror[39m: [31mJWT Verification Error: jwt expired[39m
2026-07-25 16:40:19:4019 [31merror[39m: [31m401 - Invalid or expired security token. Please log in again. - /api/v1/advocates - GET - ::1[39m
2026-07-25 16:40:19:4019 [31merror[39m: [31mJWT Verification Error: jwt expired[39m
2026-07-25 16:40:19:4019 [31merror[39m: [31m401 - Invalid or expired security token. Please log in again. - /api/v1/diary - GET - ::1[39m
2026-07-25 16:40:19:4019 [31merror[39m: [31mJWT Verification Error: jwt expired[39m
2026-07-25 16:40:19:4019 [31merror[39m: [31m401 - Invalid or expired security token. Please log in again. - /api/v1/daybook - GET - ::1[39m
2026-07-25 16:40:19:4019 [31merror[39m: [31mJWT Verification Error: jwt expired[39m
2026-07-25 16:40:19:4019 [31merror[39m: [31m401 - Invalid or expired security token. Please log in again. - /api/v1/payments - GET - ::1[39m
2026-07-25 16:40:19:4019 [31merror[39m: [31mJWT Verification Error: jwt expired[39m
2026-07-25 16:40:19:4019 [31merror[39m: [31m401 - Invalid or expired security token. Please log in again. - /api/v1/alerts - GET - ::1[39m
2026-07-25 16:40:19:4019 [31merror[39m: [31mJWT Verification Error: jwt expired[39m
2026-07-25 16:40:19:4019 [31merror[39m: [31m401 - Invalid or expired security token. Please log in again. - /api/v1/lands - GET - ::1[39m
2026-07-25 16:40:22:4022 [31merror[39m: [31mJWT Verification Error: jwt expired[39m
2026-07-25 16:40:22:4022 [31merror[39m: [31m401 - Invalid or expired security token. Please log in again. - /api/v1/opinions - GET - ::1[39m
2026-07-25 16:40:24:4024 [31merror[39m: [31mJWT Verification Error: jwt expired[39m
2026-07-25 16:40:24:4024 [31merror[39m: [31m401 - Invalid or expired security token. Please log in again. - /api/v1/opinions - GET - ::1[39m
2026-07-25 16:40:24:4024 [31merror[39m: [31mJWT Verification Error: jwt expired[39m
2026-07-25 16:40:24:4024 [31merror[39m: [31m401 - Invalid or expired security token. Please log in again. - /api/v1/memberships - GET - ::1[39m
2026-07-25 16:40:24:4024 [31merror[39m: [31mJWT Verification Error: jwt expired[39m
2026-07-25 16:40:24:4024 [31merror[39m: [31m401 - Invalid or expired security token. Please log in again. - /api/v1/roles/roles - GET - ::1[39m
2026-07-25 16:40:24:4024 [31merror[39m: [31mJWT Verification Error: jwt expired[39m
2026-07-25 16:40:24:4024 [31merror[39m: [31m401 - Invalid or expired security token. Please log in again. - /api/v1/cases - GET - ::1[39m
2026-07-25 16:40:24:4024 [31merror[39m: [31mJWT Verification Error: jwt expired[39m
2026-07-25 16:40:24:4024 [31merror[39m: [31m401 - Invalid or expired security token. Please log in again. - /api/v1/clients - GET - ::1[39m
2026-07-25 16:40:24:4024 [31merror[39m: [31mJWT Verification Error: jwt expired[39m
2026-07-25 16:40:24:4024 [31merror[39m: [31m401 - Invalid or expired security token. Please log in again. - /api/v1/advocates - GET - ::1[39m
2026-07-25 16:40:24:4024 [31merror[39m: [31mJWT Verification Error: jwt expired[39m
2026-07-25 16:40:24:4024 [31merror[39m: [31m401 - Invalid or expired security token. Please log in again. - /api/v1/diary - GET - ::1[39m
2026-07-25 16:40:24:4024 [31merror[39m: [31mJWT Verification Error: jwt expired[39m
2026-07-25 16:40:24:4024 [31merror[39m: [31m401 - Invalid or expired security token. Please log in again. - /api/v1/daybook - GET - ::1[39m
2026-07-25 16:40:24:4024 [31merror[39m: [31mJWT Verification Error: jwt expired[39m
2026-07-25 16:40:24:4024 [31merror[39m: [31m401 - Invalid or expired security token. Please log in again. - /api/v1/payments - GET - ::1[39m
2026-07-25 16:40:24:4024 [31merror[39m: [31mJWT Verification Error: jwt expired[39m
2026-07-25 16:40:24:4024 [31merror[39m: [31m401 - Invalid or expired security token. Please log in again. - /api/v1/alerts - GET - ::1[39m
2026-07-25 16:40:24:4024 [31merror[39m: [31mJWT Verification Error: jwt expired[39m
2026-07-25 16:40:24:4024 [31merror[39m: [31m401 - Invalid or expired security token. Please log in again. - /api/v1/lands - GET - ::1[39m
2026-07-25 16:40:24:4024 [31merror[39m: [31mJWT Verification Error: jwt expired[39m
2026-07-25 16:40:24:4024 [31merror[39m: [31m401 - Invalid or expired security token. Please log in again. - /api/v1/memberships - GET - ::1[39m
2026-07-25 16:40:24:4024 [31merror[39m: [31mJWT Verification Error: jwt expired[39m
2026-07-25 16:40:24:4024 [31merror[39m: [31m401 - Invalid or expired security token. Please log in again. - /api/v1/roles/roles - GET - ::1[39m
2026-07-25 16:40:24:4024 [31merror[39m: [31mJWT Verification Error: jwt expired[39m
2026-07-25 16:40:24:4024 [31merror[39m: [31m401 - Invalid or expired security token. Please log in again. - /api/v1/cases - GET - ::1[39m
2026-07-25 16:40:24:4024 [31merror[39m: [31mJWT Verification Error: jwt expired[39m
2026-07-25 16:40:24:4024 [31merror[39m: [31m401 - Invalid or expired security token. Please log in again. - /api/v1/clients - GET - ::1[39m
2026-07-25 16:40:24:4024 [31merror[39m: [31mJWT Verification Error: jwt expired[39m
2026-07-25 16:40:24:4024 [31merror[39m: [31m401 - Invalid or expired security token. Please log in again. - /api/v1/advocates - GET - ::1[39m
2026-07-25 16:47:41:4741 [32minfo[39m: [32mMySQL database connection established successfully.[39m
2026-07-25 16:47:41:4741 [32minfo[39m: [32mServer successfully started on port 5000 in development mode.[39m
2026-07-25 16:47:43:4743 [32minfo[39m: [32mMySQL database connection established successfully.[39m
2026-07-25 16:47:43:4743 [32minfo[39m: [32mServer successfully started on port 5000 in development mode.[39m
2026-07-25 16:49:56:4956 [32minfo[39m: [32mMySQL database connection established successfully.[39m
2026-07-25 16:49:56:4956 [32minfo[39m: [32mServer successfully started on port 5000 in development mode.[39m
2026-07-25 16:50:06:506 [32minfo[39m: [32mMySQL database connection established successfully.[39m
2026-07-25 16:50:06:506 [32minfo[39m: [32mServer successfully started on port 5000 in development mode.[39m
2026-07-25 17:01:59:159 [31merror[39m: [31mJWT Verification Error: jwt expired[39m
2026-07-25 17:01:59:159 [31merror[39m: [31m401 - Invalid or expired security token. Please log in again. - /api/v1/clients - GET - ::1[39m
2026-07-25 17:01:59:159 [31merror[39m: [31mJWT Verification Error: jwt expired[39m
2026-07-25 17:01:59:159 [31merror[39m: [31m401 - Invalid or expired security token. Please log in again. - /api/v1/clients - GET - ::1[39m
2026-07-25 17:01:59:159 [31merror[39m: [31mJWT Verification Error: jwt expired[39m
2026-07-25 17:01:59:159 [31merror[39m: [31m401 - Invalid or expired security token. Please log in again. - /api/v1/cases - GET - ::1[39m
2026-07-25 17:01:59:159 [31merror[39m: [31mJWT Verification Error: jwt expired[39m
2026-07-25 17:01:59:159 [31merror[39m: [31m401 - Invalid or expired security token. Please log in again. - /api/v1/advocates - GET - ::1[39m
2026-07-25 17:01:59:159 [31merror[39m: [31mJWT Verification Error: jwt expired[39m
2026-07-25 17:01:59:159 [31merror[39m: [31m401 - Invalid or expired security token. Please log in again. - /api/v1/cases - GET - ::1[39m
2026-07-25 17:01:59:159 [31merror[39m: [31mJWT Verification Error: jwt expired[39m
2026-07-25 17:01:59:159 [31merror[39m: [31m401 - Invalid or expired security token. Please log in again. - /api/v1/diary - GET - ::1[39m
2026-07-25 17:01:59:159 [31merror[39m: [31mJWT Verification Error: jwt expired[39m
2026-07-25 17:01:59:159 [31merror[39m: [31m401 - Invalid or expired security token. Please log in again. - /api/v1/daybook - GET - ::1[39m
2026-07-25 17:01:59:159 [31merror[39m: [31mJWT Verification Error: jwt expired[39m
2026-07-25 17:01:59:159 [31merror[39m: [31m401 - Invalid or expired security token. Please log in again. - /api/v1/clients - GET - ::1[39m
2026-07-25 17:01:59:159 [31merror[39m: [31mJWT Verification Error: jwt expired[39m
2026-07-25 17:01:59:159 [31merror[39m: [31m401 - Invalid or expired security token. Please log in again. - /api/v1/payments - GET - ::1[39m
2026-07-25 17:01:59:159 [31merror[39m: [31mJWT Verification Error: jwt expired[39m
2026-07-25 17:01:59:159 [31merror[39m: [31m401 - Invalid or expired security token. Please log in again. - /api/v1/cases - GET - ::1[39m
2026-07-25 17:01:59:159 [31merror[39m: [31mJWT Verification Error: jwt expired[39m
2026-07-25 17:01:59:159 [31merror[39m: [31m401 - Invalid or expired security token. Please log in again. - /api/v1/advocates - GET - ::1[39m
2026-07-25 17:01:59:159 [31merror[39m: [31mJWT Verification Error: jwt expired[39m
2026-07-25 17:01:59:159 [31merror[39m: [31m401 - Invalid or expired security token. Please log in again. - /api/v1/alerts - GET - ::1[39m
2026-07-25 17:01:59:159 [31merror[39m: [31mJWT Verification Error: jwt expired[39m
2026-07-25 17:01:59:159 [31merror[39m: [31m401 - Invalid or expired security token. Please log in again. - /api/v1/lands - GET - ::1[39m
2026-07-25 17:01:59:159 [31merror[39m: [31mJWT Verification Error: jwt expired[39m
2026-07-25 17:01:59:159 [31merror[39m: [31m401 - Invalid or expired security token. Please log in again. - /api/v1/opinions - GET - ::1[39m
2026-07-25 17:01:59:159 [31merror[39m: [31mJWT Verification Error: jwt expired[39m
2026-07-25 17:01:59:159 [31merror[39m: [31m401 - Invalid or expired security token. Please log in again. - /api/v1/memberships - GET - ::1[39m
2026-07-25 17:01:59:159 [31merror[39m: [31mJWT Verification Error: jwt expired[39m
2026-07-25 17:01:59:159 [31merror[39m: [31m401 - Invalid or expired security token. Please log in again. - /api/v1/roles/roles - GET - ::1[39m
2026-07-25 17:01:59:159 [31merror[39m: [31mJWT Verification Error: jwt expired[39m
2026-07-25 17:01:59:159 [31merror[39m: [31m401 - Invalid or expired security token. Please log in again. - /api/v1/clients - GET - ::1[39m
2026-07-25 17:01:59:159 [31merror[39m: [31mJWT Verification Error: jwt expired[39m
2026-07-25 17:01:59:159 [31merror[39m: [31m401 - Invalid or expired security token. Please log in again. - /api/v1/cases - GET - ::1[39m
2026-07-25 17:01:59:159 [31merror[39m: [31mJWT Verification Error: jwt expired[39m
2026-07-25 17:01:59:159 [31merror[39m: [31m401 - Invalid or expired security token. Please log in again. - /api/v1/diary - GET - ::1[39m
2026-07-25 17:01:59:159 [31merror[39m: [31mJWT Verification Error: jwt expired[39m
2026-07-25 17:01:59:159 [31merror[39m: [31m401 - Invalid or expired security token. Please log in again. - /api/v1/daybook - GET - ::1[39m
2026-07-25 17:01:59:159 [31merror[39m: [31mJWT Verification Error: jwt expired[39m
2026-07-25 17:01:59:159 [31merror[39m: [31m401 - Invalid or expired security token. Please log in again. - /api/v1/payments - GET - ::1[39m
2026-07-25 17:01:59:159 [31merror[39m: [31mJWT Verification Error: jwt expired[39m
2026-07-25 17:01:59:159 [31merror[39m: [31m401 - Invalid or expired security token. Please log in again. - /api/v1/alerts - GET - ::1[39m
2026-07-25 17:01:59:159 [31merror[39m: [31mJWT Verification Error: jwt expired[39m
2026-07-25 17:01:59:159 [31merror[39m: [31m401 - Invalid or expired security token. Please log in again. - /api/v1/lands - GET - ::1[39m
2026-07-25 17:01:59:159 [31merror[39m: [31mJWT Verification Error: jwt expired[39m
2026-07-25 17:01:59:159 [31merror[39m: [31m401 - Invalid or expired security token. Please log in again. - /api/v1/opinions - GET - ::1[39m
2026-07-25 17:01:59:159 [31merror[39m: [31mJWT Verification Error: jwt expired[39m
2026-07-25 17:01:59:159 [31merror[39m: [31m401 - Invalid or expired security token. Please log in again. - /api/v1/memberships - GET - ::1[39m
2026-07-25 17:01:59:159 [31merror[39m: [31mJWT Verification Error: jwt expired[39m
2026-07-25 17:01:59:159 [31merror[39m: [31m401 - Invalid or expired security token. Please log in again. - /api/v1/roles/roles - GET - ::1[39m
2026-07-25 17:04:03:43 [32minfo[39m: [32mMySQL database connection established successfully.[39m
2026-07-25 17:04:03:43 [32minfo[39m: [32mServer successfully started on port 5000 in development mode.[39m
2026-07-25 17:04:05:45 [32minfo[39m: [32mMySQL database connection established successfully.[39m
2026-07-25 17:04:05:45 [32minfo[39m: [32mServer successfully started on port 5000 in development mode.[39m
2026-07-25 17:05:01:51 [32minfo[39m: [32mMySQL database connection established successfully.[39m
2026-07-25 17:05:01:51 [32minfo[39m: [32mServer successfully started on port 5000 in development mode.[39m
2026-07-25 17:15:40:1540 [31merror[39m: [31m403 - Access Denied: You do not have permission to perform this operation. - /api/v1/daybook - GET - ::1[39m
2026-07-25 17:20:07:207 [31merror[39m: [31m401 - Incorrect email or password - /api/v1/auth/login - POST - ::1[39m
2026-07-25 17:36:21:3621 [31merror[39m: [31m403 - Access Denied: You do not have permission to perform this operation. - /api/v1/daybook - GET - ::1[39m
2026-07-25 17:38:41:3841 [32minfo[39m: [32mMySQL database connection established successfully.[39m
2026-07-25 17:38:41:3841 [32minfo[39m: [32mServer successfully started on port 5000 in development mode.[39m
2026-07-25 17:38:48:3848 [32minfo[39m: [32mMySQL database connection established successfully.[39m
2026-07-25 17:38:48:3848 [32minfo[39m: [32mServer successfully started on port 5000 in development mode.[39m
2026-07-25 17:39:12:3912 [32minfo[39m: [32mMySQL database connection established successfully.[39m
2026-07-25 17:39:12:3912 [32minfo[39m: [32mServer successfully started on port 5000 in development mode.[39m
2026-07-25 17:39:40:3940 [32minfo[39m: [32mMySQL database connection established successfully.[39m
2026-07-25 17:39:40:3940 [32minfo[39m: [32mServer successfully started on port 5000 in development mode.[39m
2026-07-25 17:39:49:3949 [32minfo[39m: [32mMySQL database connection established successfully.[39m
2026-07-25 17:39:49:3949 [32minfo[39m: [32mServer successfully started on port 5000 in development mode.[39m
2026-07-25 17:40:10:4010 [32minfo[39m: [32mMySQL database connection established successfully.[39m
2026-07-25 17:40:10:4010 [32minfo[39m: [32mServer successfully started on port 5000 in development mode.[39m
2026-07-25 17:40:13:4013 [32minfo[39m: [32mMySQL database connection established successfully.[39m
2026-07-25 17:40:13:4013 [32minfo[39m: [32mServer successfully started on port 5000 in development mode.[39m
2026-07-25 17:40:16:4016 [32minfo[39m: [32mMySQL database connection established successfully.[39m
2026-07-25 17:40:16:4016 [32minfo[39m: [32mServer successfully started on port 5000 in development mode.[39m
2026-07-25 17:40:26:4026 [32minfo[39m: [32mMySQL database connection established successfully.[39m
2026-07-25 17:40:26:4026 [32minfo[39m: [32mServer successfully started on port 5000 in development mode.[39m
2026-07-25 17:40:29:4029 [32minfo[39m: [32mMySQL database connection established successfully.[39m
2026-07-25 17:40:29:4029 [32minfo[39m: [32mServer successfully started on port 5000 in development mode.[39m
2026-07-25 17:40:29:4029 [31merror[39m: [31mGetAllCases error: Your account is not linked to an advocate profile. Contact the office admin.[39m
2026-07-25 17:40:29:4029 [31merror[39m: [31m403 - Your account is not linked to an advocate profile. Contact the office admin. - /api/v1/cases - GET - ::1[39m
2026-07-25 17:40:29:4029 [31merror[39m: [31mGetAllDiaries error: Your account is not linked to an advocate profile. Contact the office admin.[39m
2026-07-25 17:40:29:4029 [31merror[39m: [31m403 - Your account is not linked to an advocate profile. Contact the office admin. - /api/v1/diary - GET - ::1[39m
2026-07-25 17:40:29:4029 [31merror[39m: [31m403 - Access Denied: You do not have permission to perform this operation. - /api/v1/daybook - GET - ::1[39m
2026-07-25 17:40:29:4029 [31merror[39m: [31mGetAllCases error: Your account is not linked to an advocate profile. Contact the office admin.[39m
2026-07-25 17:40:29:4029 [31merror[39m: [31m403 - Your account is not linked to an advocate profile. Contact the office admin. - /api/v1/cases - GET - ::1[39m
2026-07-25 17:40:29:4029 [31merror[39m: [31mGetAllDiaries error: Your account is not linked to an advocate profile. Contact the office admin.[39m
2026-07-25 17:40:29:4029 [31merror[39m: [31m403 - Your account is not linked to an advocate profile. Contact the office admin. - /api/v1/diary - GET - ::1[39m
2026-07-25 17:40:29:4029 [31merror[39m: [31m403 - Access Denied: You do not have permission to perform this operation. - /api/v1/daybook - GET - ::1[39m
2026-07-25 17:40:29:4029 [31merror[39m: [31mGetAllCases error: Your account is not linked to an advocate profile. Contact the office admin.[39m
2026-07-25 17:40:29:4029 [31merror[39m: [31m403 - Your account is not linked to an advocate profile. Contact the office admin. - /api/v1/cases - GET - ::1[39m
2026-07-25 17:40:29:4029 [31merror[39m: [31mGetAllCases error: Your account is not linked to an advocate profile. Contact the office admin.[39m
2026-07-25 17:40:29:4029 [31merror[39m: [31m403 - Your account is not linked to an advocate profile. Contact the office admin. - /api/v1/cases - GET - ::1[39m
2026-07-25 17:40:31:4031 [31merror[39m: [31mGetAllCases error: Your account is not linked to an advocate profile. Contact the office admin.[39m
2026-07-25 17:40:31:4031 [31merror[39m: [31m403 - Your account is not linked to an advocate profile. Contact the office admin. - /api/v1/cases - GET - ::1[39m
2026-07-25 17:40:37:4037 [31merror[39m: [31mGetAllCases error: Your account is not linked to an advocate profile. Contact the office admin.[39m
2026-07-25 17:40:37:4037 [31merror[39m: [31m403 - Your account is not linked to an advocate profile. Contact the office admin. - /api/v1/cases - GET - ::1[39m
2026-07-25 17:41:00:410 [31merror[39m: [31mGetAllCases error: Your account is not linked to an advocate profile. Contact the office admin.[39m
2026-07-25 17:41:00:410 [31merror[39m: [31m403 - Your account is not linked to an advocate profile. Contact the office admin. - /api/v1/cases - GET - ::1[39m
2026-07-25 17:41:41:4141 [32minfo[39m: [32mMySQL database connection established successfully.[39m
2026-07-25 17:41:41:4141 [32minfo[39m: [32mServer successfully started on port 5000 in development mode.[39m
2026-07-25 17:42:09:429 [31merror[39m: [31mGetAllCases error: Your account is not linked to an advocate profile. Contact the office admin.[39m
2026-07-25 17:42:09:429 [31merror[39m: [31m403 - Your account is not linked to an advocate profile. Contact the office admin. - /api/v1/cases - GET - ::1[39m
2026-07-25 17:42:09:429 [31merror[39m: [31mGetAllDiaries error: Your account is not linked to an advocate profile. Contact the office admin.[39m
2026-07-25 17:42:09:429 [31merror[39m: [31m403 - Your account is not linked to an advocate profile. Contact the office admin. - /api/v1/diary - GET - ::1[39m
2026-07-25 17:42:09:429 [31merror[39m: [31m403 - Access Denied: You do not have permission to perform this operation. - /api/v1/daybook - GET - ::1[39m
2026-07-25 17:42:09:429 [31merror[39m: [31mGetAllCases error: Your account is not linked to an advocate profile. Contact the office admin.[39m
2026-07-25 17:42:09:429 [31merror[39m: [31m403 - Your account is not linked to an advocate profile. Contact the office admin. - /api/v1/cases - GET - ::1[39m
2026-07-25 17:42:09:429 [31merror[39m: [31mGetAllDiaries error: Your account is not linked to an advocate profile. Contact the office admin.[39m
2026-07-25 17:42:09:429 [31merror[39m: [31m403 - Your account is not linked to an advocate profile. Contact the office admin. - /api/v1/diary - GET - ::1[39m
2026-07-25 17:42:09:429 [31merror[39m: [31m403 - Access Denied: You do not have permission to perform this operation. - /api/v1/daybook - GET - ::1[39m
2026-07-25 17:42:11:4211 [31merror[39m: [31mGetAllCases error: Your account is not linked to an advocate profile. Contact the office admin.[39m
2026-07-25 17:42:11:4211 [31merror[39m: [31m403 - Your account is not linked to an advocate profile. Contact the office admin. - /api/v1/cases - GET - ::1[39m
2026-07-25 17:42:11:4211 [31merror[39m: [31mGetAllCases error: Your account is not linked to an advocate profile. Contact the office admin.[39m
2026-07-25 17:42:11:4211 [31merror[39m: [31m403 - Your account is not linked to an advocate profile. Contact the office admin. - /api/v1/cases - GET - ::1[39m
2026-07-25 17:42:20:4220 [31merror[39m: [31mGetAllCases error: Your account is not linked to an advocate profile. Contact the office admin.[39m
2026-07-25 17:42:20:4220 [31merror[39m: [31m403 - Your account is not linked to an advocate profile. Contact the office admin. - /api/v1/cases - GET - ::1[39m
2026-07-25 17:42:20:4220 [31merror[39m: [31mGetAllCases error: Your account is not linked to an advocate profile. Contact the office admin.[39m
2026-07-25 17:42:20:4220 [31merror[39m: [31m403 - Your account is not linked to an advocate profile. Contact the office admin. - /api/v1/cases - GET - ::1[39m
2026-07-25 17:42:21:4221 [31merror[39m: [31mGetAllCases error: Your account is not linked to an advocate profile. Contact the office admin.[39m
2026-07-25 17:42:21:4221 [31merror[39m: [31m403 - Your account is not linked to an advocate profile. Contact the office admin. - /api/v1/cases - GET - ::1[39m
2026-07-25 17:42:21:4221 [31merror[39m: [31mGetAllCases error: Your account is not linked to an advocate profile. Contact the office admin.[39m
2026-07-25 17:42:21:4221 [31merror[39m: [31m403 - Your account is not linked to an advocate profile. Contact the office admin. - /api/v1/cases - GET - ::1[39m
2026-07-25 17:43:16:4316 [31merror[39m: [31m401 - Incorrect email or password - /api/v1/auth/login - POST - ::1[39m
2026-07-25 17:43:18:4318 [31merror[39m: [31m401 - Incorrect email or password - /api/v1/auth/login - POST - ::1[39m
2026-07-25 17:43:36:4336 [31merror[39m: [31m403 - Access Denied: You do not have permission to perform this operation. - /api/v1/daybook - GET - ::1[39m
2026-07-25 18:01:49:149 [31merror[39m: [31mJWT Verification Error: jwt expired[39m
2026-07-25 18:01:49:149 [31merror[39m: [31m401 - Invalid or expired security token. Please log in again. - /api/v1/daybook - GET - ::1[39m
2026-07-25 18:01:49:149 [31merror[39m: [31mJWT Verification Error: jwt expired[39m
2026-07-25 18:01:49:149 [31merror[39m: [31m401 - Invalid or expired security token. Please log in again. - /api/v1/payments - GET - ::1[39m
2026-07-25 18:01:49:149 [31merror[39m: [31mJWT Verification Error: jwt expired[39m
2026-07-25 18:01:49:149 [31merror[39m: [31m401 - Invalid or expired security token. Please log in again. - /api/v1/cases - GET - ::1[39m
2026-07-25 18:01:49:149 [31merror[39m: [31mJWT Verification Error: jwt expired[39m
2026-07-25 18:01:49:149 [31merror[39m: [31m401 - Invalid or expired security token. Please log in again. - /api/v1/clients - GET - ::1[39m
2026-07-25 18:01:49:149 [31merror[39m: [31mJWT Verification Error: jwt expired[39m
2026-07-25 18:01:49:149 [31merror[39m: [31m401 - Invalid or expired security token. Please log in again. - /api/v1/daybook - GET - ::1[39m
2026-07-25 18:01:49:149 [31merror[39m: [31mJWT Verification Error: jwt expired[39m
2026-07-25 18:01:49:149 [31merror[39m: [31m401 - Invalid or expired security token. Please log in again. - /api/v1/payments - GET - ::1[39m
2026-07-25 18:01:49:149 [31merror[39m: [31mJWT Verification Error: jwt expired[39m
2026-07-25 18:01:49:149 [31merror[39m: [31m401 - Invalid or expired security token. Please log in again. - /api/v1/cases - GET - ::1[39m
2026-07-25 18:01:49:149 [31merror[39m: [31mJWT Verification Error: jwt expired[39m
2026-07-25 18:01:49:149 [31merror[39m: [31m401 - Invalid or expired security token. Please log in again. - /api/v1/clients - GET - ::1[39m
2026-07-25 18:05:09:59 [32minfo[39m: [32mMySQL database connection established successfully.[39m
2026-07-25 18:05:09:59 [32minfo[39m: [32mServer successfully started on port 5000 in development mode.[39m
2026-07-25 18:05:10:510 [32minfo[39m: [32mMySQL database connection established successfully.[39m
2026-07-25 18:05:10:510 [32minfo[39m: [32mServer successfully started on port 5000 in development mode.[39m
2026-07-25 18:15:43:1543 [32minfo[39m: [32mShutting down server gracefully...[39m
2026-07-26 10:54:38:5438 [32minfo[39m: [32mMySQL database connection established successfully.[39m
2026-07-26 10:54:38:5438 [32minfo[39m: [32mServer successfully started on port 5000 in development mode.[39m
2026-07-26 10:54:39:5439 [32minfo[39m: [32mMySQL database connection established successfully.[39m
2026-07-26 10:54:39:5439 [32minfo[39m: [32mServer successfully started on port 5000 in development mode.[39m
2026-07-26 10:54:45:5445 [31merror[39m: [31mJWT Verification Error: jwt expired[39m
2026-07-26 10:54:45:5445 [31merror[39m: [31m401 - Invalid or expired security token. Please log in again. - /api/v1/alerts - GET - ::1[39m
2026-07-26 10:54:45:5445 [31merror[39m: [31mJWT Verification Error: jwt expired[39m
2026-07-26 10:54:45:5445 [31merror[39m: [31m401 - Invalid or expired security token. Please log in again. - /api/v1/cases - GET - ::1[39m
2026-07-26 10:54:45:5445 [31merror[39m: [31mJWT Verification Error: jwt expired[39m
2026-07-26 10:54:45:5445 [31merror[39m: [31m401 - Invalid or expired security token. Please log in again. - /api/v1/clients - GET - ::1[39m
2026-07-26 10:54:45:5445 [31merror[39m: [31mJWT Verification Error: jwt expired[39m
2026-07-26 10:54:45:5445 [31merror[39m: [31m401 - Invalid or expired security token. Please log in again. - /api/v1/advocates - GET - ::1[39m
2026-07-26 10:54:45:5445 [31merror[39m: [31mJWT Verification Error: jwt expired[39m
2026-07-26 10:54:45:5445 [31merror[39m: [31m401 - Invalid or expired security token. Please log in again. - /api/v1/diary - GET - ::1[39m
2026-07-26 10:54:45:5445 [31merror[39m: [31mJWT Verification Error: jwt expired[39m
2026-07-26 10:54:45:5445 [31merror[39m: [31m401 - Invalid or expired security token. Please log in again. - /api/v1/daybook - GET - ::1[39m
2026-07-26 10:54:45:5445 [31merror[39m: [31mJWT Verification Error: jwt expired[39m
2026-07-26 10:54:45:5445 [31merror[39m: [31m401 - Invalid or expired security token. Please log in again. - /api/v1/payments - GET - ::1[39m
2026-07-26 10:54:45:5445 [31merror[39m: [31mJWT Verification Error: jwt expired[39m
2026-07-26 10:54:45:5445 [31merror[39m: [31m401 - Invalid or expired security token. Please log in again. - /api/v1/lands - GET - ::1[39m
2026-07-26 10:54:45:5445 [31merror[39m: [31mJWT Verification Error: jwt expired[39m
2026-07-26 10:54:45:5445 [31merror[39m: [31m401 - Invalid or expired security token. Please log in again. - /api/v1/opinions - GET - ::1[39m
2026-07-26 10:54:45:5445 [31merror[39m: [31mJWT Verification Error: jwt expired[39m
2026-07-26 10:54:45:5445 [31merror[39m: [31m401 - Invalid or expired security token. Please log in again. - /api/v1/memberships - GET - ::1[39m
2026-07-26 10:54:45:5445 [31merror[39m: [31mJWT Verification Error: jwt expired[39m
2026-07-26 10:54:45:5445 [31merror[39m: [31m401 - Invalid or expired security token. Please log in again. - /api/v1/roles/roles - GET - ::1[39m
2026-07-26 10:54:45:5445 [31merror[39m: [31mJWT Verification Error: jwt expired[39m
2026-07-26 10:54:45:5445 [31merror[39m: [31m401 - Invalid or expired security token. Please log in again. - /api/v1/alerts - GET - ::1[39m
2026-07-26 10:54:45:5445 [31merror[39m: [31mJWT Verification Error: jwt expired[39m
2026-07-26 10:54:45:5445 [31merror[39m: [31m401 - Invalid or expired security token. Please log in again. - /api/v1/cases - GET - ::1[39m
2026-07-26 10:54:45:5445 [31merror[39m: [31mJWT Verification Error: jwt expired[39m
2026-07-26 10:54:45:5445 [31merror[39m: [31m401 - Invalid or expired security token. Please log in again. - /api/v1/clients - GET - ::1[39m
2026-07-26 10:54:45:5445 [31merror[39m: [31mJWT Verification Error: jwt expired[39m
2026-07-26 10:54:45:5445 [31merror[39m: [31m401 - Invalid or expired security token. Please log in again. - /api/v1/advocates - GET - ::1[39m
2026-07-26 10:54:45:5445 [31merror[39m: [31mJWT Verification Error: jwt expired[39m
2026-07-26 10:54:45:5445 [31merror[39m: [31m401 - Invalid or expired security token. Please log in again. - /api/v1/diary - GET - ::1[39m
2026-07-26 10:54:45:5445 [31merror[39m: [31mJWT Verification Error: jwt expired[39m
2026-07-26 10:54:45:5445 [31merror[39m: [31m401 - Invalid or expired security token. Please log in again. - /api/v1/daybook - GET - ::1[39m
2026-07-26 10:54:45:5445 [31merror[39m: [31mJWT Verification Error: jwt expired[39m
2026-07-26 10:54:45:5445 [31merror[39m: [31m401 - Invalid or expired security token. Please log in again. - /api/v1/opinions - GET - ::1[39m
2026-07-26 10:54:45:5445 [31merror[39m: [31mJWT Verification Error: jwt expired[39m
2026-07-26 10:54:45:5445 [31merror[39m: [31m401 - Invalid or expired security token. Please log in again. - /api/v1/payments - GET - ::1[39m
2026-07-26 10:54:45:5445 [31merror[39m: [31mJWT Verification Error: jwt expired[39m
2026-07-26 10:54:45:5445 [31merror[39m: [31m401 - Invalid or expired security token. Please log in again. - /api/v1/memberships - GET - ::1[39m
2026-07-26 10:54:45:5445 [31merror[39m: [31mJWT Verification Error: jwt expired[39m
2026-07-26 10:54:45:5445 [31merror[39m: [31m401 - Invalid or expired security token. Please log in again. - /api/v1/lands - GET - ::1[39m
2026-07-26 10:54:45:5445 [31merror[39m: [31mJWT Verification Error: jwt expired[39m
2026-07-26 10:54:45:5445 [31merror[39m: [31m401 - Invalid or expired security token. Please log in again. - /api/v1/roles/roles - GET - ::1[39m
2026-07-26 10:54:45:5445 [31merror[39m: [31mJWT Verification Error: jwt expired[39m
2026-07-26 10:54:45:5445 [31merror[39m: [31m401 - Invalid or expired security token. Please log in again. - /api/v1/alerts - GET - ::1[39m
2026-07-26 10:54:45:5445 [31merror[39m: [31mJWT Verification Error: jwt expired[39m
2026-07-26 10:54:45:5445 [31merror[39m: [31m401 - Invalid or expired security token. Please log in again. - /api/v1/alerts - GET - ::1[39m
2026-07-26 10:56:05:565 [31merror[39m: [31m401 - Incorrect email or password - /api/v1/auth/login - POST - ::1[39m
2026-07-26 10:56:40:5640 [31merror[39m: [31m403 - Access Denied: You do not have permission to perform this operation. - /api/v1/daybook - GET - ::1[39m
2026-07-26 10:57:13:5713 [31merror[39m: [31m403 - Access Denied: You do not have permission to perform this operation. - /api/v1/daybook - GET - ::1[39m
2026-07-26 10:57:13:5713 [31merror[39m: [31m403 - Access Denied: You do not have permission to perform this operation. - /api/v1/daybook - GET - ::1[39m
2026-07-26 11:06:10:610 [32minfo[39m: [32mMySQL database connection established successfully.[39m
2026-07-26 11:06:10:610 [32minfo[39m: [32mServer successfully started on port 5000 in development mode.[39m
2026-07-26 11:07:40:740 [32minfo[39m: [32mMySQL database connection established successfully.[39m
2026-07-26 11:07:40:740 [32minfo[39m: [32mServer successfully started on port 5000 in development mode.[39m
2026-07-26 11:08:06:86 [32minfo[39m: [32mMySQL database connection established successfully.[39m
2026-07-26 11:08:06:86 [32minfo[39m: [32mServer successfully started on port 5000 in development mode.[39m
2026-07-26 11:08:11:811 [32minfo[39m: [32mMySQL database connection established successfully.[39m
2026-07-26 11:08:11:811 [32minfo[39m: [32mServer successfully started on port 5000 in development mode.[39m
2026-07-26 11:09:13:913 [31merror[39m: [31m403 - Access Denied: You do not have permission to perform this operation. - /api/v1/daybook - GET - ::1[39m
2026-07-26 11:09:14:914 [31merror[39m: [31mGetAllActs error: Table 'advocate_management_system.bare_acts' doesn't exist[39m
2026-07-26 11:09:14:914 [31merror[39m: [31m500 - Table 'advocate_management_system.bare_acts' doesn't exist - /api/v1/acts - GET - ::1[39m
2026-07-26 11:09:14:914 [31merror[39m: [31mGetAllActs error: Table 'advocate_management_system.bare_acts' doesn't exist[39m
2026-07-26 11:09:14:914 [31merror[39m: [31m500 - Table 'advocate_management_system.bare_acts' doesn't exist - /api/v1/acts - GET - ::1[39m
2026-07-26 11:09:14:914 [31merror[39m: [31mGetAllAmendments error: Table 'advocate_management_system.amendments' doesn't exist[39m
2026-07-26 11:09:14:914 [31merror[39m: [31mGetAllAmendments error: Table 'advocate_management_system.amendments' doesn't exist[39m
2026-07-26 11:09:14:914 [31merror[39m: [31m500 - Table 'advocate_management_system.amendments' doesn't exist - /api/v1/amendments - GET - ::1[39m
2026-07-26 11:09:14:914 [31merror[39m: [31m500 - Table 'advocate_management_system.amendments' doesn't exist - /api/v1/amendments - GET - ::1[39m
2026-07-26 11:10:49:1049 [32minfo[39m: [32mMySQL database connection established successfully.[39m
2026-07-26 11:10:49:1049 [32minfo[39m: [32mServer successfully started on port 5000 in development mode.[39m
2026-07-26 11:11:00:110 [32minfo[39m: [32mMySQL database connection established successfully.[39m
2026-07-26 11:11:00:110 [32minfo[39m: [32mServer successfully started on port 5000 in development mode.[39m
2026-07-26 11:11:02:112 [32minfo[39m: [32mMySQL database connection established successfully.[39m
2026-07-26 11:11:02:112 [32minfo[39m: [32mServer successfully started on port 5000 in development mode.[39m
2026-07-26 11:11:05:115 [32minfo[39m: [32mMySQL database connection established successfully.[39m
2026-07-26 11:11:05:115 [32minfo[39m: [32mServer successfully started on port 5000 in development mode.[39m
2026-07-26 11:11:08:118 [32minfo[39m: [32mMySQL database connection established successfully.[39m
2026-07-26 11:11:08:118 [32minfo[39m: [32mServer successfully started on port 5000 in development mode.[39m
2026-07-26 11:11:40:1140 [31merror[39m: [31mJWT Verification Error: jwt expired[39m
2026-07-26 11:11:40:1140 [31merror[39m: [31m401 - Invalid or expired security token. Please log in again. - /api/v1/cases - GET - ::1[39m
2026-07-26 11:11:40:1140 [31merror[39m: [31mJWT Verification Error: jwt expired[39m
2026-07-26 11:11:40:1140 [31merror[39m: [31m401 - Invalid or expired security token. Please log in again. - /api/v1/clients - GET - ::1[39m
2026-07-26 11:11:40:1140 [31merror[39m: [31mJWT Verification Error: jwt expired[39m
2026-07-26 11:11:40:1140 [31merror[39m: [31m401 - Invalid or expired security token. Please log in again. - /api/v1/advocates - GET - ::1[39m
2026-07-26 11:11:40:1140 [31merror[39m: [31mJWT Verification Error: jwt expired[39m
2026-07-26 11:11:40:1140 [31merror[39m: [31m401 - Invalid or expired security token. Please log in again. - /api/v1/diary - GET - ::1[39m
2026-07-26 11:11:40:1140 [31merror[39m: [31mJWT Verification Error: jwt expired[39m
2026-07-26 11:11:40:1140 [31merror[39m: [31m401 - Invalid or expired security token. Please log in again. - /api/v1/daybook - GET - ::1[39m
2026-07-26 11:11:40:1140 [31merror[39m: [31mJWT Verification Error: jwt expired[39m
2026-07-26 11:11:40:1140 [31merror[39m: [31m401 - Invalid or expired security token. Please log in again. - /api/v1/payments - GET - ::1[39m
2026-07-26 11:11:40:1140 [31merror[39m: [31mJWT Verification Error: jwt expired[39m
2026-07-26 11:11:40:1140 [31merror[39m: [31m401 - Invalid or expired security token. Please log in again. - /api/v1/alerts - GET - ::1[39m
2026-07-26 11:11:40:1140 [31merror[39m: [31mJWT Verification Error: jwt expired[39m
2026-07-26 11:11:40:1140 [31merror[39m: [31m401 - Invalid or expired security token. Please log in again. - /api/v1/lands - GET - ::1[39m
2026-07-26 11:11:40:1140 [31merror[39m: [31mJWT Verification Error: jwt expired[39m
2026-07-26 11:11:40:1140 [31merror[39m: [31m401 - Invalid or expired security token. Please log in again. - /api/v1/opinions - GET - ::1[39m
2026-07-26 11:11:40:1140 [31merror[39m: [31mJWT Verification Error: jwt expired[39m
2026-07-26 11:11:40:1140 [31merror[39m: [31m401 - Invalid or expired security token. Please log in again. - /api/v1/memberships - GET - ::1[39m
2026-07-26 11:11:40:1140 [31merror[39m: [31mJWT Verification Error: jwt expired[39m
2026-07-26 11:11:40:1140 [31merror[39m: [31m401 - Invalid or expired security token. Please log in again. - /api/v1/acts - GET - ::1[39m
2026-07-26 11:11:40:1140 [31merror[39m: [31mJWT Verification Error: jwt expired[39m
2026-07-26 11:11:40:1140 [31merror[39m: [31m401 - Invalid or expired security token. Please log in again. - /api/v1/amendments - GET - ::1[39m
2026-07-26 11:11:40:1140 [31merror[39m: [31mJWT Verification Error: jwt expired[39m
2026-07-26 11:11:40:1140 [31merror[39m: [31m401 - Invalid or expired security token. Please log in again. - /api/v1/roles/roles - GET - ::1[39m
2026-07-26 11:11:40:1140 [31merror[39m: [31mJWT Verification Error: jwt expired[39m
2026-07-26 11:11:40:1140 [31merror[39m: [31m401 - Invalid or expired security token. Please log in again. - /api/v1/cases - GET - ::1[39m
2026-07-26 11:11:40:1140 [31merror[39m: [31mJWT Verification Error: jwt expired[39m
2026-07-26 11:11:40:1140 [31merror[39m: [31m401 - Invalid or expired security token. Please log in again. - /api/v1/clients - GET - ::1[39m
2026-07-26 11:11:40:1140 [31merror[39m: [31mJWT Verification Error: jwt expired[39m
2026-07-26 11:11:40:1140 [31merror[39m: [31m401 - Invalid or expired security token. Please log in again. - /api/v1/advocates - GET - ::1[39m
2026-07-26 11:11:40:1140 [31merror[39m: [31mJWT Verification Error: jwt expired[39m
2026-07-26 11:11:40:1140 [31merror[39m: [31m401 - Invalid or expired security token. Please log in again. - /api/v1/diary - GET - ::1[39m
2026-07-26 11:11:40:1140 [31merror[39m: [31mJWT Verification Error: jwt expired[39m
2026-07-26 11:11:40:1140 [31merror[39m: [31m401 - Invalid or expired security token. Please log in again. - /api/v1/payments - GET - ::1[39m
2026-07-26 11:11:40:1140 [31merror[39m: [31mJWT Verification Error: jwt expired[39m
2026-07-26 11:11:40:1140 [31merror[39m: [31m401 - Invalid or expired security token. Please log in again. - /api/v1/daybook - GET - ::1[39m
2026-07-26 11:11:40:1140 [31merror[39m: [31mJWT Verification Error: jwt expired[39m
2026-07-26 11:11:40:1140 [31merror[39m: [31m401 - Invalid or expired security token. Please log in again. - /api/v1/alerts - GET - ::1[39m
2026-07-26 11:11:40:1140 [31merror[39m: [31mJWT Verification Error: jwt expired[39m
2026-07-26 11:11:40:1140 [31merror[39m: [31m401 - Invalid or expired security token. Please log in again. - /api/v1/opinions - GET - ::1[39m
2026-07-26 11:11:40:1140 [31merror[39m: [31mJWT Verification Error: jwt expired[39m
2026-07-26 11:11:40:1140 [31merror[39m: [31m401 - Invalid or expired security token. Please log in again. - /api/v1/acts - GET - ::1[39m
2026-07-26 11:11:40:1140 [31merror[39m: [31mJWT Verification Error: jwt expired[39m
2026-07-26 11:11:40:1140 [31merror[39m: [31m401 - Invalid or expired security token. Please log in again. - /api/v1/memberships - GET - ::1[39m
2026-07-26 11:11:40:1140 [31merror[39m: [31mJWT Verification Error: jwt expired[39m
2026-07-26 11:11:40:1140 [31merror[39m: [31m401 - Invalid or expired security token. Please log in again. - /api/v1/lands - GET - ::1[39m
2026-07-26 11:11:40:1140 [31merror[39m: [31mJWT Verification Error: jwt expired[39m
2026-07-26 11:11:40:1140 [31merror[39m: [31m401 - Invalid or expired security token. Please log in again. - /api/v1/amendments - GET - ::1[39m
2026-07-26 11:11:40:1140 [31merror[39m: [31mJWT Verification Error: jwt expired[39m
2026-07-26 11:11:40:1140 [31merror[39m: [31m401 - Invalid or expired security token. Please log in again. - /api/v1/roles/roles - GET - ::1[39m
2026-07-26 11:11:41:1141 [31merror[39m: [31mGetAllActs error: Table 'advocate_management_system.bare_acts' doesn't exist[39m
2026-07-26 11:11:41:1141 [31merror[39m: [31m500 - Table 'advocate_management_system.bare_acts' doesn't exist - /api/v1/acts - GET - ::1[39m
2026-07-26 11:11:41:1141 [31merror[39m: [31mGetAllAmendments error: Table 'advocate_management_system.amendments' doesn't exist[39m
2026-07-26 11:11:41:1141 [31merror[39m: [31m500 - Table 'advocate_management_system.amendments' doesn't exist - /api/v1/amendments - GET - ::1[39m
2026-07-26 11:11:41:1141 [31merror[39m: [31mGetAllActs error: Table 'advocate_management_system.bare_acts' doesn't exist[39m
2026-07-26 11:11:41:1141 [31merror[39m: [31m500 - Table 'advocate_management_system.bare_acts' doesn't exist - /api/v1/acts - GET - ::1[39m
2026-07-26 11:11:41:1141 [31merror[39m: [31mGetAllAmendments error: Table 'advocate_management_system.amendments' doesn't exist[39m
2026-07-26 11:11:41:1141 [31merror[39m: [31m500 - Table 'advocate_management_system.amendments' doesn't exist - /api/v1/amendments - GET - ::1[39m
2026-07-26 11:12:04:124 [32minfo[39m: [32mMySQL database connection established successfully.[39m
2026-07-26 11:12:04:124 [32minfo[39m: [32mServer successfully started on port 5000 in development mode.[39m
2026-07-26 11:13:47:1347 [32minfo[39m: [32mMySQL database connection established successfully.[39m
2026-07-26 11:13:47:1347 [32minfo[39m: [32mServer successfully started on port 5000 in development mode.[39m
2026-07-26 11:14:02:142 [32minfo[39m: [32mMySQL database connection established successfully.[39m
2026-07-26 11:14:02:142 [32minfo[39m: [32mServer successfully started on port 5000 in development mode.[39m
2026-07-26 11:14:10:1410 [32minfo[39m: [32mMySQL database connection established successfully.[39m
2026-07-26 11:14:10:1410 [32minfo[39m: [32mServer successfully started on port 5000 in development mode.[39m
2026-07-26 11:14:15:1415 [32minfo[39m: [32mMySQL database connection established successfully.[39m
2026-07-26 11:14:15:1415 [32minfo[39m: [32mServer successfully started on port 5000 in development mode.[39m
2026-07-26 11:16:04:164 [32minfo[39m: [32mMySQL database connection established successfully.[39m
2026-07-26 11:16:04:164 [32minfo[39m: [32mServer successfully started on port 5000 in development mode.[39m
2026-07-26 11:17:34:1734 [32minfo[39m: [32mMySQL database connection established successfully.[39m
2026-07-26 11:17:34:1734 [32minfo[39m: [32mAlert scanner scheduled daily at midnight (0 0 * * *).[39m
2026-07-26 11:17:34:1734 [32minfo[39m: [32mServer successfully started on port 5000 in development mode.[39m
2026-07-26 11:17:44:1744 [32minfo[39m: [32mMySQL database connection established successfully.[39m
2026-07-26 11:17:44:1744 [32minfo[39m: [32mAlert scanner scheduled daily at midnight (0 0 * * *).[39m
2026-07-26 11:17:44:1744 [32minfo[39m: [32mServer successfully started on port 5000 in development mode.[39m
2026-07-26 11:18:43:1843 [32minfo[39m: [32mMySQL database connection established successfully.[39m
2026-07-26 11:18:43:1843 [32minfo[39m: [32mAlert scanner scheduled daily at midnight (0 0 * * *).[39m
2026-07-26 11:18:43:1843 [32minfo[39m: [32mServer successfully started on port 5000 in development mode.[39m
2026-07-26 11:20:39:2039 [32minfo[39m: [32mMySQL database connection established successfully.[39m
2026-07-26 11:20:39:2039 [32minfo[39m: [32mAlert scanner scheduled daily at midnight (0 0 * * *).[39m
2026-07-26 11:20:39:2039 [32minfo[39m: [32mServer successfully started on port 5000 in development mode.[39m
2026-07-26 11:20:39:2039 [31merror[39m: [31mJWT Verification Error: jwt expired[39m
2026-07-26 11:20:39:2039 [31merror[39m: [31m401 - Invalid or expired security token. Please log in again. - /api/v1/diary - GET - ::1[39m
2026-07-26 11:20:39:2039 [31merror[39m: [31mJWT Verification Error: jwt expired[39m
2026-07-26 11:20:39:2039 [31merror[39m: [31m401 - Invalid or expired security token. Please log in again. - /api/v1/cases - GET - ::1[39m
2026-07-26 11:20:39:2039 [31merror[39m: [31mJWT Verification Error: jwt expired[39m
2026-07-26 11:20:39:2039 [31merror[39m: [31m401 - Invalid or expired security token. Please log in again. - /api/v1/advocates - GET - ::1[39m
2026-07-26 11:20:39:2039 [31merror[39m: [31mJWT Verification Error: jwt expired[39m
2026-07-26 11:20:39:2039 [31merror[39m: [31m401 - Invalid or expired security token. Please log in again. - /api/v1/clients - GET - ::1[39m
2026-07-26 11:20:39:2039 [31merror[39m: [31mJWT Verification Error: jwt expired[39m
2026-07-26 11:20:39:2039 [31merror[39m: [31m401 - Invalid or expired security token. Please log in again. - /api/v1/daybook - GET - ::1[39m
2026-07-26 11:20:39:2039 [31merror[39m: [31mJWT Verification Error: jwt expired[39m
2026-07-26 11:20:39:2039 [31merror[39m: [31m401 - Invalid or expired security token. Please log in again. - /api/v1/payments - GET - ::1[39m
2026-07-26 11:20:39:2039 [31merror[39m: [31mJWT Verification Error: jwt expired[39m
2026-07-26 11:20:39:2039 [31merror[39m: [31m401 - Invalid or expired security token. Please log in again. - /api/v1/alerts - GET - ::1[39m
2026-07-26 11:20:39:2039 [31merror[39m: [31mJWT Verification Error: jwt expired[39m
2026-07-26 11:20:39:2039 [31merror[39m: [31m401 - Invalid or expired security token. Please log in again. - /api/v1/lands - GET - ::1[39m
2026-07-26 11:20:39:2039 [31merror[39m: [31mJWT Verification Error: jwt expired[39m
2026-07-26 11:20:39:2039 [31merror[39m: [31m401 - Invalid or expired security token. Please log in again. - /api/v1/opinions - GET - ::1[39m
2026-07-26 11:20:39:2039 [31merror[39m: [31mJWT Verification Error: jwt expired[39m
2026-07-26 11:20:39:2039 [31merror[39m: [31m401 - Invalid or expired security token. Please log in again. - /api/v1/memberships - GET - ::1[39m
2026-07-26 11:20:39:2039 [31merror[39m: [31mJWT Verification Error: jwt expired[39m
2026-07-26 11:20:39:2039 [31merror[39m: [31m401 - Invalid or expired security token. Please log in again. - /api/v1/acts - GET - ::1[39m
2026-07-26 11:20:39:2039 [31merror[39m: [31mJWT Verification Error: jwt expired[39m
2026-07-26 11:20:39:2039 [31merror[39m: [31m401 - Invalid or expired security token. Please log in again. - /api/v1/amendments - GET - ::1[39m
2026-07-26 11:20:39:2039 [31merror[39m: [31mJWT Verification Error: jwt expired[39m
2026-07-26 11:20:39:2039 [31merror[39m: [31m401 - Invalid or expired security token. Please log in again. - /api/v1/roles/roles - GET - ::1[39m
2026-07-26 11:20:39:2039 [31merror[39m: [31mJWT Verification Error: jwt expired[39m
2026-07-26 11:20:39:2039 [31merror[39m: [31m401 - Invalid or expired security token. Please log in again. - /api/v1/diary - GET - ::1[39m
2026-07-26 11:20:39:2039 [31merror[39m: [31mJWT Verification Error: jwt expired[39m
2026-07-26 11:20:39:2039 [31merror[39m: [31m401 - Invalid or expired security token. Please log in again. - /api/v1/advocates - GET - ::1[39m
2026-07-26 11:20:39:2039 [31merror[39m: [31mJWT Verification Error: jwt expired[39m
2026-07-26 11:20:39:2039 [31merror[39m: [31m401 - Invalid or expired security token. Please log in again. - /api/v1/cases - GET - ::1[39m
2026-07-26 11:20:39:2039 [31merror[39m: [31mJWT Verification Error: jwt expired[39m
2026-07-26 11:20:39:2039 [31merror[39m: [31m401 - Invalid or expired security token. Please log in again. - /api/v1/clients - GET - ::1[39m
2026-07-26 11:20:39:2039 [31merror[39m: [31mJWT Verification Error: jwt expired[39m
2026-07-26 11:20:39:2039 [31merror[39m: [31m401 - Invalid or expired security token. Please log in again. - /api/v1/daybook - GET - ::1[39m
2026-07-26 11:20:39:2039 [31merror[39m: [31mGetAllActs error: Table 'advocate_management_system.bare_acts' doesn't exist[39m
2026-07-26 11:20:39:2039 [31merror[39m: [31m500 - Table 'advocate_management_system.bare_acts' doesn't exist - /api/v1/acts - GET - ::1[39m
2026-07-26 11:20:39:2039 [31merror[39m: [31mGetAllAmendments error: Table 'advocate_management_system.amendments' doesn't exist[39m
2026-07-26 11:20:39:2039 [31merror[39m: [31m500 - Table 'advocate_management_system.amendments' doesn't exist - /api/v1/amendments - GET - ::1[39m
2026-07-26 11:20:39:2039 [31merror[39m: [31mJWT Verification Error: jwt expired[39m
2026-07-26 11:20:39:2039 [31merror[39m: [31m401 - Invalid or expired security token. Please log in again. - /api/v1/payments - GET - ::1[39m
2026-07-26 11:20:39:2039 [31merror[39m: [31mJWT Verification Error: jwt expired[39m
2026-07-26 11:20:39:2039 [31merror[39m: [31m401 - Invalid or expired security token. Please log in again. - /api/v1/lands - GET - ::1[39m
2026-07-26 11:20:39:2039 [31merror[39m: [31mJWT Verification Error: jwt expired[39m
2026-07-26 11:20:39:2039 [31merror[39m: [31m401 - Invalid or expired security token. Please log in again. - /api/v1/opinions - GET - ::1[39m
2026-07-26 11:20:39:2039 [31merror[39m: [31mJWT Verification Error: jwt expired[39m
2026-07-26 11:20:39:2039 [31merror[39m: [31m401 - Invalid or expired security token. Please log in again. - /api/v1/alerts - GET - ::1[39m
2026-07-26 11:20:39:2039 [31merror[39m: [31mJWT Verification Error: jwt expired[39m
2026-07-26 11:20:39:2039 [31merror[39m: [31m401 - Invalid or expired security token. Please log in again. - /api/v1/memberships - GET - ::1[39m
2026-07-26 11:20:39:2039 [31merror[39m: [31mJWT Verification Error: jwt expired[39m
2026-07-26 11:20:39:2039 [31merror[39m: [31m401 - Invalid or expired security token. Please log in again. - /api/v1/acts - GET - ::1[39m
2026-07-26 11:20:39:2039 [31merror[39m: [31mJWT Verification Error: jwt expired[39m
2026-07-26 11:20:39:2039 [31merror[39m: [31m401 - Invalid or expired security token. Please log in again. - /api/v1/amendments - GET - ::1[39m
2026-07-26 11:20:39:2039 [31merror[39m: [31mJWT Verification Error: jwt expired[39m
2026-07-26 11:20:39:2039 [31merror[39m: [31m401 - Invalid or expired security token. Please log in again. - /api/v1/diary - GET - ::1[39m
2026-07-26 11:20:39:2039 [31merror[39m: [31mJWT Verification Error: jwt expired[39m
2026-07-26 11:20:39:2039 [31merror[39m: [31m401 - Invalid or expired security token. Please log in again. - /api/v1/cases - GET - ::1[39m
2026-07-26 11:20:39:2039 [31merror[39m: [31mJWT Verification Error: jwt expired[39m
2026-07-26 11:20:39:2039 [31merror[39m: [31m401 - Invalid or expired security token. Please log in again. - /api/v1/advocates - GET - ::1[39m
2026-07-26 11:20:39:2039 [31merror[39m: [31mJWT Verification Error: jwt expired[39m
2026-07-26 11:20:39:2039 [31merror[39m: [31m401 - Invalid or expired security token. Please log in again. - /api/v1/clients - GET - ::1[39m
2026-07-26 11:20:39:2039 [31merror[39m: [31mJWT Verification Error: jwt expired[39m
2026-07-26 11:20:39:2039 [31merror[39m: [31m401 - Invalid or expired security token. Please log in again. - /api/v1/daybook - GET - ::1[39m
2026-07-26 11:20:39:2039 [31merror[39m: [31mJWT Verification Error: jwt expired[39m
2026-07-26 11:20:39:2039 [31merror[39m: [31m401 - Invalid or expired security token. Please log in again. - /api/v1/payments - GET - ::1[39m
2026-07-26 11:20:39:2039 [31merror[39m: [31mJWT Verification Error: jwt expired[39m
2026-07-26 11:20:39:2039 [31merror[39m: [31m401 - Invalid or expired security token. Please log in again. - /api/v1/opinions - GET - ::1[39m
2026-07-26 11:20:39:2039 [31merror[39m: [31mJWT Verification Error: jwt expired[39m
2026-07-26 11:20:39:2039 [31merror[39m: [31m401 - Invalid or expired security token. Please log in again. - /api/v1/lands - GET - ::1[39m
2026-07-26 11:20:39:2039 [31merror[39m: [31mJWT Verification Error: jwt expired[39m
2026-07-26 11:20:39:2039 [31merror[39m: [31m401 - Invalid or expired security token. Please log in again. - /api/v1/memberships - GET - ::1[39m
2026-07-26 11:20:39:2039 [31merror[39m: [31mJWT Verification Error: jwt expired[39m
2026-07-26 11:20:39:2039 [31merror[39m: [31m401 - Invalid or expired security token. Please log in again. - /api/v1/alerts - GET - ::1[39m
2026-07-26 11:20:39:2039 [31merror[39m: [31mJWT Verification Error: jwt expired[39m
2026-07-26 11:20:39:2039 [31merror[39m: [31m401 - Invalid or expired security token. Please log in again. - /api/v1/acts - GET - ::1[39m
2026-07-26 11:20:39:2039 [31merror[39m: [31mJWT Verification Error: jwt expired[39m
2026-07-26 11:20:39:2039 [31merror[39m: [31m401 - Invalid or expired security token. Please log in again. - /api/v1/amendments - GET - ::1[39m
2026-07-26 11:20:39:2039 [31merror[39m: [31mJWT Verification Error: jwt expired[39m
2026-07-26 11:20:39:2039 [31merror[39m: [31m401 - Invalid or expired security token. Please log in again. - /api/v1/diary - GET - ::1[39m
2026-07-26 11:20:39:2039 [31merror[39m: [31mJWT Verification Error: jwt expired[39m
2026-07-26 11:20:39:2039 [31merror[39m: [31m401 - Invalid or expired security token. Please log in again. - /api/v1/cases - GET - ::1[39m
2026-07-26 11:20:39:2039 [31merror[39m: [31mJWT Verification Error: jwt expired[39m
2026-07-26 11:20:39:2039 [31merror[39m: [31m401 - Invalid or expired security token. Please log in again. - /api/v1/advocates - GET - ::1[39m
2026-07-26 11:20:39:2039 [31merror[39m: [31mGetAllActs error: Table 'advocate_management_system.bare_acts' doesn't exist[39m
2026-07-26 11:20:39:2039 [31merror[39m: [31m500 - Table 'advocate_management_system.bare_acts' doesn't exist - /api/v1/acts - GET - ::1[39m
2026-07-26 11:20:39:2039 [31merror[39m: [31m403 - Access Denied: You do not have permission to perform this operation. - /api/v1/daybook - GET - ::1[39m
2026-07-26 11:20:39:2039 [31merror[39m: [31mGetAllAmendments error: Table 'advocate_management_system.amendments' doesn't exist[39m
2026-07-26 11:20:39:2039 [31merror[39m: [31m500 - Table 'advocate_management_system.amendments' doesn't exist - /api/v1/amendments - GET - ::1[39m
2026-07-26 11:20:40:2040 [31merror[39m: [31mJWT Verification Error: jwt expired[39m
2026-07-26 11:20:40:2040 [31merror[39m: [31m401 - Invalid or expired security token. Please log in again. - /api/v1/diary - GET - ::1[39m
2026-07-26 11:20:40:2040 [31merror[39m: [31mJWT Verification Error: jwt expired[39m
2026-07-26 11:20:40:2040 [31merror[39m: [31m401 - Invalid or expired security token. Please log in again. - /api/v1/cases - GET - ::1[39m
2026-07-26 11:20:40:2040 [31merror[39m: [31mJWT Verification Error: jwt expired[39m
2026-07-26 11:20:40:2040 [31merror[39m: [31m401 - Invalid or expired security token. Please log in again. - /api/v1/advocates - GET - ::1[39m
2026-07-26 11:20:40:2040 [31merror[39m: [31mGetAllActs error: Table 'advocate_management_system.bare_acts' doesn't exist[39m
2026-07-26 11:20:40:2040 [31merror[39m: [31m500 - Table 'advocate_management_system.bare_acts' doesn't exist - /api/v1/acts - GET - ::1[39m
2026-07-26 11:20:40:2040 [31merror[39m: [31mGetAllAmendments error: Table 'advocate_management_system.amendments' doesn't exist[39m
2026-07-26 11:20:40:2040 [31merror[39m: [31m403 - Access Denied: You do not have permission to perform this operation. - /api/v1/daybook - GET - ::1[39m
2026-07-26 11:20:40:2040 [31merror[39m: [31mGetAllActs error: Table 'advocate_management_system.bare_acts' doesn't exist[39m
2026-07-26 11:20:40:2040 [31merror[39m: [31m500 - Table 'advocate_management_system.bare_acts' doesn't exist - /api/v1/acts - GET - ::1[39m
2026-07-26 11:20:40:2040 [31merror[39m: [31m500 - Table 'advocate_management_system.amendments' doesn't exist - /api/v1/amendments - GET - ::1[39m
2026-07-26 11:20:40:2040 [31merror[39m: [31mGetAllAmendments error: Table 'advocate_management_system.amendments' doesn't exist[39m
2026-07-26 11:20:40:2040 [31merror[39m: [31m500 - Table 'advocate_management_system.amendments' doesn't exist - /api/v1/amendments - GET - ::1[39m
2026-07-26 11:20:40:2040 [31merror[39m: [31mJWT Verification Error: jwt expired[39m
2026-07-26 11:20:40:2040 [31merror[39m: [31m401 - Invalid or expired security token. Please log in again. - /api/v1/diary - GET - ::1[39m
2026-07-26 11:20:40:2040 [31merror[39m: [31mJWT Verification Error: jwt expired[39m
2026-07-26 11:20:40:2040 [31merror[39m: [31m401 - Invalid or expired security token. Please log in again. - /api/v1/advocates - GET - ::1[39m
2026-07-26 11:20:40:2040 [31merror[39m: [31mJWT Verification Error: jwt expired[39m
2026-07-26 11:20:40:2040 [31merror[39m: [31m401 - Invalid or expired security token. Please log in again. - /api/v1/cases - GET - ::1[39m
2026-07-26 11:20:40:2040 [31merror[39m: [31mGetAllActs error: Table 'advocate_management_system.bare_acts' doesn't exist[39m
2026-07-26 11:20:40:2040 [31merror[39m: [31m500 - Table 'advocate_management_system.bare_acts' doesn't exist - /api/v1/acts - GET - ::1[39m
2026-07-26 11:20:40:2040 [31merror[39m: [31mGetAllAmendments error: Table 'advocate_management_system.amendments' doesn't exist[39m
2026-07-26 11:20:40:2040 [31merror[39m: [31m500 - Table 'advocate_management_system.amendments' doesn't exist - /api/v1/amendments - GET - ::1[39m
2026-07-26 11:20:40:2040 [31merror[39m: [31m403 - Access Denied: You do not have permission to perform this operation. - /api/v1/daybook - GET - ::1[39m
2026-07-26 11:20:40:2040 [31merror[39m: [31mGetAllActs error: Table 'advocate_management_system.bare_acts' doesn't exist[39m
2026-07-26 11:20:40:2040 [31merror[39m: [31m500 - Table 'advocate_management_system.bare_acts' doesn't exist - /api/v1/acts - GET - ::1[39m
2026-07-26 11:20:40:2040 [31merror[39m: [31mGetAllAmendments error: Table 'advocate_management_system.amendments' doesn't exist[39m
2026-07-26 11:20:40:2040 [31merror[39m: [31m500 - Table 'advocate_management_system.amendments' doesn't exist - /api/v1/amendments - GET - ::1[39m
2026-07-26 11:21:14:2114 [32minfo[39m: [32mMySQL database connection established successfully.[39m
2026-07-26 11:21:15:2115 [32minfo[39m: [32mAlert scanner scheduled daily at midnight (0 0 * * *).[39m
2026-07-26 11:21:15:2115 [32minfo[39m: [32mServer successfully started on port 5000 in development mode.[39m
2026-07-26 11:38:44:3844 [31merror[39m: [31mJWT Verification Error: jwt expired[39m
2026-07-26 11:38:44:3844 [31merror[39m: [31m401 - Invalid or expired security token. Please log in again. - /api/v1/cases - GET - ::1[39m
2026-07-26 11:38:44:3844 [31merror[39m: [31mJWT Verification Error: jwt expired[39m
2026-07-26 11:38:44:3844 [31merror[39m: [31m401 - Invalid or expired security token. Please log in again. - /api/v1/clients - GET - ::1[39m
2026-07-26 11:38:44:3844 [31merror[39m: [31mJWT Verification Error: jwt expired[39m
2026-07-26 11:38:44:3844 [31merror[39m: [31m401 - Invalid or expired security token. Please log in again. - /api/v1/advocates - GET - ::1[39m
2026-07-26 11:38:44:3844 [31merror[39m: [31mJWT Verification Error: jwt expired[39m
2026-07-26 11:38:44:3844 [31merror[39m: [31m401 - Invalid or expired security token. Please log in again. - /api/v1/diary - GET - ::1[39m
2026-07-26 11:38:44:3844 [31merror[39m: [31mJWT Verification Error: jwt expired[39m
2026-07-26 11:38:44:3844 [31merror[39m: [31m401 - Invalid or expired security token. Please log in again. - /api/v1/daybook - GET - ::1[39m
2026-07-26 11:38:44:3844 [31merror[39m: [31mJWT Verification Error: jwt expired[39m
2026-07-26 11:38:44:3844 [31merror[39m: [31m401 - Invalid or expired security token. Please log in again. - /api/v1/payments - GET - ::1[39m
2026-07-26 11:38:44:3844 [31merror[39m: [31mJWT Verification Error: jwt expired[39m
2026-07-26 11:38:44:3844 [31merror[39m: [31m401 - Invalid or expired security token. Please log in again. - /api/v1/alerts - GET - ::1[39m
2026-07-26 11:38:44:3844 [31merror[39m: [31mJWT Verification Error: jwt expired[39m
2026-07-26 11:38:44:3844 [31merror[39m: [31m401 - Invalid or expired security token. Please log in again. - /api/v1/opinions - GET - ::1[39m
2026-07-26 11:38:44:3844 [31merror[39m: [31mJWT Verification Error: jwt expired[39m
2026-07-26 11:38:44:3844 [31merror[39m: [31m401 - Invalid or expired security token. Please log in again. - /api/v1/memberships - GET - ::1[39m
2026-07-26 11:38:44:3844 [31merror[39m: [31mJWT Verification Error: jwt expired[39m
2026-07-26 11:38:44:3844 [31merror[39m: [31m401 - Invalid or expired security token. Please log in again. - /api/v1/lands - GET - ::1[39m
2026-07-26 11:38:44:3844 [31merror[39m: [31mJWT Verification Error: jwt expired[39m
2026-07-26 11:38:44:3844 [31merror[39m: [31m401 - Invalid or expired security token. Please log in again. - /api/v1/acts - GET - ::1[39m
2026-07-26 11:38:44:3844 [31merror[39m: [31mJWT Verification Error: jwt expired[39m
2026-07-26 11:38:44:3844 [31merror[39m: [31m401 - Invalid or expired security token. Please log in again. - /api/v1/cases - GET - ::1[39m
2026-07-26 11:38:45:3845 [31merror[39m: [31mJWT Verification Error: jwt expired[39m
2026-07-26 11:38:45:3845 [31merror[39m: [31m401 - Invalid or expired security token. Please log in again. - /api/v1/clients - GET - ::1[39m
2026-07-26 11:38:45:3845 [31merror[39m: [31mJWT Verification Error: jwt expired[39m
2026-07-26 11:38:45:3845 [31merror[39m: [31m401 - Invalid or expired security token. Please log in again. - /api/v1/cases - GET - ::1[39m
2026-07-26 11:38:45:3845 [31merror[39m: [31mJWT Verification Error: jwt expired[39m
2026-07-26 11:38:45:3845 [31merror[39m: [31m401 - Invalid or expired security token. Please log in again. - /api/v1/advocates - GET - ::1[39m
2026-07-26 11:38:45:3845 [31merror[39m: [31mJWT Verification Error: jwt expired[39m
2026-07-26 11:38:45:3845 [31merror[39m: [31m401 - Invalid or expired security token. Please log in again. - /api/v1/diary - GET - ::1[39m
2026-07-26 11:38:45:3845 [31merror[39m: [31mJWT Verification Error: jwt expired[39m
2026-07-26 11:38:45:3845 [31merror[39m: [31m401 - Invalid or expired security token. Please log in again. - /api/v1/opinions - GET - ::1[39m
2026-07-26 11:38:45:3845 [31merror[39m: [31mJWT Verification Error: jwt expired[39m
2026-07-26 11:38:45:3845 [31merror[39m: [31m401 - Invalid or expired security token. Please log in again. - /api/v1/memberships - GET - ::1[39m
2026-07-26 11:38:45:3845 [31merror[39m: [31mJWT Verification Error: jwt expired[39m
2026-07-26 11:38:45:3845 [31merror[39m: [31m401 - Invalid or expired security token. Please log in again. - /api/v1/daybook - GET - ::1[39m
2026-07-26 11:38:45:3845 [31merror[39m: [31mJWT Verification Error: jwt expired[39m
2026-07-26 11:38:45:3845 [31merror[39m: [31m401 - Invalid or expired security token. Please log in again. - /api/v1/payments - GET - ::1[39m
2026-07-26 11:38:45:3845 [31merror[39m: [31mJWT Verification Error: jwt expired[39m
2026-07-26 11:38:46:3846 [31merror[39m: [31m401 - Invalid or expired security token. Please log in again. - /api/v1/alerts - GET - ::1[39m
2026-07-26 11:38:46:3846 [31merror[39m: [31mJWT Verification Error: jwt expired[39m
2026-07-26 11:38:46:3846 [31merror[39m: [31m401 - Invalid or expired security token. Please log in again. - /api/v1/lands - GET - ::1[39m
2026-07-26 11:38:46:3846 [31merror[39m: [31mJWT Verification Error: jwt expired[39m
2026-07-26 11:38:46:3846 [31merror[39m: [31m401 - Invalid or expired security token. Please log in again. - /api/v1/clients - GET - ::1[39m
2026-07-26 11:38:46:3846 [31merror[39m: [31mJWT Verification Error: jwt expired[39m
2026-07-26 11:38:46:3846 [31merror[39m: [31m401 - Invalid or expired security token. Please log in again. - /api/v1/acts - GET - ::1[39m
2026-07-26 11:38:46:3846 [31merror[39m: [31mJWT Verification Error: jwt expired[39m
2026-07-26 11:38:46:3846 [31merror[39m: [31m401 - Invalid or expired security token. Please log in again. - /api/v1/daybook - GET - ::1[39m
2026-07-26 11:38:46:3846 [31merror[39m: [31mJWT Verification Error: jwt expired[39m
2026-07-26 11:38:46:3846 [31merror[39m: [31m401 - Invalid or expired security token. Please log in again. - /api/v1/cases - GET - ::1[39m
2026-07-26 11:38:46:3846 [31merror[39m: [31mJWT Verification Error: jwt expired[39m
2026-07-26 11:38:46:3846 [31merror[39m: [31m401 - Invalid or expired security token. Please log in again. - /api/v1/clients - GET - ::1[39m
2026-07-26 11:38:46:3846 [31merror[39m: [31mJWT Verification Error: jwt expired[39m
2026-07-26 11:38:46:3846 [31merror[39m: [31m401 - Invalid or expired security token. Please log in again. - /api/v1/advocates - GET - ::1[39m
2026-07-26 11:38:46:3846 [31merror[39m: [31mJWT Verification Error: jwt expired[39m
2026-07-26 11:38:46:3846 [31merror[39m: [31m401 - Invalid or expired security token. Please log in again. - /api/v1/diary - GET - ::1[39m
2026-07-26 11:38:46:3846 [31merror[39m: [31mJWT Verification Error: jwt expired[39m
2026-07-26 11:38:46:3846 [31merror[39m: [31m401 - Invalid or expired security token. Please log in again. - /api/v1/roles/modules - GET - ::1[39m
2026-07-26 11:38:46:3846 [31merror[39m: [31mJWT Verification Error: jwt expired[39m
2026-07-26 11:38:46:3846 [31merror[39m: [31m401 - Invalid or expired security token. Please log in again. - /api/v1/advocates - GET - ::1[39m
2026-07-26 11:38:46:3846 [31merror[39m: [31mJWT Verification Error: jwt expired[39m
2026-07-26 11:38:46:3846 [31merror[39m: [31m401 - Invalid or expired security token. Please log in again. - /api/v1/diary - GET - ::1[39m
2026-07-26 11:38:46:3846 [31merror[39m: [31mJWT Verification Error: jwt expired[39m
2026-07-26 11:38:46:3846 [31merror[39m: [31m401 - Invalid or expired security token. Please log in again. - /api/v1/amendments - GET - ::1[39m
2026-07-26 11:38:48:3848 [31merror[39m: [31mJWT Verification Error: jwt expired[39m
2026-07-26 11:38:49:3849 [31merror[39m: [31m401 - Invalid or expired security token. Please log in again. - /api/v1/roles/roles - GET - ::1[39m
2026-07-26 11:38:49:3849 [31merror[39m: [31mJWT Verification Error: jwt expired[39m
2026-07-26 11:38:50:3850 [31merror[39m: [31m401 - Invalid or expired security token. Please log in again. - /api/v1/payments - GET - ::1[39m
2026-07-26 11:38:51:3851 [31merror[39m: [31mJWT Verification Error: jwt expired[39m
2026-07-26 11:38:51:3851 [31merror[39m: [31m401 - Invalid or expired security token. Please log in again. - /api/v1/opinions - GET - ::1[39m
2026-07-26 11:38:51:3851 [31merror[39m: [31mJWT Verification Error: jwt expired[39m
2026-07-26 11:38:51:3851 [31merror[39m: [31m401 - Invalid or expired security token. Please log in again. - /api/v1/alerts - GET - ::1[39m
2026-07-26 11:38:51:3851 [31merror[39m: [31mJWT Verification Error: jwt expired[39m
2026-07-26 11:38:51:3851 [31merror[39m: [31m401 - Invalid or expired security token. Please log in again. - /api/v1/lands - GET - ::1[39m
2026-07-26 11:38:52:3852 [31merror[39m: [31mJWT Verification Error: jwt expired[39m
2026-07-26 11:38:52:3852 [31merror[39m: [31m401 - Invalid or expired security token. Please log in again. - /api/v1/opinions - GET - ::1[39m
2026-07-26 11:38:52:3852 [31merror[39m: [31mJWT Verification Error: jwt expired[39m
2026-07-26 11:38:52:3852 [31merror[39m: [31m401 - Invalid or expired security token. Please log in again. - /api/v1/memberships - GET - ::1[39m
2026-07-26 11:38:52:3852 [31merror[39m: [31mJWT Verification Error: jwt expired[39m
2026-07-26 11:38:52:3852 [31merror[39m: [31m401 - Invalid or expired security token. Please log in again. - /api/v1/acts - GET - ::1[39m
2026-07-26 12:25:41:2541 [31merror[39m: [31mJWT Verification Error: jwt expired[39m
2026-07-26 12:25:41:2541 [31merror[39m: [31m401 - Invalid or expired security token. Please log in again. - /api/v1/payments - GET - ::1[39m
2026-07-26 12:26:39:2639 [32minfo[39m: [32mMySQL database connection established successfully.[39m
2026-07-26 12:26:39:2639 [32minfo[39m: [32mAlert scanner scheduled daily at midnight (0 0 * * *).[39m
2026-07-26 12:26:39:2639 [32minfo[39m: [32mServer successfully started on port 5000 in development mode.[39m
2026-07-26 12:26:43:2643 [32minfo[39m: [32mMySQL database connection established successfully.[39m
2026-07-26 12:26:43:2643 [32minfo[39m: [32mAlert scanner scheduled daily at midnight (0 0 * * *).[39m
2026-07-26 12:26:43:2643 [32minfo[39m: [32mServer successfully started on port 5000 in development mode.[39m
2026-07-26 12:26:45:2645 [31merror[39m: [31mJWT Verification Error: jwt expired[39m
2026-07-26 12:26:45:2645 [31merror[39m: [31m401 - Invalid or expired security token. Please log in again. - /api/v1/cases - GET - ::1[39m
2026-07-26 12:26:45:2645 [31merror[39m: [31mJWT Verification Error: jwt expired[39m
2026-07-26 12:26:45:2645 [31merror[39m: [31m401 - Invalid or expired security token. Please log in again. - /api/v1/clients - GET - ::1[39m
2026-07-26 12:26:45:2645 [31merror[39m: [31mJWT Verification Error: jwt expired[39m
2026-07-26 12:26:45:2645 [31merror[39m: [31m401 - Invalid or expired security token. Please log in again. - /api/v1/advocates - GET - ::1[39m
2026-07-26 12:26:45:2645 [31merror[39m: [31mJWT Verification Error: jwt expired[39m
2026-07-26 12:26:45:2645 [31merror[39m: [31m401 - Invalid or expired security token. Please log in again. - /api/v1/diary - GET - ::1[39m
2026-07-26 12:26:45:2645 [31merror[39m: [31mJWT Verification Error: jwt expired[39m
2026-07-26 12:26:45:2645 [31merror[39m: [31m401 - Invalid or expired security token. Please log in again. - /api/v1/daybook - GET - ::1[39m
2026-07-26 12:26:45:2645 [31merror[39m: [31mJWT Verification Error: jwt expired[39m
2026-07-26 12:26:45:2645 [31merror[39m: [31m401 - Invalid or expired security token. Please log in again. - /api/v1/payments - GET - ::1[39m
2026-07-26 12:26:46:2646 [31merror[39m: [31mJWT Verification Error: jwt expired[39m
2026-07-26 12:26:46:2646 [31merror[39m: [31m401 - Invalid or expired security token. Please log in again. - /api/v1/alerts - GET - ::1[39m
2026-07-26 12:26:46:2646 [31merror[39m: [31mJWT Verification Error: jwt expired[39m
2026-07-26 12:26:46:2646 [31merror[39m: [31m401 - Invalid or expired security token. Please log in again. - /api/v1/lands - GET - ::1[39m
2026-07-26 12:26:46:2646 [31merror[39m: [31mJWT Verification Error: jwt expired[39m
2026-07-26 12:26:46:2646 [31merror[39m: [31m401 - Invalid or expired security token. Please log in again. - /api/v1/opinions - GET - ::1[39m
2026-07-26 12:26:46:2646 [31merror[39m: [31mJWT Verification Error: jwt expired[39m
2026-07-26 12:26:46:2646 [31merror[39m: [31m401 - Invalid or expired security token. Please log in again. - /api/v1/memberships - GET - ::1[39m
2026-07-26 12:26:46:2646 [31merror[39m: [31mJWT Verification Error: jwt expired[39m
2026-07-26 12:26:46:2646 [31merror[39m: [31m401 - Invalid or expired security token. Please log in again. - /api/v1/acts - GET - ::1[39m
2026-07-26 12:26:46:2646 [31merror[39m: [31mJWT Verification Error: jwt expired[39m
2026-07-26 12:26:46:2646 [31merror[39m: [31m401 - Invalid or expired security token. Please log in again. - /api/v1/amendments - GET - ::1[39m
2026-07-26 12:26:46:2646 [31merror[39m: [31mJWT Verification Error: jwt expired[39m
2026-07-26 12:26:46:2646 [31merror[39m: [31m401 - Invalid or expired security token. Please log in again. - /api/v1/roles/modules - GET - ::1[39m
2026-07-26 12:26:46:2646 [31merror[39m: [31mJWT Verification Error: jwt expired[39m
2026-07-26 12:26:46:2646 [31merror[39m: [31m401 - Invalid or expired security token. Please log in again. - /api/v1/roles/roles - GET - ::1[39m
2026-07-26 12:26:46:2646 [31merror[39m: [31mJWT Verification Error: jwt expired[39m
2026-07-26 12:26:46:2646 [31merror[39m: [31m401 - Invalid or expired security token. Please log in again. - /api/v1/clients - GET - ::1[39m
2026-07-26 12:26:47:2647 [31merror[39m: [31mJWT Verification Error: jwt expired[39m
2026-07-26 12:26:47:2647 [31merror[39m: [31m401 - Invalid or expired security token. Please log in again. - /api/v1/daybook - GET - ::1[39m
2026-07-26 12:26:47:2647 [31merror[39m: [31mJWT Verification Error: jwt expired[39m
2026-07-26 12:26:47:2647 [31merror[39m: [31m401 - Invalid or expired security token. Please log in again. - /api/v1/payments - GET - ::1[39m
2026-07-26 12:26:47:2647 [31merror[39m: [31mJWT Verification Error: jwt expired[39m
2026-07-26 12:26:47:2647 [31merror[39m: [31m401 - Invalid or expired security token. Please log in again. - /api/v1/diary - GET - ::1[39m
2026-07-26 12:26:47:2647 [31merror[39m: [31mJWT Verification Error: jwt expired[39m
2026-07-26 12:26:47:2647 [31merror[39m: [31m401 - Invalid or expired security token. Please log in again. - /api/v1/advocates - GET - ::1[39m
2026-07-26 12:26:47:2647 [31merror[39m: [31mJWT Verification Error: jwt expired[39m
2026-07-26 12:26:47:2647 [31merror[39m: [31m401 - Invalid or expired security token. Please log in again. - /api/v1/cases - GET - ::1[39m
2026-07-26 12:26:47:2647 [31merror[39m: [31mJWT Verification Error: jwt expired[39m
2026-07-26 12:26:47:2647 [31merror[39m: [31m401 - Invalid or expired security token. Please log in again. - /api/v1/documents - GET - ::1[39m
2026-07-26 12:26:47:2647 [31merror[39m: [31mJWT Verification Error: jwt expired[39m
2026-07-26 12:26:47:2647 [31merror[39m: [31m401 - Invalid or expired security token. Please log in again. - /api/v1/alerts - GET - ::1[39m
2026-07-26 12:26:47:2647 [31merror[39m: [31mJWT Verification Error: jwt expired[39m
2026-07-26 12:26:47:2647 [31merror[39m: [31m401 - Invalid or expired security token. Please log in again. - /api/v1/lands - GET - ::1[39m
2026-07-26 12:26:47:2647 [31merror[39m: [31mJWT Verification Error: jwt expired[39m
2026-07-26 12:26:48:2648 [31merror[39m: [31m401 - Invalid or expired security token. Please log in again. - /api/v1/opinions - GET - ::1[39m
2026-07-26 12:26:48:2648 [31merror[39m: [31mJWT Verification Error: jwt expired[39m
2026-07-26 12:26:48:2648 [31merror[39m: [31m401 - Invalid or expired security token. Please log in again. - /api/v1/memberships - GET - ::1[39m
2026-07-26 12:26:48:2648 [31merror[39m: [31mJWT Verification Error: jwt expired[39m
2026-07-26 12:26:48:2648 [31merror[39m: [31m401 - Invalid or expired security token. Please log in again. - /api/v1/amendments - GET - ::1[39m
2026-07-26 12:26:48:2648 [31merror[39m: [31mJWT Verification Error: jwt expired[39m
2026-07-26 12:26:48:2648 [31merror[39m: [31m401 - Invalid or expired security token. Please log in again. - /api/v1/acts - GET - ::1[39m
2026-07-26 12:26:48:2648 [31merror[39m: [31mJWT Verification Error: jwt expired[39m
2026-07-26 12:26:48:2648 [31merror[39m: [31m401 - Invalid or expired security token. Please log in again. - /api/v1/roles/modules - GET - ::1[39m
2026-07-26 12:26:48:2648 [31merror[39m: [31mJWT Verification Error: jwt expired[39m
2026-07-26 12:26:48:2648 [31merror[39m: [31m401 - Invalid or expired security token. Please log in again. - /api/v1/roles/roles - GET - ::1[39m
2026-07-26 12:26:48:2648 [31merror[39m: [31mJWT Verification Error: jwt expired[39m
2026-07-26 12:26:48:2648 [31merror[39m: [31m401 - Invalid or expired security token. Please log in again. - /api/v1/clients - GET - ::1[39m
2026-07-26 12:26:48:2648 [31merror[39m: [31mJWT Verification Error: jwt expired[39m
2026-07-26 12:26:48:2648 [31merror[39m: [31m401 - Invalid or expired security token. Please log in again. - /api/v1/advocates - GET - ::1[39m
2026-07-26 12:26:49:2649 [31merror[39m: [31mJWT Verification Error: jwt expired[39m
2026-07-26 12:26:49:2649 [31merror[39m: [31m401 - Invalid or expired security token. Please log in again. - /api/v1/cases - GET - ::1[39m
2026-07-26 12:26:49:2649 [31merror[39m: [31mJWT Verification Error: jwt expired[39m
2026-07-26 12:26:49:2649 [31merror[39m: [31m401 - Invalid or expired security token. Please log in again. - /api/v1/documents - GET - ::1[39m
2026-07-26 12:26:50:2650 [31merror[39m: [31mJWT Verification Error: jwt expired[39m
2026-07-26 12:26:50:2650 [31merror[39m: [31m401 - Invalid or expired security token. Please log in again. - /api/v1/roles/roles - GET - ::1[39m
2026-07-26 12:26:50:2650 [31merror[39m: [31mGetAllActs error: Table 'advocate_management_system.bare_acts' doesn't exist[39m
2026-07-26 12:26:50:2650 [31merror[39m: [31m500 - Table 'advocate_management_system.bare_acts' doesn't exist - /api/v1/acts - GET - ::1[39m
2026-07-26 12:26:51:2651 [31merror[39m: [31mJWT Verification Error: jwt expired[39m
2026-07-26 12:26:51:2651 [31merror[39m: [31m401 - Invalid or expired security token. Please log in again. - /api/v1/clients - GET - ::1[39m
2026-07-26 12:26:51:2651 [31merror[39m: [31mJWT Verification Error: jwt expired[39m
2026-07-26 12:26:51:2651 [31merror[39m: [31m401 - Invalid or expired security token. Please log in again. - /api/v1/advocates - GET - ::1[39m
2026-07-26 12:26:51:2651 [31merror[39m: [31mGetAllAmendments error: Table 'advocate_management_system.amendments' doesn't exist[39m
2026-07-26 12:26:51:2651 [31merror[39m: [31mJWT Verification Error: jwt expired[39m
2026-07-26 12:26:51:2651 [31merror[39m: [31m401 - Invalid or expired security token. Please log in again. - /api/v1/cases - GET - ::1[39m
2026-07-26 12:26:51:2651 [31merror[39m: [31m500 - Table 'advocate_management_system.amendments' doesn't exist - /api/v1/amendments - GET - ::1[39m
2026-07-26 12:26:53:2653 [31merror[39m: [31mJWT Verification Error: jwt expired[39m
2026-07-26 12:26:53:2653 [31merror[39m: [31m401 - Invalid or expired security token. Please log in again. - /api/v1/roles/roles - GET - ::1[39m
2026-07-26 12:26:53:2653 [31merror[39m: [31mJWT Verification Error: jwt expired[39m
2026-07-26 12:26:53:2653 [31merror[39m: [31m401 - Invalid or expired security token. Please log in again. - /api/v1/clients - GET - ::1[39m
2026-07-26 12:26:54:2654 [31merror[39m: [31mJWT Verification Error: jwt expired[39m
2026-07-26 12:26:54:2654 [31merror[39m: [31m401 - Invalid or expired security token. Please log in again. - /api/v1/cases - GET - ::1[39m
2026-07-26 12:26:54:2654 [31merror[39m: [31mGetAllActs error: Table 'advocate_management_system.bare_acts' doesn't exist[39m
2026-07-26 12:26:54:2654 [31merror[39m: [31m500 - Table 'advocate_management_system.bare_acts' doesn't exist - /api/v1/acts - GET - ::1[39m
2026-07-26 12:26:54:2654 [31merror[39m: [31mJWT Verification Error: jwt expired[39m
2026-07-26 12:26:54:2654 [31merror[39m: [31m401 - Invalid or expired security token. Please log in again. - /api/v1/clients - GET - ::1[39m
2026-07-26 12:26:54:2654 [31merror[39m: [31mJWT Verification Error: jwt expired[39m
2026-07-26 12:26:54:2654 [31merror[39m: [31m401 - Invalid or expired security token. Please log in again. - /api/v1/cases - GET - ::1[39m
2026-07-26 12:26:55:2655 [31merror[39m: [31mGetAllAmendments error: Table 'advocate_management_system.amendments' doesn't exist[39m
2026-07-26 12:26:55:2655 [31merror[39m: [31m500 - Table 'advocate_management_system.amendments' doesn't exist - /api/v1/amendments - GET - ::1[39m
2026-07-26 12:26:55:2655 [31merror[39m: [31mJWT Verification Error: jwt expired[39m
2026-07-26 12:26:55:2655 [31merror[39m: [31m401 - Invalid or expired security token. Please log in again. - /api/v1/cases - GET - ::1[39m
2026-07-26 12:26:56:2656 [31merror[39m: [31mJWT Verification Error: jwt expired[39m
2026-07-26 12:26:56:2656 [31merror[39m: [31m401 - Invalid or expired security token. Please log in again. - /api/v1/cases - GET - ::1[39m
2026-07-26 12:27:12:2712 [31merror[39m: [31mJWT Verification Error: jwt expired[39m
2026-07-26 12:27:12:2712 [31merror[39m: [31m401 - Invalid or expired security token. Please log in again. - /api/v1/cases - GET - ::1[39m
2026-07-26 12:27:12:2712 [31merror[39m: [31mJWT Verification Error: jwt expired[39m
2026-07-26 12:27:12:2712 [31merror[39m: [31m401 - Invalid or expired security token. Please log in again. - /api/v1/clients - GET - ::1[39m
2026-07-26 12:27:12:2712 [31merror[39m: [31mJWT Verification Error: jwt expired[39m
2026-07-26 12:27:12:2712 [31merror[39m: [31m401 - Invalid or expired security token. Please log in again. - /api/v1/advocates - GET - ::1[39m
2026-07-26 12:27:12:2712 [31merror[39m: [31mJWT Verification Error: jwt expired[39m
2026-07-26 12:27:12:2712 [31merror[39m: [31m401 - Invalid or expired security token. Please log in again. - /api/v1/diary - GET - ::1[39m
2026-07-26 12:27:12:2712 [31merror[39m: [31mJWT Verification Error: jwt expired[39m
2026-07-26 12:27:12:2712 [31merror[39m: [31m401 - Invalid or expired security token. Please log in again. - /api/v1/daybook - GET - ::1[39m
2026-07-26 12:27:12:2712 [31merror[39m: [31mJWT Verification Error: jwt expired[39m
2026-07-26 12:27:12:2712 [31merror[39m: [31m401 - Invalid or expired security token. Please log in again. - /api/v1/payments - GET - ::1[39m
2026-07-26 12:27:14:2714 [31merror[39m: [31mJWT Verification Error: jwt expired[39m
2026-07-26 12:27:14:2714 [31merror[39m: [31m401 - Invalid or expired security token. Please log in again. - /api/v1/alerts - GET - ::1[39m
2026-07-26 12:27:14:2714 [31merror[39m: [31mJWT Verification Error: jwt expired[39m
2026-07-26 12:27:14:2714 [31merror[39m: [31m401 - Invalid or expired security token. Please log in again. - /api/v1/lands - GET - ::1[39m
2026-07-26 12:27:14:2714 [31merror[39m: [31mJWT Verification Error: jwt expired[39m
2026-07-26 12:27:14:2714 [31merror[39m: [31m401 - Invalid or expired security token. Please log in again. - /api/v1/opinions - GET - ::1[39m
2026-07-26 12:27:14:2714 [31merror[39m: [31mJWT Verification Error: jwt expired[39m
2026-07-26 12:27:14:2714 [31merror[39m: [31m401 - Invalid or expired security token. Please log in again. - /api/v1/memberships - GET - ::1[39m
2026-07-26 12:27:14:2714 [31merror[39m: [31mJWT Verification Error: jwt expired[39m
2026-07-26 12:27:14:2714 [31merror[39m: [31m401 - Invalid or expired security token. Please log in again. - /api/v1/acts - GET - ::1[39m
2026-07-26 12:27:14:2714 [31merror[39m: [31mJWT Verification Error: jwt expired[39m
2026-07-26 12:27:14:2714 [31merror[39m: [31m401 - Invalid or expired security token. Please log in again. - /api/v1/roles/roles - GET - ::1[39m
2026-07-26 12:27:14:2714 [31merror[39m: [31mJWT Verification Error: jwt expired[39m
2026-07-26 12:27:14:2714 [31merror[39m: [31m401 - Invalid or expired security token. Please log in again. - /api/v1/amendments - GET - ::1[39m
2026-07-26 12:27:15:2715 [31merror[39m: [31mJWT Verification Error: jwt expired[39m
2026-07-26 12:27:15:2715 [31merror[39m: [31m401 - Invalid or expired security token. Please log in again. - /api/v1/roles/roles - GET - ::1[39m
2026-07-26 12:27:15:2715 [31merror[39m: [31mJWT Verification Error: jwt expired[39m
2026-07-26 12:27:15:2715 [31merror[39m: [31m401 - Invalid or expired security token. Please log in again. - /api/v1/cases - GET - ::1[39m
2026-07-26 12:27:15:2715 [31merror[39m: [31mJWT Verification Error: jwt expired[39m
2026-07-26 12:27:15:2715 [31merror[39m: [31m401 - Invalid or expired security token. Please log in again. - /api/v1/clients - GET - ::1[39m
2026-07-26 12:27:15:2715 [31merror[39m: [31mJWT Verification Error: jwt expired[39m
2026-07-26 12:27:15:2715 [31merror[39m: [31m401 - Invalid or expired security token. Please log in again. - /api/v1/advocates - GET - ::1[39m
2026-07-26 12:27:15:2715 [31merror[39m: [31mJWT Verification Error: jwt expired[39m
2026-07-26 12:27:15:2715 [31merror[39m: [31m401 - Invalid or expired security token. Please log in again. - /api/v1/diary - GET - ::1[39m
2026-07-26 12:27:15:2715 [31merror[39m: [31mJWT Verification Error: jwt expired[39m
2026-07-26 12:27:15:2715 [31merror[39m: [31m401 - Invalid or expired security token. Please log in again. - /api/v1/roles/modules - GET - ::1[39m
2026-07-26 12:27:16:2716 [31merror[39m: [31mJWT Verification Error: jwt expired[39m
2026-07-26 12:27:16:2716 [31merror[39m: [31m401 - Invalid or expired security token. Please log in again. - /api/v1/daybook - GET - ::1[39m
2026-07-26 12:27:16:2716 [31merror[39m: [31mJWT Verification Error: jwt expired[39m
2026-07-26 12:27:16:2716 [31merror[39m: [31m401 - Invalid or expired security token. Please log in again. - /api/v1/payments - GET - ::1[39m
2026-07-26 12:27:16:2716 [31merror[39m: [31mJWT Verification Error: jwt expired[39m
2026-07-26 12:27:16:2716 [31merror[39m: [31m401 - Invalid or expired security token. Please log in again. - /api/v1/alerts - GET - ::1[39m
2026-07-26 12:27:16:2716 [31merror[39m: [31mJWT Verification Error: jwt expired[39m
2026-07-26 12:27:16:2716 [31merror[39m: [31m401 - Invalid or expired security token. Please log in again. - /api/v1/lands - GET - ::1[39m
2026-07-26 12:27:16:2716 [31merror[39m: [31mJWT Verification Error: jwt expired[39m
2026-07-26 12:27:16:2716 [31merror[39m: [31m401 - Invalid or expired security token. Please log in again. - /api/v1/opinions - GET - ::1[39m
2026-07-26 12:27:16:2716 [31merror[39m: [31mJWT Verification Error: jwt expired[39m
2026-07-26 12:27:16:2716 [31merror[39m: [31m401 - Invalid or expired security token. Please log in again. - /api/v1/memberships - GET - ::1[39m
2026-07-26 12:27:16:2716 [31merror[39m: [31mJWT Verification Error: jwt expired[39m
2026-07-26 12:27:16:2716 [31merror[39m: [31m401 - Invalid or expired security token. Please log in again. - /api/v1/acts - GET - ::1[39m
2026-07-26 12:27:16:2716 [31merror[39m: [31mJWT Verification Error: jwt expired[39m
2026-07-26 12:27:16:2716 [31merror[39m: [31m401 - Invalid or expired security token. Please log in again. - /api/v1/amendments - GET - ::1[39m
2026-07-26 12:27:17:2717 [31merror[39m: [31mJWT Verification Error: jwt expired[39m
2026-07-26 12:27:17:2717 [31merror[39m: [31m401 - Invalid or expired security token. Please log in again. - /api/v1/roles/roles - GET - ::1[39m
2026-07-26 12:27:17:2717 [31merror[39m: [31mJWT Verification Error: jwt expired[39m
2026-07-26 12:27:17:2717 [31merror[39m: [31m401 - Invalid or expired security token. Please log in again. - /api/v1/roles/modules - GET - ::1[39m
2026-07-26 12:27:17:2717 [31merror[39m: [31mJWT Verification Error: jwt expired[39m
2026-07-26 12:27:17:2717 [31merror[39m: [31m401 - Invalid or expired security token. Please log in again. - /api/v1/roles/roles - GET - ::1[39m
2026-07-26 12:27:18:2718 [31merror[39m: [31m403 - Access Denied: You do not have permission to perform this operation. - /api/v1/daybook - GET - ::1[39m
2026-07-26 12:27:19:2719 [31merror[39m: [31mGetAllActs error: Table 'advocate_management_system.bare_acts' doesn't exist[39m
2026-07-26 12:27:19:2719 [31merror[39m: [31m500 - Table 'advocate_management_system.bare_acts' doesn't exist - /api/v1/acts - GET - ::1[39m
2026-07-26 12:27:19:2719 [31merror[39m: [31mGetAllAmendments error: Table 'advocate_management_system.amendments' doesn't exist[39m
2026-07-26 12:27:19:2719 [31merror[39m: [31m500 - Table 'advocate_management_system.amendments' doesn't exist - /api/v1/amendments - GET - ::1[39m
2026-07-26 12:27:20:2720 [31merror[39m: [31m403 - Access Denied: You do not have permission to perform this operation. - /api/v1/daybook - GET - ::1[39m
2026-07-26 12:27:20:2720 [31merror[39m: [31mGetAllActs error: Table 'advocate_management_system.bare_acts' doesn't exist[39m
2026-07-26 12:27:20:2720 [31merror[39m: [31m500 - Table 'advocate_management_system.bare_acts' doesn't exist - /api/v1/acts - GET - ::1[39m
2026-07-26 12:27:20:2720 [31merror[39m: [31mGetAllAmendments error: Table 'advocate_management_system.amendments' doesn't exist[39m
2026-07-26 12:27:20:2720 [31merror[39m: [31m500 - Table 'advocate_management_system.amendments' doesn't exist - /api/v1/amendments - GET - ::1[39m
2026-07-26 12:35:13:3513 [31merror[39m: [31m403 - Access Denied: You do not have permission to perform this operation. - /api/v1/daybook - GET - ::1[39m
2026-07-26 12:35:13:3513 [31merror[39m: [31mGetAllActs error: Table 'advocate_management_system.bare_acts' doesn't exist[39m
2026-07-26 12:35:13:3513 [31merror[39m: [31m500 - Table 'advocate_management_system.bare_acts' doesn't exist - /api/v1/acts - GET - ::1[39m
2026-07-26 12:35:13:3513 [31merror[39m: [31mGetAllAmendments error: Table 'advocate_management_system.amendments' doesn't exist[39m
2026-07-26 12:35:13:3513 [31merror[39m: [31m500 - Table 'advocate_management_system.amendments' doesn't exist - /api/v1/amendments - GET - ::1[39m
2026-07-26 12:35:13:3513 [31merror[39m: [31m403 - Access Denied: You do not have permission to perform this operation. - /api/v1/daybook - GET - ::1[39m
2026-07-26 12:35:13:3513 [31merror[39m: [31mGetAllActs error: Table 'advocate_management_system.bare_acts' doesn't exist[39m
2026-07-26 12:35:13:3513 [31merror[39m: [31m500 - Table 'advocate_management_system.bare_acts' doesn't exist - /api/v1/acts - GET - ::1[39m
2026-07-26 12:35:14:3514 [31merror[39m: [31mGetAllAmendments error: Table 'advocate_management_system.amendments' doesn't exist[39m
2026-07-26 12:35:14:3514 [31merror[39m: [31m500 - Table 'advocate_management_system.amendments' doesn't exist - /api/v1/amendments - GET - ::1[39m
2026-07-26 12:35:14:3514 [31merror[39m: [31mGetAllActs error: Table 'advocate_management_system.bare_acts' doesn't exist[39m
2026-07-26 12:35:14:3514 [31merror[39m: [31m500 - Table 'advocate_management_system.bare_acts' doesn't exist - /api/v1/acts - GET - ::1[39m
2026-07-26 12:35:14:3514 [31merror[39m: [31mGetAllAmendments error: Table 'advocate_management_system.amendments' doesn't exist[39m
2026-07-26 12:35:14:3514 [31merror[39m: [31m500 - Table 'advocate_management_system.amendments' doesn't exist - /api/v1/amendments - GET - ::1[39m
2026-07-26 12:35:14:3514 [31merror[39m: [31mGetAllActs error: Table 'advocate_management_system.bare_acts' doesn't exist[39m
2026-07-26 12:35:14:3514 [31merror[39m: [31m500 - Table 'advocate_management_system.bare_acts' doesn't exist - /api/v1/acts - GET - ::1[39m
2026-07-26 12:35:14:3514 [31merror[39m: [31mGetAllAmendments error: Table 'advocate_management_system.amendments' doesn't exist[39m
2026-07-26 12:35:14:3514 [31merror[39m: [31m500 - Table 'advocate_management_system.amendments' doesn't exist - /api/v1/amendments - GET - ::1[39m
2026-07-26 18:51:06:516 [31merror[39m: [31mJWT Verification Error: jwt expired[39m
2026-07-26 18:51:06:516 [31merror[39m: [31m401 - Invalid or expired security token. Please log in again. - /api/v1/documents - GET - ::1[39m
2026-07-26 18:51:06:516 [31merror[39m: [31mJWT Verification Error: jwt expired[39m
2026-07-26 18:51:06:516 [31merror[39m: [31m401 - Invalid or expired security token. Please log in again. - /api/v1/cases - GET - ::1[39m
2026-07-26 18:51:06:516 [31merror[39m: [31mJWT Verification Error: jwt expired[39m
2026-07-26 18:51:06:516 [31merror[39m: [31m401 - Invalid or expired security token. Please log in again. - /api/v1/clients - GET - ::1[39m
2026-07-26 18:51:06:516 [31merror[39m: [31mJWT Verification Error: jwt expired[39m
2026-07-26 18:51:06:516 [31merror[39m: [31m401 - Invalid or expired security token. Please log in again. - /api/v1/advocates - GET - ::1[39m
2026-07-26 18:51:06:516 [31merror[39m: [31mJWT Verification Error: jwt expired[39m
2026-07-26 18:51:06:516 [31merror[39m: [31m401 - Invalid or expired security token. Please log in again. - /api/v1/diary - GET - ::1[39m
2026-07-26 18:51:06:516 [31merror[39m: [31mJWT Verification Error: jwt expired[39m
2026-07-26 18:51:06:516 [31merror[39m: [31m401 - Invalid or expired security token. Please log in again. - /api/v1/daybook - GET - ::1[39m
2026-07-26 18:51:07:517 [31merror[39m: [31mJWT Verification Error: jwt expired[39m
2026-07-26 18:51:07:517 [31merror[39m: [31m401 - Invalid or expired security token. Please log in again. - /api/v1/payments - GET - ::1[39m
2026-07-26 18:51:07:517 [31merror[39m: [31mJWT Verification Error: jwt expired[39m
2026-07-26 18:51:07:517 [31merror[39m: [31m401 - Invalid or expired security token. Please log in again. - /api/v1/alerts - GET - ::1[39m
2026-07-26 18:51:07:517 [31merror[39m: [31mJWT Verification Error: jwt expired[39m
2026-07-26 18:51:07:517 [31merror[39m: [31m401 - Invalid or expired security token. Please log in again. - /api/v1/lands - GET - ::1[39m
2026-07-26 18:51:07:517 [31merror[39m: [31mJWT Verification Error: jwt expired[39m
2026-07-26 18:51:07:517 [31merror[39m: [31m401 - Invalid or expired security token. Please log in again. - /api/v1/opinions - GET - ::1[39m
2026-07-26 18:51:07:517 [31merror[39m: [31mJWT Verification Error: jwt expired[39m
2026-07-26 18:51:07:517 [31merror[39m: [31m401 - Invalid or expired security token. Please log in again. - /api/v1/memberships - GET - ::1[39m
2026-07-26 18:51:07:517 [31merror[39m: [31mJWT Verification Error: jwt expired[39m
2026-07-26 18:51:07:517 [31merror[39m: [31m401 - Invalid or expired security token. Please log in again. - /api/v1/acts - GET - ::1[39m
2026-07-26 18:51:07:517 [31merror[39m: [31mJWT Verification Error: jwt expired[39m
2026-07-26 18:51:07:517 [31merror[39m: [31m401 - Invalid or expired security token. Please log in again. - /api/v1/amendments - GET - ::1[39m
2026-07-26 18:51:08:518 [31merror[39m: [31mJWT Verification Error: jwt expired[39m
2026-07-26 18:51:08:518 [31merror[39m: [31m401 - Invalid or expired security token. Please log in again. - /api/v1/roles/modules - GET - ::1[39m
2026-07-26 18:51:08:518 [31merror[39m: [31mJWT Verification Error: jwt expired[39m
2026-07-26 18:51:08:518 [31merror[39m: [31m401 - Invalid or expired security token. Please log in again. - /api/v1/roles/roles - GET - ::1[39m
2026-07-26 18:51:08:518 [31merror[39m: [31mJWT Verification Error: jwt expired[39m
2026-07-26 18:51:08:518 [31merror[39m: [31m401 - Invalid or expired security token. Please log in again. - /api/v1/documents - GET - ::1[39m
2026-07-26 18:51:08:518 [31merror[39m: [31mJWT Verification Error: jwt expired[39m
2026-07-26 18:51:08:518 [31merror[39m: [31m401 - Invalid or expired security token. Please log in again. - /api/v1/cases - GET - ::1[39m
2026-07-26 18:51:08:518 [31merror[39m: [31mJWT Verification Error: jwt expired[39m
2026-07-26 18:51:08:518 [31merror[39m: [31m401 - Invalid or expired security token. Please log in again. - /api/v1/clients - GET - ::1[39m
2026-07-26 18:51:08:518 [31merror[39m: [31mJWT Verification Error: jwt expired[39m
2026-07-26 18:51:08:518 [31merror[39m: [31m401 - Invalid or expired security token. Please log in again. - /api/v1/advocates - GET - ::1[39m
2026-07-26 18:51:08:518 [31merror[39m: [31mJWT Verification Error: jwt expired[39m
2026-07-26 18:51:08:518 [31merror[39m: [31m401 - Invalid or expired security token. Please log in again. - /api/v1/daybook - GET - ::1[39m
2026-07-26 18:51:08:518 [31merror[39m: [31mJWT Verification Error: jwt expired[39m
2026-07-26 18:51:08:518 [31merror[39m: [31m401 - Invalid or expired security token. Please log in again. - /api/v1/diary - GET - ::1[39m
2026-07-26 18:51:09:519 [31merror[39m: [31mJWT Verification Error: jwt expired[39m
2026-07-26 18:51:09:519 [31merror[39m: [31m401 - Invalid or expired security token. Please log in again. - /api/v1/payments - GET - ::1[39m
2026-07-26 18:51:09:519 [31merror[39m: [31mJWT Verification Error: jwt expired[39m
2026-07-26 18:51:09:519 [31merror[39m: [31m401 - Invalid or expired security token. Please log in again. - /api/v1/alerts - GET - ::1[39m
2026-07-26 18:51:09:519 [31merror[39m: [31mJWT Verification Error: jwt expired[39m
2026-07-26 18:51:09:519 [31merror[39m: [31m401 - Invalid or expired security token. Please log in again. - /api/v1/opinions - GET - ::1[39m
2026-07-26 18:51:09:519 [31merror[39m: [31mJWT Verification Error: jwt expired[39m
2026-07-26 18:51:09:519 [31merror[39m: [31m401 - Invalid or expired security token. Please log in again. - /api/v1/memberships - GET - ::1[39m
2026-07-26 18:51:09:519 [31merror[39m: [31mJWT Verification Error: jwt expired[39m
2026-07-26 18:51:09:519 [31merror[39m: [31m401 - Invalid or expired security token. Please log in again. - /api/v1/acts - GET - ::1[39m
2026-07-26 18:51:10:5110 [31merror[39m: [31mJWT Verification Error: jwt expired[39m
2026-07-26 18:51:10:5110 [31merror[39m: [31m401 - Invalid or expired security token. Please log in again. - /api/v1/lands - GET - ::1[39m
2026-07-26 18:51:10:5110 [31merror[39m: [31mJWT Verification Error: jwt expired[39m
2026-07-26 18:51:10:5110 [31merror[39m: [31m401 - Invalid or expired security token. Please log in again. - /api/v1/amendments - GET - ::1[39m
2026-07-26 18:51:10:5110 [31merror[39m: [31mJWT Verification Error: jwt expired[39m
2026-07-26 18:51:10:5110 [31merror[39m: [31m401 - Invalid or expired security token. Please log in again. - /api/v1/roles/modules - GET - ::1[39m
2026-07-26 18:51:10:5110 [31merror[39m: [31mJWT Verification Error: jwt expired[39m
2026-07-26 18:51:10:5110 [31merror[39m: [31m401 - Invalid or expired security token. Please log in again. - /api/v1/roles/roles - GET - ::1[39m
2026-07-26 18:51:10:5110 [31merror[39m: [31mJWT Verification Error: jwt expired[39m
2026-07-26 18:51:10:5110 [31merror[39m: [31m401 - Invalid or expired security token. Please log in again. - /api/v1/cases - GET - ::1[39m
2026-07-26 18:51:10:5110 [31merror[39m: [31mJWT Verification Error: jwt expired[39m
2026-07-26 18:51:11:5111 [31merror[39m: [31m401 - Invalid or expired security token. Please log in again. - /api/v1/roles/roles - GET - ::1[39m
2026-07-26 18:51:11:5111 [31merror[39m: [31mJWT Verification Error: jwt expired[39m
2026-07-26 18:51:11:5111 [31merror[39m: [31m401 - Invalid or expired security token. Please log in again. - /api/v1/cases - GET - ::1[39m
2026-07-26 18:51:11:5111 [31merror[39m: [31mJWT Verification Error: jwt expired[39m
2026-07-26 18:51:11:5111 [31merror[39m: [31m401 - Invalid or expired security token. Please log in again. - /api/v1/roles/roles - GET - ::1[39m
2026-07-26 18:51:28:5128 [31merror[39m: [31mGetAllActs error: Table 'advocate_management_system.bare_acts' doesn't exist[39m
2026-07-26 18:51:28:5128 [31merror[39m: [31m500 - Table 'advocate_management_system.bare_acts' doesn't exist - /api/v1/acts - GET - ::1[39m
2026-07-26 18:51:29:5129 [31merror[39m: [31mGetAllAmendments error: Table 'advocate_management_system.amendments' doesn't exist[39m
2026-07-26 18:51:29:5129 [31merror[39m: [31m500 - Table 'advocate_management_system.amendments' doesn't exist - /api/v1/amendments - GET - ::1[39m
2026-07-26 18:51:48:5148 [31merror[39m: [31mGetAllActs error: Table 'advocate_management_system.bare_acts' doesn't exist[39m
2026-07-26 18:51:48:5148 [31merror[39m: [31m500 - Table 'advocate_management_system.bare_acts' doesn't exist - /api/v1/acts - GET - ::1[39m
2026-07-26 18:51:50:5150 [31merror[39m: [31mGetAllAmendments error: Table 'advocate_management_system.amendments' doesn't exist[39m
2026-07-26 18:51:50:5150 [31merror[39m: [31m500 - Table 'advocate_management_system.amendments' doesn't exist - /api/v1/amendments - GET - ::1[39m
2026-07-26 18:52:34:5234 [32minfo[39m: [32mMySQL database connection established successfully.[39m
2026-07-26 18:52:34:5234 [32minfo[39m: [32mAlert scanner scheduled daily at midnight (0 0 * * *).[39m
2026-07-26 18:52:34:5234 [32minfo[39m: [32mServer successfully started on port 5000 in development mode.[39m
2026-07-26 18:52:36:5236 [32minfo[39m: [32mMySQL database connection established successfully.[39m
2026-07-26 18:52:36:5236 [32minfo[39m: [32mAlert scanner scheduled daily at midnight (0 0 * * *).[39m
2026-07-26 18:52:36:5236 [32minfo[39m: [32mServer successfully started on port 5000 in development mode.[39m
2026-07-26 19:06:58:658 [32minfo[39m: [32mMySQL database connection established successfully.[39m
2026-07-26 19:06:58:658 [32minfo[39m: [32mAlert scanner scheduled daily at midnight (0 0 * * *).[39m
2026-07-26 19:06:58:658 [32minfo[39m: [32mServer successfully started on port 5000 in development mode.[39m
2026-07-26 19:06:58:658 [32minfo[39m: [32mShutting down server gracefully...[39m
2026-07-26 19:07:05:75 [32minfo[39m: [32mMySQL database connection established successfully.[39m
2026-07-26 19:07:05:75 [32minfo[39m: [32mAlert scanner scheduled daily at midnight (0 0 * * *).[39m
2026-07-26 19:07:05:75 [32minfo[39m: [32mServer successfully started on port 5000 in development mode.[39m
2026-07-26 19:07:11:711 [31merror[39m: [31mJWT Verification Error: jwt expired[39m
2026-07-26 19:07:11:711 [31merror[39m: [31m401 - Invalid or expired security token. Please log in again. - /api/v1/cases - GET - ::1[39m
2026-07-26 19:07:11:711 [31merror[39m: [31mJWT Verification Error: jwt expired[39m
2026-07-26 19:07:11:711 [31merror[39m: [31m401 - Invalid or expired security token. Please log in again. - /api/v1/clients - GET - ::1[39m
2026-07-26 19:07:11:711 [31merror[39m: [31mJWT Verification Error: jwt expired[39m
2026-07-26 19:07:11:711 [31merror[39m: [31m401 - Invalid or expired security token. Please log in again. - /api/v1/advocates - GET - ::1[39m
2026-07-26 19:07:11:711 [31merror[39m: [31mJWT Verification Error: jwt expired[39m
2026-07-26 19:07:11:711 [31merror[39m: [31m401 - Invalid or expired security token. Please log in again. - /api/v1/daybook - GET - ::1[39m
2026-07-26 19:07:11:711 [31merror[39m: [31mJWT Verification Error: jwt expired[39m
2026-07-26 19:07:11:711 [31merror[39m: [31m401 - Invalid or expired security token. Please log in again. - /api/v1/diary - GET - ::1[39m
2026-07-26 19:07:11:711 [31merror[39m: [31mJWT Verification Error: jwt expired[39m
2026-07-26 19:07:11:711 [31merror[39m: [31m401 - Invalid or expired security token. Please log in again. - /api/v1/payments - GET - ::1[39m
2026-07-26 19:07:11:711 [31merror[39m: [31mJWT Verification Error: jwt expired[39m
2026-07-26 19:07:11:711 [31merror[39m: [31m401 - Invalid or expired security token. Please log in again. - /api/v1/alerts - GET - ::1[39m
2026-07-26 19:07:11:711 [31merror[39m: [31mJWT Verification Error: jwt expired[39m
2026-07-26 19:07:11:711 [31merror[39m: [31m401 - Invalid or expired security token. Please log in again. - /api/v1/lands - GET - ::1[39m
2026-07-26 19:07:11:711 [31merror[39m: [31mJWT Verification Error: jwt expired[39m
2026-07-26 19:07:11:711 [31merror[39m: [31m401 - Invalid or expired security token. Please log in again. - /api/v1/opinions - GET - ::1[39m
2026-07-26 19:07:11:711 [31merror[39m: [31mJWT Verification Error: jwt expired[39m
2026-07-26 19:07:11:711 [31merror[39m: [31m401 - Invalid or expired security token. Please log in again. - /api/v1/memberships - GET - ::1[39m
2026-07-26 19:07:12:712 [31merror[39m: [31mJWT Verification Error: jwt expired[39m
2026-07-26 19:07:12:712 [31merror[39m: [31m401 - Invalid or expired security token. Please log in again. - /api/v1/roles/roles - GET - ::1[39m
2026-07-26 19:07:12:712 [31merror[39m: [31mJWT Verification Error: jwt expired[39m
2026-07-26 19:07:12:712 [31merror[39m: [31m401 - Invalid or expired security token. Please log in again. - /api/v1/acts - GET - ::1[39m
2026-07-26 19:07:12:712 [31merror[39m: [31mJWT Verification Error: jwt expired[39m
2026-07-26 19:07:12:712 [31merror[39m: [31m401 - Invalid or expired security token. Please log in again. - /api/v1/amendments - GET - ::1[39m
2026-07-26 19:07:12:712 [31merror[39m: [31mJWT Verification Error: jwt expired[39m
2026-07-26 19:07:12:712 [31merror[39m: [31m401 - Invalid or expired security token. Please log in again. - /api/v1/roles/modules - GET - ::1[39m
2026-07-26 19:07:12:712 [31merror[39m: [31mJWT Verification Error: jwt expired[39m
2026-07-26 19:07:12:712 [31merror[39m: [31m401 - Invalid or expired security token. Please log in again. - /api/v1/cases - GET - ::1[39m
2026-07-26 19:07:12:712 [31merror[39m: [31mJWT Verification Error: jwt expired[39m
2026-07-26 19:07:12:712 [31merror[39m: [31m401 - Invalid or expired security token. Please log in again. - /api/v1/clients - GET - ::1[39m
2026-07-26 19:07:12:712 [31merror[39m: [31mJWT Verification Error: jwt expired[39m
2026-07-26 19:07:12:712 [31merror[39m: [31m401 - Invalid or expired security token. Please log in again. - /api/v1/advocates - GET - ::1[39m
2026-07-26 19:07:12:712 [31merror[39m: [31mJWT Verification Error: jwt expired[39m
2026-07-26 19:07:12:712 [31merror[39m: [31m401 - Invalid or expired security token. Please log in again. - /api/v1/daybook - GET - ::1[39m
2026-07-26 19:07:12:712 [31merror[39m: [31mJWT Verification Error: jwt expired[39m
2026-07-26 19:07:12:712 [31merror[39m: [31m401 - Invalid or expired security token. Please log in again. - /api/v1/diary - GET - ::1[39m
2026-07-26 19:07:12:712 [31merror[39m: [31mJWT Verification Error: jwt expired[39m
2026-07-26 19:07:12:712 [31merror[39m: [31m401 - Invalid or expired security token. Please log in again. - /api/v1/payments - GET - ::1[39m
2026-07-26 19:07:12:712 [31merror[39m: [31mJWT Verification Error: jwt expired[39m
2026-07-26 19:07:12:712 [31merror[39m: [31m401 - Invalid or expired security token. Please log in again. - /api/v1/alerts - GET - ::1[39m
2026-07-26 19:07:12:712 [31merror[39m: [31mJWT Verification Error: jwt expired[39m
2026-07-26 19:07:12:712 [31merror[39m: [31m401 - Invalid or expired security token. Please log in again. - /api/v1/lands - GET - ::1[39m
2026-07-26 19:07:12:712 [31merror[39m: [31mJWT Verification Error: jwt expired[39m
2026-07-26 19:07:12:712 [31merror[39m: [31m401 - Invalid or expired security token. Please log in again. - /api/v1/opinions - GET - ::1[39m
2026-07-26 19:07:12:712 [31merror[39m: [31mJWT Verification Error: jwt expired[39m
2026-07-26 19:07:12:712 [31merror[39m: [31m401 - Invalid or expired security token. Please log in again. - /api/v1/memberships - GET - ::1[39m
2026-07-26 19:07:12:712 [31merror[39m: [31mJWT Verification Error: jwt expired[39m
2026-07-26 19:07:12:712 [31merror[39m: [31m401 - Invalid or expired security token. Please log in again. - /api/v1/roles/roles - GET - ::1[39m
2026-07-26 19:07:12:712 [31merror[39m: [31mJWT Verification Error: jwt expired[39m
2026-07-26 19:07:12:712 [31merror[39m: [31m401 - Invalid or expired security token. Please log in again. - /api/v1/acts - GET - ::1[39m
2026-07-26 19:07:12:712 [31merror[39m: [31mJWT Verification Error: jwt expired[39m
2026-07-26 19:07:12:712 [31merror[39m: [31m401 - Invalid or expired security token. Please log in again. - /api/v1/amendments - GET - ::1[39m
2026-07-26 19:07:12:712 [31merror[39m: [31mJWT Verification Error: jwt expired[39m
2026-07-26 19:07:12:712 [31merror[39m: [31m401 - Invalid or expired security token. Please log in again. - /api/v1/roles/modules - GET - ::1[39m
2026-07-26 19:07:12:712 [31merror[39m: [31mJWT Verification Error: jwt expired[39m
2026-07-26 19:07:12:712 [31merror[39m: [31m401 - Invalid or expired security token. Please log in again. - /api/v1/roles/roles - GET - ::1[39m
2026-07-26 19:07:12:712 [31merror[39m: [31mGetAllActs error: Table 'advocate_management_system.bare_acts' doesn't exist[39m
2026-07-26 19:07:12:712 [31merror[39m: [31m500 - Table 'advocate_management_system.bare_acts' doesn't exist - /api/v1/acts - GET - ::1[39m
2026-07-26 19:07:12:712 [31merror[39m: [31mJWT Verification Error: jwt expired[39m
2026-07-26 19:07:12:712 [31merror[39m: [31m401 - Invalid or expired security token. Please log in again. - /api/v1/roles/roles - GET - ::1[39m
2026-07-26 19:07:12:712 [31merror[39m: [31mGetAllAmendments error: Table 'advocate_management_system.amendments' doesn't exist[39m
2026-07-26 19:07:12:712 [31merror[39m: [31m500 - Table 'advocate_management_system.amendments' doesn't exist - /api/v1/amendments - GET - ::1[39m
2026-07-26 19:07:12:712 [31merror[39m: [31mGetAllActs error: Table 'advocate_management_system.bare_acts' doesn't exist[39m
2026-07-26 19:07:12:712 [31merror[39m: [31m500 - Table 'advocate_management_system.bare_acts' doesn't exist - /api/v1/acts - GET - ::1[39m
2026-07-26 19:07:12:712 [31merror[39m: [31mGetAllAmendments error: Table 'advocate_management_system.amendments' doesn't exist[39m
2026-07-26 19:07:12:712 [31merror[39m: [31m500 - Table 'advocate_management_system.amendments' doesn't exist - /api/v1/amendments - GET - ::1[39m
2026-07-26 19:23:47:2347 [31merror[39m: [31mJWT Verification Error: jwt expired[39m
2026-07-26 19:23:47:2347 [31merror[39m: [31m401 - Invalid or expired security token. Please log in again. - /api/v1/documents - GET - ::1[39m
2026-07-26 19:23:47:2347 [31merror[39m: [31mJWT Verification Error: jwt expired[39m
2026-07-26 19:23:47:2347 [31merror[39m: [31m401 - Invalid or expired security token. Please log in again. - /api/v1/cases - GET - ::1[39m
2026-07-26 19:23:47:2347 [31merror[39m: [31mJWT Verification Error: jwt expired[39m
2026-07-26 19:23:47:2347 [31merror[39m: [31m401 - Invalid or expired security token. Please log in again. - /api/v1/clients - GET - ::1[39m
2026-07-26 19:23:47:2347 [31merror[39m: [31mJWT Verification Error: jwt expired[39m
2026-07-26 19:23:47:2347 [31merror[39m: [31m401 - Invalid or expired security token. Please log in again. - /api/v1/advocates - GET - ::1[39m
2026-07-26 19:23:47:2347 [31merror[39m: [31mJWT Verification Error: jwt expired[39m
2026-07-26 19:23:47:2347 [31merror[39m: [31m401 - Invalid or expired security token. Please log in again. - /api/v1/diary - GET - ::1[39m
2026-07-26 19:23:47:2347 [31merror[39m: [31mJWT Verification Error: jwt expired[39m
2026-07-26 19:23:47:2347 [31merror[39m: [31m401 - Invalid or expired security token. Please log in again. - /api/v1/daybook - GET - ::1[39m
2026-07-26 19:23:47:2347 [31merror[39m: [31mJWT Verification Error: jwt expired[39m
2026-07-26 19:23:47:2347 [31merror[39m: [31m401 - Invalid or expired security token. Please log in again. - /api/v1/payments - GET - ::1[39m
2026-07-26 19:23:47:2347 [31merror[39m: [31mJWT Verification Error: jwt expired[39m
2026-07-26 19:23:47:2347 [31merror[39m: [31m401 - Invalid or expired security token. Please log in again. - /api/v1/alerts - GET - ::1[39m
2026-07-26 19:23:47:2347 [31merror[39m: [31mJWT Verification Error: jwt expired[39m
2026-07-26 19:23:47:2347 [31merror[39m: [31m401 - Invalid or expired security token. Please log in again. - /api/v1/lands - GET - ::1[39m
2026-07-26 19:23:47:2347 [31merror[39m: [31mJWT Verification Error: jwt expired[39m
2026-07-26 19:23:47:2347 [31merror[39m: [31m401 - Invalid or expired security token. Please log in again. - /api/v1/opinions - GET - ::1[39m
2026-07-26 19:23:47:2347 [31merror[39m: [31mJWT Verification Error: jwt expired[39m
2026-07-26 19:23:47:2347 [31merror[39m: [31m401 - Invalid or expired security token. Please log in again. - /api/v1/memberships - GET - ::1[39m
2026-07-26 19:23:47:2347 [31merror[39m: [31mJWT Verification Error: jwt expired[39m
2026-07-26 19:23:47:2347 [31merror[39m: [31m401 - Invalid or expired security token. Please log in again. - /api/v1/acts - GET - ::1[39m
2026-07-26 19:23:47:2347 [31merror[39m: [31mJWT Verification Error: jwt expired[39m
2026-07-26 19:23:47:2347 [31merror[39m: [31m401 - Invalid or expired security token. Please log in again. - /api/v1/amendments - GET - ::1[39m
2026-07-26 19:23:47:2347 [31merror[39m: [31mJWT Verification Error: jwt expired[39m
2026-07-26 19:23:47:2347 [31merror[39m: [31m401 - Invalid or expired security token. Please log in again. - /api/v1/roles/roles - GET - ::1[39m
2026-07-26 19:23:47:2347 [31merror[39m: [31mJWT Verification Error: jwt expired[39m
2026-07-26 19:23:47:2347 [31merror[39m: [31m401 - Invalid or expired security token. Please log in again. - /api/v1/roles/modules - GET - ::1[39m
2026-07-26 19:23:47:2347 [31merror[39m: [31mJWT Verification Error: jwt expired[39m
2026-07-26 19:23:47:2347 [31merror[39m: [31m401 - Invalid or expired security token. Please log in again. - /api/v1/documents - GET - ::1[39m
2026-07-26 19:23:47:2347 [31merror[39m: [31mJWT Verification Error: jwt expired[39m
2026-07-26 19:23:47:2347 [31merror[39m: [31m401 - Invalid or expired security token. Please log in again. - /api/v1/cases - GET - ::1[39m
2026-07-26 19:23:47:2347 [31merror[39m: [31mJWT Verification Error: jwt expired[39m
2026-07-26 19:23:47:2347 [31merror[39m: [31m401 - Invalid or expired security token. Please log in again. - /api/v1/clients - GET - ::1[39m
2026-07-26 19:23:47:2347 [31merror[39m: [31mJWT Verification Error: jwt expired[39m
2026-07-26 19:23:47:2347 [31merror[39m: [31m401 - Invalid or expired security token. Please log in again. - /api/v1/diary - GET - ::1[39m
2026-07-26 19:23:47:2347 [31merror[39m: [31mJWT Verification Error: jwt expired[39m
2026-07-26 19:23:47:2347 [31merror[39m: [31m401 - Invalid or expired security token. Please log in again. - /api/v1/advocates - GET - ::1[39m
2026-07-26 19:23:47:2347 [31merror[39m: [31mJWT Verification Error: jwt expired[39m
2026-07-26 19:23:47:2347 [31merror[39m: [31m401 - Invalid or expired security token. Please log in again. - /api/v1/daybook - GET - ::1[39m
2026-07-26 19:23:47:2347 [31merror[39m: [31mJWT Verification Error: jwt expired[39m
2026-07-26 19:23:47:2347 [31merror[39m: [31m401 - Invalid or expired security token. Please log in again. - /api/v1/payments - GET - ::1[39m
2026-07-26 19:23:47:2347 [31merror[39m: [31mJWT Verification Error: jwt expired[39m
2026-07-26 19:23:47:2347 [31merror[39m: [31m401 - Invalid or expired security token. Please log in again. - /api/v1/alerts - GET - ::1[39m
2026-07-26 19:23:47:2347 [31merror[39m: [31mJWT Verification Error: jwt expired[39m
2026-07-26 19:23:47:2347 [31merror[39m: [31m401 - Invalid or expired security token. Please log in again. - /api/v1/lands - GET - ::1[39m
2026-07-26 19:23:47:2347 [31merror[39m: [31mJWT Verification Error: jwt expired[39m
2026-07-26 19:23:47:2347 [31merror[39m: [31m401 - Invalid or expired security token. Please log in again. - /api/v1/opinions - GET - ::1[39m
2026-07-26 19:23:47:2347 [31merror[39m: [31mJWT Verification Error: jwt expired[39m
2026-07-26 19:23:47:2347 [31merror[39m: [31m401 - Invalid or expired security token. Please log in again. - /api/v1/acts - GET - ::1[39m
2026-07-26 19:23:47:2347 [31merror[39m: [31mJWT Verification Error: jwt expired[39m
2026-07-26 19:23:47:2347 [31merror[39m: [31m401 - Invalid or expired security token. Please log in again. - /api/v1/memberships - GET - ::1[39m
2026-07-26 19:23:47:2347 [31merror[39m: [31mJWT Verification Error: jwt expired[39m
2026-07-26 19:23:47:2347 [31merror[39m: [31m401 - Invalid or expired security token. Please log in again. - /api/v1/amendments - GET - ::1[39m
2026-07-26 19:23:47:2347 [31merror[39m: [31mJWT Verification Error: jwt expired[39m
2026-07-26 19:23:47:2347 [31merror[39m: [31m401 - Invalid or expired security token. Please log in again. - /api/v1/roles/roles - GET - ::1[39m
2026-07-26 19:23:47:2347 [31merror[39m: [31mJWT Verification Error: jwt expired[39m
2026-07-26 19:23:47:2347 [31merror[39m: [31m401 - Invalid or expired security token. Please log in again. - /api/v1/roles/modules - GET - ::1[39m
2026-07-26 19:23:47:2347 [31merror[39m: [31mJWT Verification Error: jwt expired[39m
2026-07-26 19:23:47:2347 [31merror[39m: [31m401 - Invalid or expired security token. Please log in again. - /api/v1/cases - GET - ::1[39m
2026-07-26 19:23:47:2347 [31merror[39m: [31mJWT Verification Error: jwt expired[39m
2026-07-26 19:23:47:2347 [31merror[39m: [31m401 - Invalid or expired security token. Please log in again. - /api/v1/roles/roles - GET - ::1[39m
2026-07-26 19:23:47:2347 [31merror[39m: [31mJWT Verification Error: jwt expired[39m
2026-07-26 19:23:47:2347 [31merror[39m: [31m401 - Invalid or expired security token. Please log in again. - /api/v1/cases - GET - ::1[39m
2026-07-26 19:23:47:2347 [31merror[39m: [31mGetAllActs error: Table 'advocate_management_system.bare_acts' doesn't exist[39m
2026-07-26 19:23:47:2347 [31merror[39m: [31m500 - Table 'advocate_management_system.bare_acts' doesn't exist - /api/v1/acts - GET - ::1[39m
2026-07-26 19:23:47:2347 [31merror[39m: [31mGetAllAmendments error: Table 'advocate_management_system.amendments' doesn't exist[39m
2026-07-26 19:23:47:2347 [31merror[39m: [31m500 - Table 'advocate_management_system.amendments' doesn't exist - /api/v1/amendments - GET - ::1[39m
2026-07-26 19:23:47:2347 [31merror[39m: [31mJWT Verification Error: jwt expired[39m
2026-07-26 19:23:47:2347 [31merror[39m: [31m401 - Invalid or expired security token. Please log in again. - /api/v1/roles/roles - GET - ::1[39m
2026-07-26 19:23:47:2347 [31merror[39m: [31mGetAllActs error: Table 'advocate_management_system.bare_acts' doesn't exist[39m
2026-07-26 19:23:47:2347 [31merror[39m: [31m500 - Table 'advocate_management_system.bare_acts' doesn't exist - /api/v1/acts - GET - ::1[39m
2026-07-26 19:23:47:2347 [31merror[39m: [31mGetAllAmendments error: Table 'advocate_management_system.amendments' doesn't exist[39m
2026-07-26 19:23:47:2347 [31merror[39m: [31m500 - Table 'advocate_management_system.amendments' doesn't exist - /api/v1/amendments - GET - ::1[39m
2026-07-26 19:53:07:537 [31merror[39m: [31mJWT Verification Error: jwt expired[39m
2026-07-26 19:53:07:537 [31merror[39m: [31m401 - Invalid or expired security token. Please log in again. - /api/v1/cases - GET - ::1[39m
2026-07-26 19:53:07:537 [31merror[39m: [31mJWT Verification Error: jwt expired[39m
2026-07-26 19:53:07:537 [31merror[39m: [31m401 - Invalid or expired security token. Please log in again. - /api/v1/clients - GET - ::1[39m
2026-07-26 19:53:07:537 [31merror[39m: [31mJWT Verification Error: jwt expired[39m
2026-07-26 19:53:07:537 [31merror[39m: [31m401 - Invalid or expired security token. Please log in again. - /api/v1/advocates - GET - ::1[39m
2026-07-26 19:53:07:537 [31merror[39m: [31mJWT Verification Error: jwt expired[39m
2026-07-26 19:53:07:537 [31merror[39m: [31m401 - Invalid or expired security token. Please log in again. - /api/v1/diary - GET - ::1[39m
2026-07-26 19:53:07:537 [31merror[39m: [31mJWT Verification Error: jwt expired[39m
2026-07-26 19:53:07:537 [31merror[39m: [31m401 - Invalid or expired security token. Please log in again. - /api/v1/daybook - GET - ::1[39m
2026-07-26 19:53:07:537 [31merror[39m: [31mJWT Verification Error: jwt expired[39m
2026-07-26 19:53:07:537 [31merror[39m: [31m401 - Invalid or expired security token. Please log in again. - /api/v1/payments - GET - ::1[39m
2026-07-26 19:53:07:537 [31merror[39m: [31mJWT Verification Error: jwt expired[39m
2026-07-26 19:53:07:537 [31merror[39m: [31m401 - Invalid or expired security token. Please log in again. - /api/v1/alerts - GET - ::1[39m
2026-07-26 19:53:07:537 [31merror[39m: [31mJWT Verification Error: jwt expired[39m
2026-07-26 19:53:07:537 [31merror[39m: [31m401 - Invalid or expired security token. Please log in again. - /api/v1/lands - GET - ::1[39m
2026-07-26 19:53:07:537 [31merror[39m: [31mJWT Verification Error: jwt expired[39m
2026-07-26 19:53:07:537 [31merror[39m: [31m401 - Invalid or expired security token. Please log in again. - /api/v1/opinions - GET - ::1[39m
2026-07-26 19:53:07:537 [31merror[39m: [31mJWT Verification Error: jwt expired[39m
2026-07-26 19:53:07:537 [31merror[39m: [31m401 - Invalid or expired security token. Please log in again. - /api/v1/memberships - GET - ::1[39m
2026-07-26 19:53:07:537 [31merror[39m: [31mJWT Verification Error: jwt expired[39m
2026-07-26 19:53:07:537 [31merror[39m: [31m401 - Invalid or expired security token. Please log in again. - /api/v1/acts - GET - ::1[39m
2026-07-26 19:53:07:537 [31merror[39m: [31mJWT Verification Error: jwt expired[39m
2026-07-26 19:53:07:537 [31merror[39m: [31m401 - Invalid or expired security token. Please log in again. - /api/v1/cases - GET - ::1[39m
2026-07-26 19:53:07:537 [31merror[39m: [31mJWT Verification Error: jwt expired[39m
2026-07-26 19:53:07:537 [31merror[39m: [31m401 - Invalid or expired security token. Please log in again. - /api/v1/amendments - GET - ::1[39m
2026-07-26 19:53:08:538 [31merror[39m: [31mJWT Verification Error: jwt expired[39m
2026-07-26 19:53:08:538 [31merror[39m: [31m401 - Invalid or expired security token. Please log in again. - /api/v1/roles/roles - GET - ::1[39m
2026-07-26 19:53:08:538 [31merror[39m: [31mJWT Verification Error: jwt expired[39m
2026-07-26 19:53:08:538 [31merror[39m: [31m401 - Invalid or expired security token. Please log in again. - /api/v1/roles/modules - GET - ::1[39m
2026-07-26 19:53:08:538 [31merror[39m: [31mJWT Verification Error: jwt expired[39m
2026-07-26 19:53:08:538 [31merror[39m: [31m401 - Invalid or expired security token. Please log in again. - /api/v1/clients - GET - ::1[39m
2026-07-26 19:53:08:538 [31merror[39m: [31mJWT Verification Error: jwt expired[39m
2026-07-26 19:53:08:538 [31merror[39m: [31m401 - Invalid or expired security token. Please log in again. - /api/v1/advocates - GET - ::1[39m
2026-07-26 19:53:08:538 [31merror[39m: [31mJWT Verification Error: jwt expired[39m
2026-07-26 19:53:08:538 [31merror[39m: [31m401 - Invalid or expired security token. Please log in again. - /api/v1/roles/roles - GET - ::1[39m
2026-07-26 19:53:08:538 [31merror[39m: [31mJWT Verification Error: jwt expired[39m
2026-07-26 19:53:08:538 [31merror[39m: [31m401 - Invalid or expired security token. Please log in again. - /api/v1/cases - GET - ::1[39m
2026-07-26 19:53:08:538 [31merror[39m: [31mJWT Verification Error: jwt expired[39m
2026-07-26 19:53:08:538 [31merror[39m: [31m401 - Invalid or expired security token. Please log in again. - /api/v1/clients - GET - ::1[39m
2026-07-26 19:53:08:538 [31merror[39m: [31mJWT Verification Error: jwt expired[39m
2026-07-26 19:53:08:538 [31merror[39m: [31m401 - Invalid or expired security token. Please log in again. - /api/v1/advocates - GET - ::1[39m
2026-07-26 19:53:08:538 [31merror[39m: [31mJWT Verification Error: jwt expired[39m
2026-07-26 19:53:08:538 [31merror[39m: [31m401 - Invalid or expired security token. Please log in again. - /api/v1/diary - GET - ::1[39m
2026-07-26 19:53:08:538 [31merror[39m: [31mJWT Verification Error: jwt expired[39m
2026-07-26 19:53:08:538 [31merror[39m: [31m401 - Invalid or expired security token. Please log in again. - /api/v1/daybook - GET - ::1[39m
2026-07-26 19:53:08:538 [31merror[39m: [31mJWT Verification Error: jwt expired[39m
2026-07-26 19:53:08:538 [31merror[39m: [31m401 - Invalid or expired security token. Please log in again. - /api/v1/payments - GET - ::1[39m
2026-07-26 19:53:08:538 [31merror[39m: [31mJWT Verification Error: jwt expired[39m
2026-07-26 19:53:08:538 [31merror[39m: [31m401 - Invalid or expired security token. Please log in again. - /api/v1/alerts - GET - ::1[39m
2026-07-26 19:53:08:538 [31merror[39m: [31mJWT Verification Error: jwt expired[39m
2026-07-26 19:53:08:538 [31merror[39m: [31m401 - Invalid or expired security token. Please log in again. - /api/v1/acts - GET - ::1[39m
2026-07-26 19:53:08:538 [31merror[39m: [31mJWT Verification Error: jwt expired[39m
2026-07-26 19:53:08:538 [31merror[39m: [31m401 - Invalid or expired security token. Please log in again. - /api/v1/lands - GET - ::1[39m
2026-07-26 19:53:08:538 [31merror[39m: [31mJWT Verification Error: jwt expired[39m
2026-07-26 19:53:08:538 [31merror[39m: [31m401 - Invalid or expired security token. Please log in again. - /api/v1/opinions - GET - ::1[39m
2026-07-26 19:53:08:538 [31merror[39m: [31mJWT Verification Error: jwt expired[39m
2026-07-26 19:53:08:538 [31merror[39m: [31m401 - Invalid or expired security token. Please log in again. - /api/v1/memberships - GET - ::1[39m
2026-07-26 19:53:08:538 [31merror[39m: [31mJWT Verification Error: jwt expired[39m
2026-07-26 19:53:08:538 [31merror[39m: [31m401 - Invalid or expired security token. Please log in again. - /api/v1/amendments - GET - ::1[39m
2026-07-26 19:53:08:538 [31merror[39m: [31mJWT Verification Error: jwt expired[39m
2026-07-26 19:53:08:538 [31merror[39m: [31m401 - Invalid or expired security token. Please log in again. - /api/v1/roles/roles - GET - ::1[39m
2026-07-26 19:53:08:538 [31merror[39m: [31mJWT Verification Error: jwt expired[39m
2026-07-26 19:53:08:538 [31merror[39m: [31m401 - Invalid or expired security token. Please log in again. - /api/v1/roles/modules - GET - ::1[39m
2026-07-26 19:53:08:538 [31merror[39m: [31mJWT Verification Error: jwt expired[39m
2026-07-26 19:53:08:538 [31merror[39m: [31m401 - Invalid or expired security token. Please log in again. - /api/v1/diary - GET - ::1[39m
2026-07-26 19:53:08:538 [31merror[39m: [31mJWT Verification Error: jwt expired[39m
2026-07-26 19:53:08:538 [31merror[39m: [31m401 - Invalid or expired security token. Please log in again. - /api/v1/daybook - GET - ::1[39m
2026-07-26 19:53:08:538 [31merror[39m: [31mJWT Verification Error: jwt expired[39m
2026-07-26 19:53:08:538 [31merror[39m: [31m401 - Invalid or expired security token. Please log in again. - /api/v1/roles/roles - GET - ::1[39m
2026-07-26 19:53:08:538 [31merror[39m: [31mJWT Verification Error: jwt expired[39m
2026-07-26 19:53:08:538 [31merror[39m: [31m401 - Invalid or expired security token. Please log in again. - /api/v1/payments - GET - ::1[39m
2026-07-26 19:53:08:538 [31merror[39m: [31mJWT Verification Error: jwt expired[39m
2026-07-26 19:53:08:538 [31merror[39m: [31m401 - Invalid or expired security token. Please log in again. - /api/v1/alerts - GET - ::1[39m
2026-07-26 19:53:08:538 [31merror[39m: [31mJWT Verification Error: jwt expired[39m
2026-07-26 19:53:08:538 [31merror[39m: [31m401 - Invalid or expired security token. Please log in again. - /api/v1/lands - GET - ::1[39m
2026-07-26 19:53:08:538 [31merror[39m: [31mJWT Verification Error: jwt expired[39m
2026-07-26 19:53:08:538 [31merror[39m: [31m401 - Invalid or expired security token. Please log in again. - /api/v1/opinions - GET - ::1[39m
2026-07-26 19:53:08:538 [31merror[39m: [31mJWT Verification Error: jwt expired[39m
2026-07-26 19:53:08:538 [31merror[39m: [31m401 - Invalid or expired security token. Please log in again. - /api/v1/memberships - GET - ::1[39m
2026-07-26 19:53:08:538 [31merror[39m: [31mJWT Verification Error: jwt expired[39m
2026-07-26 19:53:08:538 [31merror[39m: [31m401 - Invalid or expired security token. Please log in again. - /api/v1/acts - GET - ::1[39m
2026-07-26 19:53:08:538 [31merror[39m: [31mJWT Verification Error: jwt expired[39m
2026-07-26 19:53:08:538 [31merror[39m: [31m401 - Invalid or expired security token. Please log in again. - /api/v1/amendments - GET - ::1[39m
2026-07-26 19:53:08:538 [31merror[39m: [31mJWT Verification Error: jwt expired[39m
2026-07-26 19:53:08:538 [31merror[39m: [31m401 - Invalid or expired security token. Please log in again. - /api/v1/roles/roles - GET - ::1[39m
2026-07-26 19:53:08:538 [31merror[39m: [31mJWT Verification Error: jwt expired[39m
2026-07-26 19:53:08:538 [31merror[39m: [31m401 - Invalid or expired security token. Please log in again. - /api/v1/roles/modules - GET - ::1[39m
2026-07-26 19:53:08:538 [31merror[39m: [31mJWT Verification Error: jwt expired[39m
2026-07-26 19:53:08:538 [31merror[39m: [31m401 - Invalid or expired security token. Please log in again. - /api/v1/cases - GET - ::1[39m
2026-07-26 19:53:08:538 [31merror[39m: [31mJWT Verification Error: jwt expired[39m
2026-07-26 19:53:08:538 [31merror[39m: [31m401 - Invalid or expired security token. Please log in again. - /api/v1/clients - GET - ::1[39m
2026-07-26 19:53:08:538 [31merror[39m: [31mJWT Verification Error: jwt expired[39m
2026-07-26 19:53:08:538 [31merror[39m: [31m401 - Invalid or expired security token. Please log in again. - /api/v1/advocates - GET - ::1[39m
2026-07-26 19:53:08:538 [31merror[39m: [31mJWT Verification Error: jwt expired[39m
2026-07-26 19:53:08:538 [31merror[39m: [31m401 - Invalid or expired security token. Please log in again. - /api/v1/diary - GET - ::1[39m
2026-07-26 19:53:08:538 [31merror[39m: [31mJWT Verification Error: jwt expired[39m
2026-07-26 19:53:08:538 [31merror[39m: [31m401 - Invalid or expired security token. Please log in again. - /api/v1/daybook - GET - ::1[39m
2026-07-26 19:53:08:538 [31merror[39m: [31mJWT Verification Error: jwt expired[39m
2026-07-26 19:53:08:538 [31merror[39m: [31m401 - Invalid or expired security token. Please log in again. - /api/v1/payments - GET - ::1[39m
2026-07-26 19:53:08:538 [31merror[39m: [31mJWT Verification Error: jwt expired[39m
2026-07-26 19:53:08:538 [31merror[39m: [31m401 - Invalid or expired security token. Please log in again. - /api/v1/alerts - GET - ::1[39m
2026-07-26 19:53:08:538 [31merror[39m: [31mJWT Verification Error: jwt expired[39m
2026-07-26 19:53:08:538 [31merror[39m: [31m401 - Invalid or expired security token. Please log in again. - /api/v1/lands - GET - ::1[39m
2026-07-26 19:53:08:538 [31merror[39m: [31mJWT Verification Error: jwt expired[39m
2026-07-26 19:53:08:538 [31merror[39m: [31m401 - Invalid or expired security token. Please log in again. - /api/v1/opinions - GET - ::1[39m
2026-07-26 19:53:08:538 [31merror[39m: [31mJWT Verification Error: jwt expired[39m
2026-07-26 19:53:08:538 [31merror[39m: [31m401 - Invalid or expired security token. Please log in again. - /api/v1/memberships - GET - ::1[39m
2026-07-26 19:53:08:538 [31merror[39m: [31mJWT Verification Error: jwt expired[39m
2026-07-26 19:53:08:538 [31merror[39m: [31m401 - Invalid or expired security token. Please log in again. - /api/v1/amendments - GET - ::1[39m
2026-07-26 19:53:08:538 [31merror[39m: [31mJWT Verification Error: jwt expired[39m
2026-07-26 19:53:08:538 [31merror[39m: [31m401 - Invalid or expired security token. Please log in again. - /api/v1/acts - GET - ::1[39m
2026-07-26 19:53:08:538 [31merror[39m: [31mJWT Verification Error: jwt expired[39m
2026-07-26 19:53:08:538 [31merror[39m: [31m401 - Invalid or expired security token. Please log in again. - /api/v1/roles/roles - GET - ::1[39m
2026-07-26 19:53:08:538 [31merror[39m: [31mJWT Verification Error: jwt expired[39m
2026-07-26 19:53:08:538 [31merror[39m: [31m401 - Invalid or expired security token. Please log in again. - /api/v1/roles/modules - GET - ::1[39m
2026-07-26 19:53:08:538 [31merror[39m: [31mJWT Verification Error: jwt expired[39m
2026-07-26 19:53:08:538 [31merror[39m: [31m401 - Invalid or expired security token. Please log in again. - /api/v1/roles/roles - GET - ::1[39m
2026-07-26 19:53:08:538 [31merror[39m: [31mJWT Verification Error: jwt expired[39m
2026-07-26 19:53:08:538 [31merror[39m: [31m401 - Invalid or expired security token. Please log in again. - /api/v1/roles/roles - GET - ::1[39m
2026-07-26 19:53:08:538 [31merror[39m: [31mGetAllActs error: Table 'advocate_management_system.bare_acts' doesn't exist[39m
2026-07-26 19:53:08:538 [31merror[39m: [31m500 - Table 'advocate_management_system.bare_acts' doesn't exist - /api/v1/acts - GET - ::1[39m
2026-07-26 19:53:08:538 [31merror[39m: [31mGetAllAmendments error: Table 'advocate_management_system.amendments' doesn't exist[39m
2026-07-26 19:53:08:538 [31merror[39m: [31m500 - Table 'advocate_management_system.amendments' doesn't exist - /api/v1/amendments - GET - ::1[39m
2026-07-26 19:53:09:539 [31merror[39m: [31mGetAllActs error: Table 'advocate_management_system.bare_acts' doesn't exist[39m
2026-07-26 19:53:09:539 [31merror[39m: [31m500 - Table 'advocate_management_system.bare_acts' doesn't exist - /api/v1/acts - GET - ::1[39m
2026-07-26 19:53:09:539 [31merror[39m: [31mGetAllAmendments error: Table 'advocate_management_system.amendments' doesn't exist[39m
2026-07-26 19:53:09:539 [31merror[39m: [31m500 - Table 'advocate_management_system.amendments' doesn't exist - /api/v1/amendments - GET - ::1[39m
2026-07-26 19:53:09:539 [31merror[39m: [31mGetAllActs error: Table 'advocate_management_system.bare_acts' doesn't exist[39m
2026-07-26 19:53:09:539 [31merror[39m: [31m500 - Table 'advocate_management_system.bare_acts' doesn't exist - /api/v1/acts - GET - ::1[39m
2026-07-26 19:53:09:539 [31merror[39m: [31mGetAllAmendments error: Table 'advocate_management_system.amendments' doesn't exist[39m
2026-07-26 19:53:09:539 [31merror[39m: [31m500 - Table 'advocate_management_system.amendments' doesn't exist - /api/v1/amendments - GET - ::1[39m
2026-07-26 19:53:09:539 [31merror[39m: [31mGetAllActs error: Table 'advocate_management_system.bare_acts' doesn't exist[39m
2026-07-26 19:53:09:539 [31merror[39m: [31m500 - Table 'advocate_management_system.bare_acts' doesn't exist - /api/v1/acts - GET - ::1[39m
2026-07-26 19:53:09:539 [31merror[39m: [31mGetAllAmendments error: Table 'advocate_management_system.amendments' doesn't exist[39m
2026-07-26 19:53:09:539 [31merror[39m: [31m500 - Table 'advocate_management_system.amendments' doesn't exist - /api/v1/amendments - GET - ::1[39m
2026-07-26 21:57:27:5727 [31merror[39m: [31mJWT Verification Error: jwt expired[39m
2026-07-26 21:57:27:5727 [31merror[39m: [31m401 - Invalid or expired security token. Please log in again. - /api/v1/cases - GET - ::1[39m
2026-07-26 21:57:27:5727 [31merror[39m: [31mJWT Verification Error: jwt expired[39m
2026-07-26 21:57:27:5727 [31merror[39m: [31m401 - Invalid or expired security token. Please log in again. - /api/v1/clients - GET - ::1[39m
2026-07-26 21:57:27:5727 [31merror[39m: [31mJWT Verification Error: jwt expired[39m
2026-07-26 21:57:27:5727 [31merror[39m: [31m401 - Invalid or expired security token. Please log in again. - /api/v1/advocates - GET - ::1[39m
2026-07-26 21:57:27:5727 [31merror[39m: [31mJWT Verification Error: jwt expired[39m
2026-07-26 21:57:27:5727 [31merror[39m: [31m401 - Invalid or expired security token. Please log in again. - /api/v1/diary - GET - ::1[39m
2026-07-26 21:57:27:5727 [31merror[39m: [31mJWT Verification Error: jwt expired[39m
2026-07-26 21:57:27:5727 [31merror[39m: [31m401 - Invalid or expired security token. Please log in again. - /api/v1/daybook - GET - ::1[39m
2026-07-26 21:57:27:5727 [31merror[39m: [31mJWT Verification Error: jwt expired[39m
2026-07-26 21:57:27:5727 [31merror[39m: [31m401 - Invalid or expired security token. Please log in again. - /api/v1/payments - GET - ::1[39m
2026-07-26 21:57:28:5728 [31merror[39m: [31mJWT Verification Error: jwt expired[39m
2026-07-26 21:57:28:5728 [31merror[39m: [31m401 - Invalid or expired security token. Please log in again. - /api/v1/alerts - GET - ::1[39m
2026-07-26 21:57:28:5728 [31merror[39m: [31mJWT Verification Error: jwt expired[39m
2026-07-26 21:57:28:5728 [31merror[39m: [31m401 - Invalid or expired security token. Please log in again. - /api/v1/lands - GET - ::1[39m
2026-07-26 21:57:28:5728 [31merror[39m: [31mJWT Verification Error: jwt expired[39m
2026-07-26 21:57:28:5728 [31merror[39m: [31m401 - Invalid or expired security token. Please log in again. - /api/v1/opinions - GET - ::1[39m
2026-07-26 21:57:28:5728 [31merror[39m: [31mJWT Verification Error: jwt expired[39m
2026-07-26 21:57:28:5728 [31merror[39m: [31m401 - Invalid or expired security token. Please log in again. - /api/v1/memberships - GET - ::1[39m
2026-07-26 21:57:28:5728 [31merror[39m: [31mJWT Verification Error: jwt expired[39m
2026-07-26 21:57:28:5728 [31merror[39m: [31m401 - Invalid or expired security token. Please log in again. - /api/v1/acts - GET - ::1[39m
2026-07-26 21:57:28:5728 [31merror[39m: [31mJWT Verification Error: jwt expired[39m
2026-07-26 21:57:28:5728 [31merror[39m: [31m401 - Invalid or expired security token. Please log in again. - /api/v1/amendments - GET - ::1[39m
2026-07-26 21:57:28:5728 [31merror[39m: [31mJWT Verification Error: jwt expired[39m
2026-07-26 21:57:28:5728 [31merror[39m: [31m401 - Invalid or expired security token. Please log in again. - /api/v1/roles/roles - GET - ::1[39m
2026-07-26 21:57:28:5728 [31merror[39m: [31mJWT Verification Error: jwt expired[39m
2026-07-26 21:57:28:5728 [31merror[39m: [31m401 - Invalid or expired security token. Please log in again. - /api/v1/roles/modules - GET - ::1[39m
2026-07-26 21:57:29:5729 [31merror[39m: [31mJWT Verification Error: jwt expired[39m
2026-07-26 21:57:29:5729 [31merror[39m: [31m401 - Invalid or expired security token. Please log in again. - /api/v1/cases - GET - ::1[39m
2026-07-26 21:57:29:5729 [31merror[39m: [31mJWT Verification Error: jwt expired[39m
2026-07-26 21:57:29:5729 [31merror[39m: [31m401 - Invalid or expired security token. Please log in again. - /api/v1/advocates - GET - ::1[39m
2026-07-26 21:57:29:5729 [31merror[39m: [31mJWT Verification Error: jwt expired[39m
2026-07-26 21:57:29:5729 [31merror[39m: [31m401 - Invalid or expired security token. Please log in again. - /api/v1/clients - GET - ::1[39m
2026-07-26 21:57:29:5729 [31merror[39m: [31mJWT Verification Error: jwt expired[39m
2026-07-26 21:57:29:5729 [31merror[39m: [31m401 - Invalid or expired security token. Please log in again. - /api/v1/diary - GET - ::1[39m
2026-07-26 21:57:29:5729 [31merror[39m: [31mJWT Verification Error: jwt expired[39m
2026-07-26 21:57:29:5729 [31merror[39m: [31m401 - Invalid or expired security token. Please log in again. - /api/v1/payments - GET - ::1[39m
2026-07-26 21:57:29:5729 [31merror[39m: [31mJWT Verification Error: jwt expired[39m
2026-07-26 21:57:29:5729 [31merror[39m: [31m401 - Invalid or expired security token. Please log in again. - /api/v1/daybook - GET - ::1[39m
2026-07-26 21:57:29:5729 [31merror[39m: [31mJWT Verification Error: jwt expired[39m
2026-07-26 21:57:29:5729 [31merror[39m: [31m401 - Invalid or expired security token. Please log in again. - /api/v1/alerts - GET - ::1[39m
2026-07-26 21:57:29:5729 [31merror[39m: [31mJWT Verification Error: jwt expired[39m
2026-07-26 21:57:29:5729 [31merror[39m: [31m401 - Invalid or expired security token. Please log in again. - /api/v1/opinions - GET - ::1[39m
2026-07-26 21:57:29:5729 [31merror[39m: [31mJWT Verification Error: jwt expired[39m
2026-07-26 21:57:29:5729 [31merror[39m: [31m401 - Invalid or expired security token. Please log in again. - /api/v1/acts - GET - ::1[39m
2026-07-26 21:57:30:5730 [31merror[39m: [31mJWT Verification Error: jwt expired[39m
2026-07-26 21:57:30:5730 [31merror[39m: [31m401 - Invalid or expired security token. Please log in again. - /api/v1/memberships - GET - ::1[39m
2026-07-26 21:57:30:5730 [31merror[39m: [31mJWT Verification Error: jwt expired[39m
2026-07-26 21:57:30:5730 [31merror[39m: [31m401 - Invalid or expired security token. Please log in again. - /api/v1/amendments - GET - ::1[39m
2026-07-26 21:57:30:5730 [31merror[39m: [31mJWT Verification Error: jwt expired[39m
2026-07-26 21:57:30:5730 [31merror[39m: [31m401 - Invalid or expired security token. Please log in again. - /api/v1/lands - GET - ::1[39m
2026-07-26 21:57:30:5730 [31merror[39m: [31mJWT Verification Error: jwt expired[39m
2026-07-26 21:57:30:5730 [31merror[39m: [31m401 - Invalid or expired security token. Please log in again. - /api/v1/roles/roles - GET - ::1[39m
2026-07-26 21:57:30:5730 [31merror[39m: [31mJWT Verification Error: jwt expired[39m
2026-07-26 21:57:30:5730 [31merror[39m: [31m401 - Invalid or expired security token. Please log in again. - /api/v1/roles/modules - GET - ::1[39m
2026-07-26 21:57:30:5730 [31merror[39m: [31mJWT Verification Error: jwt expired[39m
2026-07-26 21:57:30:5730 [31merror[39m: [31m401 - Invalid or expired security token. Please log in again. - /api/v1/advocates - GET - ::1[39m
2026-07-26 21:57:30:5730 [31merror[39m: [31mJWT Verification Error: jwt expired[39m
2026-07-26 21:57:30:5730 [31merror[39m: [31m401 - Invalid or expired security token. Please log in again. - /api/v1/cases - GET - ::1[39m
2026-07-26 21:57:30:5730 [31merror[39m: [31mJWT Verification Error: jwt expired[39m
2026-07-26 21:57:30:5730 [31merror[39m: [31m401 - Invalid or expired security token. Please log in again. - /api/v1/clients - GET - ::1[39m
2026-07-26 21:57:31:5731 [31merror[39m: [31mJWT Verification Error: jwt expired[39m
2026-07-26 21:57:31:5731 [31merror[39m: [31m401 - Invalid or expired security token. Please log in again. - /api/v1/roles/roles - GET - ::1[39m
2026-07-26 21:57:32:5732 [31merror[39m: [31mGetAllAmendments error: Table 'advocate_management_system.amendments' doesn't exist[39m
2026-07-26 21:57:32:5732 [31merror[39m: [31m500 - Table 'advocate_management_system.amendments' doesn't exist - /api/v1/amendments - GET - ::1[39m
2026-07-26 21:57:32:5732 [31merror[39m: [31mGetAllActs error: Table 'advocate_management_system.bare_acts' doesn't exist[39m
2026-07-26 21:57:32:5732 [31merror[39m: [31m500 - Table 'advocate_management_system.bare_acts' doesn't exist - /api/v1/acts - GET - ::1[39m
2026-07-26 21:57:32:5732 [31merror[39m: [31mJWT Verification Error: jwt expired[39m
2026-07-26 21:57:32:5732 [31merror[39m: [31m401 - Invalid or expired security token. Please log in again. - /api/v1/cases - GET - ::1[39m
2026-07-26 21:57:33:5733 [31merror[39m: [31mJWT Verification Error: jwt expired[39m
2026-07-26 21:57:33:5733 [31merror[39m: [31m401 - Invalid or expired security token. Please log in again. - /api/v1/advocates - GET - ::1[39m
2026-07-26 21:57:33:5733 [31merror[39m: [31mJWT Verification Error: jwt expired[39m
2026-07-26 21:57:33:5733 [31merror[39m: [31m401 - Invalid or expired security token. Please log in again. - /api/v1/clients - GET - ::1[39m
2026-07-26 21:57:33:5733 [31merror[39m: [31mJWT Verification Error: jwt expired[39m
2026-07-26 21:57:33:5733 [31merror[39m: [31m401 - Invalid or expired security token. Please log in again. - /api/v1/roles/roles - GET - ::1[39m
2026-07-26 21:57:33:5733 [31merror[39m: [31mGetAllAmendments error: Table 'advocate_management_system.amendments' doesn't exist[39m
2026-07-26 21:57:33:5733 [31merror[39m: [31m500 - Table 'advocate_management_system.amendments' doesn't exist - /api/v1/amendments - GET - ::1[39m
2026-07-26 21:57:33:5733 [31merror[39m: [31mGetAllActs error: Table 'advocate_management_system.bare_acts' doesn't exist[39m
2026-07-26 21:57:33:5733 [31merror[39m: [31m500 - Table 'advocate_management_system.bare_acts' doesn't exist - /api/v1/acts - GET - ::1[39m
2026-07-26 21:57:58:5758 [32minfo[39m: [32mShutting down server gracefully...[39m
2026-07-27 09:35:57:3557 [32minfo[39m: [32mMySQL database connection established successfully.[39m
2026-07-27 09:35:57:3557 [32minfo[39m: [32mAlert scanner scheduled daily at midnight (0 0 * * *).[39m
2026-07-27 09:35:57:3557 [32minfo[39m: [32mServer successfully started on port 5000 in development mode.[39m
2026-07-27 09:35:59:3559 [32minfo[39m: [32mMySQL database connection established successfully.[39m
2026-07-27 09:35:59:3559 [32minfo[39m: [32mAlert scanner scheduled daily at midnight (0 0 * * *).[39m
2026-07-27 09:35:59:3559 [32minfo[39m: [32mServer successfully started on port 5000 in development mode.[39m
2026-07-27 09:36:13:3613 [31merror[39m: [31mJWT Verification Error: jwt expired[39m
2026-07-27 09:36:13:3613 [31merror[39m: [31m401 - Invalid or expired security token. Please log in again. - /api/v1/cases - GET - ::1[39m
2026-07-27 09:36:13:3613 [31merror[39m: [31mJWT Verification Error: jwt expired[39m
2026-07-27 09:36:13:3613 [31merror[39m: [31m401 - Invalid or expired security token. Please log in again. - /api/v1/alerts - GET - ::1[39m
2026-07-27 09:36:13:3613 [31merror[39m: [31mJWT Verification Error: jwt expired[39m
2026-07-27 09:36:13:3613 [31merror[39m: [31m401 - Invalid or expired security token. Please log in again. - /api/v1/lands - GET - ::1[39m
2026-07-27 09:36:13:3613 [31merror[39m: [31mJWT Verification Error: jwt expired[39m
2026-07-27 09:36:13:3613 [31merror[39m: [31m401 - Invalid or expired security token. Please log in again. - /api/v1/opinions - GET - ::1[39m
2026-07-27 09:36:13:3613 [31merror[39m: [31mJWT Verification Error: jwt expired[39m
2026-07-27 09:36:13:3613 [31merror[39m: [31m401 - Invalid or expired security token. Please log in again. - /api/v1/memberships - GET - ::1[39m
2026-07-27 09:36:13:3613 [31merror[39m: [31mJWT Verification Error: jwt expired[39m
2026-07-27 09:36:13:3613 [31merror[39m: [31m401 - Invalid or expired security token. Please log in again. - /api/v1/clients - GET - ::1[39m
2026-07-27 09:36:13:3613 [31merror[39m: [31mJWT Verification Error: jwt expired[39m
2026-07-27 09:36:13:3613 [31merror[39m: [31m401 - Invalid or expired security token. Please log in again. - /api/v1/advocates - GET - ::1[39m
2026-07-27 09:36:13:3613 [31merror[39m: [31mJWT Verification Error: jwt expired[39m
2026-07-27 09:36:13:3613 [31merror[39m: [31m401 - Invalid or expired security token. Please log in again. - /api/v1/diary - GET - ::1[39m
2026-07-27 09:36:13:3613 [31merror[39m: [31mJWT Verification Error: jwt expired[39m
2026-07-27 09:36:13:3613 [31merror[39m: [31m401 - Invalid or expired security token. Please log in again. - /api/v1/daybook - GET - ::1[39m
2026-07-27 09:36:13:3613 [31merror[39m: [31mJWT Verification Error: jwt expired[39m
2026-07-27 09:36:13:3613 [31merror[39m: [31m401 - Invalid or expired security token. Please log in again. - /api/v1/payments - GET - ::1[39m
2026-07-27 09:36:13:3613 [31merror[39m: [31mJWT Verification Error: jwt expired[39m
2026-07-27 09:36:13:3613 [31merror[39m: [31m401 - Invalid or expired security token. Please log in again. - /api/v1/amendments - GET - ::1[39m
2026-07-27 09:36:13:3613 [31merror[39m: [31mJWT Verification Error: jwt expired[39m
2026-07-27 09:36:13:3613 [31merror[39m: [31m401 - Invalid or expired security token. Please log in again. - /api/v1/roles/modules - GET - ::1[39m
2026-07-27 09:36:13:3613 [31merror[39m: [31mJWT Verification Error: jwt expired[39m
2026-07-27 09:36:13:3613 [31merror[39m: [31m401 - Invalid or expired security token. Please log in again. - /api/v1/acts - GET - ::1[39m
2026-07-27 09:36:13:3613 [31merror[39m: [31mJWT Verification Error: jwt expired[39m
2026-07-27 09:36:13:3613 [31merror[39m: [31m401 - Invalid or expired security token. Please log in again. - /api/v1/roles/roles - GET - ::1[39m
2026-07-27 09:36:13:3613 [31merror[39m: [31mJWT Verification Error: jwt expired[39m
2026-07-27 09:36:13:3613 [31merror[39m: [31m401 - Invalid or expired security token. Please log in again. - /api/v1/lands - GET - ::1[39m
2026-07-27 09:36:13:3613 [31merror[39m: [31mJWT Verification Error: jwt expired[39m
2026-07-27 09:36:13:3613 [31merror[39m: [31m401 - Invalid or expired security token. Please log in again. - /api/v1/alerts - GET - ::1[39m
2026-07-27 09:36:13:3613 [31merror[39m: [31mJWT Verification Error: jwt expired[39m
2026-07-27 09:36:13:3613 [31merror[39m: [31m401 - Invalid or expired security token. Please log in again. - /api/v1/cases - GET - ::1[39m
2026-07-27 09:36:13:3613 [31merror[39m: [31mJWT Verification Error: jwt expired[39m
2026-07-27 09:36:13:3613 [31merror[39m: [31m401 - Invalid or expired security token. Please log in again. - /api/v1/opinions - GET - ::1[39m
2026-07-27 09:36:13:3613 [31merror[39m: [31mJWT Verification Error: jwt expired[39m
2026-07-27 09:36:13:3613 [31merror[39m: [31m401 - Invalid or expired security token. Please log in again. - /api/v1/memberships - GET - ::1[39m
2026-07-27 09:36:13:3613 [31merror[39m: [31mJWT Verification Error: jwt expired[39m
2026-07-27 09:36:13:3613 [31merror[39m: [31m401 - Invalid or expired security token. Please log in again. - /api/v1/clients - GET - ::1[39m
2026-07-27 09:36:13:3613 [31merror[39m: [31mJWT Verification Error: jwt expired[39m
2026-07-27 09:36:13:3613 [31merror[39m: [31m401 - Invalid or expired security token. Please log in again. - /api/v1/advocates - GET - ::1[39m
2026-07-27 09:36:13:3613 [31merror[39m: [31mJWT Verification Error: jwt expired[39m
2026-07-27 09:36:13:3613 [31merror[39m: [31m401 - Invalid or expired security token. Please log in again. - /api/v1/diary - GET - ::1[39m
2026-07-27 09:36:13:3613 [31merror[39m: [31mJWT Verification Error: jwt expired[39m
2026-07-27 09:36:13:3613 [31merror[39m: [31m401 - Invalid or expired security token. Please log in again. - /api/v1/daybook - GET - ::1[39m
2026-07-27 09:36:13:3613 [31merror[39m: [31mJWT Verification Error: jwt expired[39m
2026-07-27 09:36:13:3613 [31merror[39m: [31m401 - Invalid or expired security token. Please log in again. - /api/v1/payments - GET - ::1[39m
2026-07-27 09:36:13:3613 [31merror[39m: [31mJWT Verification Error: jwt expired[39m
2026-07-27 09:36:13:3613 [31merror[39m: [31m401 - Invalid or expired security token. Please log in again. - /api/v1/roles/modules - GET - ::1[39m
2026-07-27 09:36:13:3613 [31merror[39m: [31mJWT Verification Error: jwt expired[39m
2026-07-27 09:36:13:3613 [31merror[39m: [31m401 - Invalid or expired security token. Please log in again. - /api/v1/amendments - GET - ::1[39m
2026-07-27 09:36:13:3613 [31merror[39m: [31mJWT Verification Error: jwt expired[39m
2026-07-27 09:36:13:3613 [31merror[39m: [31m401 - Invalid or expired security token. Please log in again. - /api/v1/acts - GET - ::1[39m
2026-07-27 09:36:13:3613 [31merror[39m: [31mJWT Verification Error: jwt expired[39m
2026-07-27 09:36:13:3613 [31merror[39m: [31m401 - Invalid or expired security token. Please log in again. - /api/v1/roles/roles - GET - ::1[39m
2026-07-27 09:36:13:3613 [31merror[39m: [31mJWT Verification Error: jwt expired[39m
2026-07-27 09:36:13:3613 [31merror[39m: [31m401 - Invalid or expired security token. Please log in again. - /api/v1/roles/roles - GET - ::1[39m
2026-07-27 09:36:14:3614 [31merror[39m: [31mJWT Verification Error: jwt expired[39m
2026-07-27 09:36:14:3614 [31merror[39m: [31m401 - Invalid or expired security token. Please log in again. - /api/v1/roles/roles - GET - ::1[39m
2026-07-27 09:36:14:3614 [31merror[39m: [31mGetAllAmendments error: Table 'advocate_management_system.amendments' doesn't exist[39m
2026-07-27 09:36:14:3614 [31merror[39m: [31m500 - Table 'advocate_management_system.amendments' doesn't exist - /api/v1/amendments - GET - ::1[39m
2026-07-27 09:36:14:3614 [31merror[39m: [31mGetAllActs error: Table 'advocate_management_system.bare_acts' doesn't exist[39m
2026-07-27 09:36:14:3614 [31merror[39m: [31m500 - Table 'advocate_management_system.bare_acts' doesn't exist - /api/v1/acts - GET - ::1[39m
2026-07-27 09:36:14:3614 [31merror[39m: [31mGetAllAmendments error: Table 'advocate_management_system.amendments' doesn't exist[39m
2026-07-27 09:36:14:3614 [31merror[39m: [31m500 - Table 'advocate_management_system.amendments' doesn't exist - /api/v1/amendments - GET - ::1[39m
2026-07-27 09:36:14:3614 [31merror[39m: [31mGetAllActs error: Table 'advocate_management_system.bare_acts' doesn't exist[39m
2026-07-27 09:36:14:3614 [31merror[39m: [31m500 - Table 'advocate_management_system.bare_acts' doesn't exist - /api/v1/acts - GET - ::1[39m
2026-07-27 09:51:39:5139 [31merror[39m: [31mJWT Verification Error: jwt expired[39m
2026-07-27 09:51:39:5139 [31merror[39m: [31m401 - Invalid or expired security token. Please log in again. - /api/v1/cases - GET - ::1[39m
2026-07-27 09:51:39:5139 [31merror[39m: [31mJWT Verification Error: jwt expired[39m
2026-07-27 09:51:39:5139 [31merror[39m: [31m401 - Invalid or expired security token. Please log in again. - /api/v1/clients - GET - ::1[39m
2026-07-27 09:51:39:5139 [31merror[39m: [31mJWT Verification Error: jwt expired[39m
2026-07-27 09:51:39:5139 [31merror[39m: [31m401 - Invalid or expired security token. Please log in again. - /api/v1/cases - GET - ::1[39m
2026-07-27 09:51:39:5139 [31merror[39m: [31mJWT Verification Error: jwt expired[39m
2026-07-27 09:51:39:5139 [31merror[39m: [31m401 - Invalid or expired security token. Please log in again. - /api/v1/clients - GET - ::1[39m
2026-07-27 09:53:27:5327 [32minfo[39m: [32mMySQL database connection established successfully.[39m
2026-07-27 09:53:27:5327 [32minfo[39m: [32mAlert scanner scheduled daily at midnight (0 0 * * *).[39m
2026-07-27 09:53:27:5327 [32minfo[39m: [32mServer successfully started on port 5000 in development mode.[39m
2026-07-27 09:54:56:5456 [32minfo[39m: [32mMySQL database connection established successfully.[39m
2026-07-27 09:54:56:5456 [32minfo[39m: [32mAlert scanner scheduled daily at midnight (0 0 * * *).[39m
2026-07-27 09:54:56:5456 [32minfo[39m: [32mServer successfully started on port 5000 in development mode.[39m
2026-07-27 09:54:57:5457 [31merror[39m: [31mGetAllActs error: Table 'advocate_management_system.bare_acts' doesn't exist[39m
2026-07-27 09:54:57:5457 [31merror[39m: [31m500 - Table 'advocate_management_system.bare_acts' doesn't exist - /api/v1/acts - GET - ::1[39m
2026-07-27 09:54:57:5457 [31merror[39m: [31mGetAllAmendments error: Table 'advocate_management_system.amendments' doesn't exist[39m
2026-07-27 09:54:57:5457 [31merror[39m: [31m500 - Table 'advocate_management_system.amendments' doesn't exist - /api/v1/amendments - GET - ::1[39m
2026-07-27 09:54:57:5457 [31merror[39m: [31mGetAllActs error: Table 'advocate_management_system.bare_acts' doesn't exist[39m
2026-07-27 09:54:57:5457 [31merror[39m: [31m500 - Table 'advocate_management_system.bare_acts' doesn't exist - /api/v1/acts - GET - ::1[39m
2026-07-27 09:54:57:5457 [31merror[39m: [31mGetAllAmendments error: Table 'advocate_management_system.amendments' doesn't exist[39m
2026-07-27 09:54:57:5457 [31merror[39m: [31m500 - Table 'advocate_management_system.amendments' doesn't exist - /api/v1/amendments - GET - ::1[39m
2026-07-27 10:07:52:752 [32minfo[39m: [32mMySQL database connection established successfully.[39m
2026-07-27 10:07:52:752 [32minfo[39m: [32mAlert scanner scheduled daily at midnight (0 0 * * *).[39m
2026-07-27 10:07:52:752 [32minfo[39m: [32mServer successfully started on port 5000 in development mode.[39m
2026-07-27 10:08:02:82 [31merror[39m: [31mJWT Verification Error: jwt expired[39m
2026-07-27 10:08:02:82 [31merror[39m: [31m401 - Invalid or expired security token. Please log in again. - /api/v1/cases - GET - ::1[39m
2026-07-27 10:08:02:82 [31merror[39m: [31mJWT Verification Error: jwt expired[39m
2026-07-27 10:08:02:82 [31merror[39m: [31m401 - Invalid or expired security token. Please log in again. - /api/v1/clients - GET - ::1[39m
2026-07-27 10:08:02:82 [31merror[39m: [31mJWT Verification Error: jwt expired[39m
2026-07-27 10:08:02:82 [31merror[39m: [31m401 - Invalid or expired security token. Please log in again. - /api/v1/advocates - GET - ::1[39m
2026-07-27 10:08:02:82 [31merror[39m: [31mJWT Verification Error: jwt expired[39m
2026-07-27 10:08:02:82 [31merror[39m: [31m401 - Invalid or expired security token. Please log in again. - /api/v1/diary - GET - ::1[39m
2026-07-27 10:08:02:82 [31merror[39m: [31mJWT Verification Error: jwt expired[39m
2026-07-27 10:08:02:82 [31merror[39m: [31m401 - Invalid or expired security token. Please log in again. - /api/v1/daybook - GET - ::1[39m
2026-07-27 10:08:02:82 [31merror[39m: [31mJWT Verification Error: jwt expired[39m
2026-07-27 10:08:02:82 [31merror[39m: [31m401 - Invalid or expired security token. Please log in again. - /api/v1/payments - GET - ::1[39m
2026-07-27 10:08:02:82 [31merror[39m: [31mJWT Verification Error: jwt expired[39m
2026-07-27 10:08:02:82 [31merror[39m: [31m401 - Invalid or expired security token. Please log in again. - /api/v1/alerts - GET - ::1[39m
2026-07-27 10:08:02:82 [31merror[39m: [31mJWT Verification Error: jwt expired[39m
2026-07-27 10:08:02:82 [31merror[39m: [31m401 - Invalid or expired security token. Please log in again. - /api/v1/lands - GET - ::1[39m
2026-07-27 10:08:02:82 [31merror[39m: [31mJWT Verification Error: jwt expired[39m
2026-07-27 10:08:02:82 [31merror[39m: [31m401 - Invalid or expired security token. Please log in again. - /api/v1/opinions - GET - ::1[39m
2026-07-27 10:08:02:82 [31merror[39m: [31mJWT Verification Error: jwt expired[39m
2026-07-27 10:08:02:82 [31merror[39m: [31m401 - Invalid or expired security token. Please log in again. - /api/v1/memberships - GET - ::1[39m
2026-07-27 10:08:02:82 [31merror[39m: [31mJWT Verification Error: jwt expired[39m
2026-07-27 10:08:02:82 [31merror[39m: [31m401 - Invalid or expired security token. Please log in again. - /api/v1/acts - GET - ::1[39m
2026-07-27 10:08:02:82 [31merror[39m: [31mJWT Verification Error: jwt expired[39m
2026-07-27 10:08:02:82 [31merror[39m: [31m401 - Invalid or expired security token. Please log in again. - /api/v1/amendments - GET - ::1[39m
2026-07-27 10:08:02:82 [31merror[39m: [31mJWT Verification Error: jwt expired[39m
2026-07-27 10:08:02:82 [31merror[39m: [31m401 - Invalid or expired security token. Please log in again. - /api/v1/roles/roles - GET - ::1[39m
2026-07-27 10:08:02:82 [31merror[39m: [31mJWT Verification Error: jwt expired[39m
2026-07-27 10:08:02:82 [31merror[39m: [31m401 - Invalid or expired security token. Please log in again. - /api/v1/roles/modules - GET - ::1[39m
2026-07-27 10:08:02:82 [31merror[39m: [31mJWT Verification Error: jwt expired[39m
2026-07-27 10:08:02:82 [31merror[39m: [31m401 - Invalid or expired security token. Please log in again. - /api/v1/cases - GET - ::1[39m
2026-07-27 10:08:02:82 [31merror[39m: [31mJWT Verification Error: jwt expired[39m
2026-07-27 10:08:02:82 [31merror[39m: [31m401 - Invalid or expired security token. Please log in again. - /api/v1/clients - GET - ::1[39m
2026-07-27 10:08:02:82 [31merror[39m: [31mJWT Verification Error: jwt expired[39m
2026-07-27 10:08:02:82 [31merror[39m: [31m401 - Invalid or expired security token. Please log in again. - /api/v1/advocates - GET - ::1[39m
2026-07-27 10:08:02:82 [31merror[39m: [31mJWT Verification Error: jwt expired[39m
2026-07-27 10:08:02:82 [31merror[39m: [31m401 - Invalid or expired security token. Please log in again. - /api/v1/diary - GET - ::1[39m
2026-07-27 10:08:02:82 [31merror[39m: [31mJWT Verification Error: jwt expired[39m
2026-07-27 10:08:02:82 [31merror[39m: [31m401 - Invalid or expired security token. Please log in again. - /api/v1/daybook - GET - ::1[39m
2026-07-27 10:08:02:82 [31merror[39m: [31mJWT Verification Error: jwt expired[39m
2026-07-27 10:08:02:82 [31merror[39m: [31m401 - Invalid or expired security token. Please log in again. - /api/v1/payments - GET - ::1[39m
2026-07-27 10:08:02:82 [31merror[39m: [31mJWT Verification Error: jwt expired[39m
2026-07-27 10:08:02:82 [31merror[39m: [31m401 - Invalid or expired security token. Please log in again. - /api/v1/alerts - GET - ::1[39m
2026-07-27 10:08:02:82 [31merror[39m: [31mJWT Verification Error: jwt expired[39m
2026-07-27 10:08:02:82 [31merror[39m: [31m401 - Invalid or expired security token. Please log in again. - /api/v1/memberships - GET - ::1[39m
2026-07-27 10:08:02:82 [31merror[39m: [31mJWT Verification Error: jwt expired[39m
2026-07-27 10:08:02:82 [31merror[39m: [31m401 - Invalid or expired security token. Please log in again. - /api/v1/lands - GET - ::1[39m
2026-07-27 10:08:02:82 [31merror[39m: [31mJWT Verification Error: jwt expired[39m
2026-07-27 10:08:02:82 [31merror[39m: [31m401 - Invalid or expired security token. Please log in again. - /api/v1/amendments - GET - ::1[39m
2026-07-27 10:08:02:82 [31merror[39m: [31mJWT Verification Error: jwt expired[39m
2026-07-27 10:08:02:82 [31merror[39m: [31m401 - Invalid or expired security token. Please log in again. - /api/v1/acts - GET - ::1[39m
2026-07-27 10:08:02:82 [31merror[39m: [31mJWT Verification Error: jwt expired[39m
2026-07-27 10:08:02:82 [31merror[39m: [31m401 - Invalid or expired security token. Please log in again. - /api/v1/opinions - GET - ::1[39m
2026-07-27 10:08:02:82 [31merror[39m: [31mJWT Verification Error: jwt expired[39m
2026-07-27 10:08:02:82 [31merror[39m: [31m401 - Invalid or expired security token. Please log in again. - /api/v1/roles/roles - GET - ::1[39m
2026-07-27 10:08:02:82 [31merror[39m: [31mJWT Verification Error: jwt expired[39m
2026-07-27 10:08:02:82 [31merror[39m: [31m401 - Invalid or expired security token. Please log in again. - /api/v1/roles/modules - GET - ::1[39m
2026-07-27 10:08:02:82 [31merror[39m: [31mJWT Verification Error: jwt expired[39m
2026-07-27 10:08:02:82 [31merror[39m: [31m401 - Invalid or expired security token. Please log in again. - /api/v1/roles/roles - GET - ::1[39m
2026-07-27 10:08:02:82 [31merror[39m: [31mJWT Verification Error: jwt expired[39m
2026-07-27 10:08:02:82 [31merror[39m: [31m401 - Invalid or expired security token. Please log in again. - /api/v1/roles/roles - GET - ::1[39m
2026-07-27 10:08:27:827 [32minfo[39m: [32mMySQL database connection established successfully.[39m
2026-07-27 10:08:27:827 [32minfo[39m: [32mAlert scanner scheduled daily at midnight (0 0 * * *).[39m
2026-07-27 10:08:27:827 [32minfo[39m: [32mServer successfully started on port 5000 in development mode.[39m
2026-07-27 10:22:12:2212 [32minfo[39m: [32mMySQL database connection established successfully.[39m
2026-07-27 10:22:12:2212 [32minfo[39m: [32mAlert scanner scheduled daily at midnight (0 0 * * *).[39m
2026-07-27 10:22:12:2212 [32minfo[39m: [32mServer successfully started on port 5000 in development mode.[39m
2026-07-27 10:22:17:2217 [32minfo[39m: [32mMySQL database connection established successfully.[39m
2026-07-27 10:22:17:2217 [32minfo[39m: [32mAlert scanner scheduled daily at midnight (0 0 * * *).[39m
2026-07-27 10:22:17:2217 [32minfo[39m: [32mServer successfully started on port 5000 in development mode.[39m
2026-07-27 10:22:22:2222 [32minfo[39m: [32mMySQL database connection established successfully.[39m
2026-07-27 10:22:23:2223 [32minfo[39m: [32mAlert scanner scheduled daily at midnight (0 0 * * *).[39m
2026-07-27 10:22:23:2223 [32minfo[39m: [32mServer successfully started on port 5000 in development mode.[39m
2026-07-27 10:22:28:2228 [32minfo[39m: [32mMySQL database connection established successfully.[39m
2026-07-27 10:22:28:2228 [32minfo[39m: [32mAlert scanner scheduled daily at midnight (0 0 * * *).[39m
2026-07-27 10:22:28:2228 [32minfo[39m: [32mServer successfully started on port 5000 in development mode.[39m
2026-07-27 10:22:32:2232 [32minfo[39m: [32mMySQL database connection established successfully.[39m
2026-07-27 10:22:32:2232 [32minfo[39m: [32mAlert scanner scheduled daily at midnight (0 0 * * *).[39m
2026-07-27 10:22:32:2232 [32minfo[39m: [32mServer successfully started on port 5000 in development mode.[39m
2026-07-27 10:22:45:2245 [32minfo[39m: [32mMySQL database connection established successfully.[39m
2026-07-27 10:22:45:2245 [32minfo[39m: [32mAlert scanner scheduled daily at midnight (0 0 * * *).[39m
2026-07-27 10:22:45:2245 [32minfo[39m: [32mServer successfully started on port 5000 in development mode.[39m
2026-07-27 10:23:02:232 [31merror[39m: [31mJWT Verification Error: jwt expired[39m
2026-07-27 10:23:02:232 [31merror[39m: [31m401 - Invalid or expired security token. Please log in again. - /api/v1/advocates - GET - ::1[39m
2026-07-27 10:23:02:232 [31merror[39m: [31mJWT Verification Error: jwt expired[39m
2026-07-27 10:23:02:232 [31merror[39m: [31m401 - Invalid or expired security token. Please log in again. - /api/v1/cases - GET - ::1[39m
2026-07-27 10:23:02:232 [31merror[39m: [31mJWT Verification Error: jwt expired[39m
2026-07-27 10:23:02:232 [31merror[39m: [31m401 - Invalid or expired security token. Please log in again. - /api/v1/clients - GET - ::1[39m
2026-07-27 10:23:02:232 [31merror[39m: [31mJWT Verification Error: jwt expired[39m
2026-07-27 10:23:02:232 [31merror[39m: [31m401 - Invalid or expired security token. Please log in again. - /api/v1/diary - GET - ::1[39m
2026-07-27 10:23:02:232 [31merror[39m: [31mJWT Verification Error: jwt expired[39m
2026-07-27 10:23:02:232 [31merror[39m: [31m401 - Invalid or expired security token. Please log in again. - /api/v1/daybook - GET - ::1[39m
2026-07-27 10:23:02:232 [31merror[39m: [31mJWT Verification Error: jwt expired[39m
2026-07-27 10:23:02:232 [31merror[39m: [31m401 - Invalid or expired security token. Please log in again. - /api/v1/alerts - GET - ::1[39m
2026-07-27 10:23:02:232 [31merror[39m: [31mJWT Verification Error: jwt expired[39m
2026-07-27 10:23:02:232 [31merror[39m: [31m401 - Invalid or expired security token. Please log in again. - /api/v1/lands - GET - ::1[39m
2026-07-27 10:23:02:232 [31merror[39m: [31mJWT Verification Error: jwt expired[39m
2026-07-27 10:23:02:232 [31merror[39m: [31m401 - Invalid or expired security token. Please log in again. - /api/v1/payments - GET - ::1[39m
2026-07-27 10:23:02:232 [31merror[39m: [31mJWT Verification Error: jwt expired[39m
2026-07-27 10:23:02:232 [31merror[39m: [31m401 - Invalid or expired security token. Please log in again. - /api/v1/opinions - GET - ::1[39m
2026-07-27 10:23:02:232 [31merror[39m: [31mJWT Verification Error: jwt expired[39m
2026-07-27 10:23:02:232 [31merror[39m: [31m401 - Invalid or expired security token. Please log in again. - /api/v1/advocates - GET - ::1[39m
2026-07-27 10:23:02:232 [31merror[39m: [31mJWT Verification Error: jwt expired[39m
2026-07-27 10:23:02:232 [31merror[39m: [31m401 - Invalid or expired security token. Please log in again. - /api/v1/memberships - GET - ::1[39m
2026-07-27 10:23:02:232 [31merror[39m: [31mJWT Verification Error: jwt expired[39m
2026-07-27 10:23:02:232 [31merror[39m: [31m401 - Invalid or expired security token. Please log in again. - /api/v1/acts - GET - ::1[39m
2026-07-27 10:23:02:232 [31merror[39m: [31mJWT Verification Error: jwt expired[39m
2026-07-27 10:23:02:232 [31merror[39m: [31m401 - Invalid or expired security token. Please log in again. - /api/v1/cases - GET - ::1[39m
2026-07-27 10:23:02:232 [31merror[39m: [31mJWT Verification Error: jwt expired[39m
2026-07-27 10:23:02:232 [31merror[39m: [31m401 - Invalid or expired security token. Please log in again. - /api/v1/roles/roles - GET - ::1[39m
2026-07-27 10:23:02:232 [31merror[39m: [31mJWT Verification Error: jwt expired[39m
2026-07-27 10:23:02:232 [31merror[39m: [31m401 - Invalid or expired security token. Please log in again. - /api/v1/amendments - GET - ::1[39m
2026-07-27 10:23:02:232 [31merror[39m: [31mJWT Verification Error: jwt expired[39m
2026-07-27 10:23:02:232 [31merror[39m: [31m401 - Invalid or expired security token. Please log in again. - /api/v1/roles/modules - GET - ::1[39m
2026-07-27 10:23:02:232 [31merror[39m: [31mJWT Verification Error: jwt expired[39m
2026-07-27 10:23:02:232 [31merror[39m: [31m401 - Invalid or expired security token. Please log in again. - /api/v1/clients - GET - ::1[39m
2026-07-27 10:23:02:232 [31merror[39m: [31mJWT Verification Error: jwt expired[39m
2026-07-27 10:23:02:232 [31merror[39m: [31m401 - Invalid or expired security token. Please log in again. - /api/v1/diary - GET - ::1[39m
2026-07-27 10:23:02:232 [31merror[39m: [31mJWT Verification Error: jwt expired[39m
2026-07-27 10:23:02:232 [31merror[39m: [31m401 - Invalid or expired security token. Please log in again. - /api/v1/daybook - GET - ::1[39m
2026-07-27 10:23:02:232 [31merror[39m: [31mJWT Verification Error: jwt expired[39m
2026-07-27 10:23:02:232 [31merror[39m: [31m401 - Invalid or expired security token. Please log in again. - /api/v1/alerts - GET - ::1[39m
2026-07-27 10:23:02:232 [31merror[39m: [31mJWT Verification Error: jwt expired[39m
2026-07-27 10:23:02:232 [31merror[39m: [31m401 - Invalid or expired security token. Please log in again. - /api/v1/lands - GET - ::1[39m
2026-07-27 10:23:02:232 [31merror[39m: [31mJWT Verification Error: jwt expired[39m
2026-07-27 10:23:02:232 [31merror[39m: [31m401 - Invalid or expired security token. Please log in again. - /api/v1/payments - GET - ::1[39m
2026-07-27 10:23:02:232 [31merror[39m: [31mJWT Verification Error: jwt expired[39m
2026-07-27 10:23:02:232 [31merror[39m: [31m401 - Invalid or expired security token. Please log in again. - /api/v1/opinions - GET - ::1[39m
2026-07-27 10:23:02:232 [31merror[39m: [31mJWT Verification Error: jwt expired[39m
2026-07-27 10:23:02:232 [31merror[39m: [31m401 - Invalid or expired security token. Please log in again. - /api/v1/advocates - GET - ::1[39m
2026-07-27 10:23:02:232 [31merror[39m: [31mJWT Verification Error: jwt expired[39m
2026-07-27 10:23:02:232 [31merror[39m: [31m401 - Invalid or expired security token. Please log in again. - /api/v1/memberships - GET - ::1[39m
2026-07-27 10:23:02:232 [31merror[39m: [31mJWT Verification Error: jwt expired[39m
2026-07-27 10:23:02:232 [31merror[39m: [31m401 - Invalid or expired security token. Please log in again. - /api/v1/acts - GET - ::1[39m
2026-07-27 10:23:02:232 [31merror[39m: [31mJWT Verification Error: jwt expired[39m
2026-07-27 10:23:02:232 [31merror[39m: [31m401 - Invalid or expired security token. Please log in again. - /api/v1/cases - GET - ::1[39m
2026-07-27 10:23:02:232 [31merror[39m: [31mJWT Verification Error: jwt expired[39m
2026-07-27 10:23:02:232 [31merror[39m: [31m401 - Invalid or expired security token. Please log in again. - /api/v1/roles/roles - GET - ::1[39m
2026-07-27 10:23:02:232 [31merror[39m: [31mJWT Verification Error: jwt expired[39m
2026-07-27 10:23:02:232 [31merror[39m: [31m401 - Invalid or expired security token. Please log in again. - /api/v1/amendments - GET - ::1[39m
2026-07-27 10:23:02:232 [31merror[39m: [31mJWT Verification Error: jwt expired[39m
2026-07-27 10:23:02:232 [31merror[39m: [31m401 - Invalid or expired security token. Please log in again. - /api/v1/roles/modules - GET - ::1[39m
2026-07-27 10:23:02:232 [31merror[39m: [31mJWT Verification Error: jwt expired[39m
2026-07-27 10:23:02:232 [31merror[39m: [31m401 - Invalid or expired security token. Please log in again. - /api/v1/advocates - GET - ::1[39m
2026-07-27 10:23:02:232 [31merror[39m: [31mJWT Verification Error: jwt expired[39m
2026-07-27 10:23:02:232 [31merror[39m: [31m401 - Invalid or expired security token. Please log in again. - /api/v1/cases - GET - ::1[39m
2026-07-27 10:23:02:232 [31merror[39m: [31mJWT Verification Error: jwt expired[39m
2026-07-27 10:23:02:232 [31merror[39m: [31m401 - Invalid or expired security token. Please log in again. - /api/v1/roles/roles - GET - ::1[39m
2026-07-27 10:23:02:232 [31merror[39m: [31mJWT Verification Error: jwt expired[39m
2026-07-27 10:23:02:232 [31merror[39m: [31m401 - Invalid or expired security token. Please log in again. - /api/v1/roles/roles - GET - ::1[39m
2026-07-27 10:23:47:2347 [32minfo[39m: [32mMySQL database connection established successfully.[39m
2026-07-27 10:23:47:2347 [32minfo[39m: [32mAlert scanner scheduled daily at midnight (0 0 * * *).[39m
2026-07-27 10:23:47:2347 [32minfo[39m: [32mServer successfully started on port 5000 in development mode.[39m
2026-07-27 10:30:54:3054 [32minfo[39m: [32mMySQL database connection established successfully.[39m
2026-07-27 10:30:54:3054 [32minfo[39m: [32mAlert scanner scheduled daily at midnight (0 0 * * *).[39m
2026-07-27 10:30:54:3054 [32minfo[39m: [32mServer successfully started on port 5000 in development mode.[39m
2026-07-27 10:30:57:3057 [32minfo[39m: [32mMySQL database connection established successfully.[39m
2026-07-27 10:30:57:3057 [32minfo[39m: [32mAlert scanner scheduled daily at midnight (0 0 * * *).[39m
2026-07-27 10:30:57:3057 [32minfo[39m: [32mServer successfully started on port 5000 in development mode.[39m
2026-07-27 10:31:08:318 [32minfo[39m: [32mMySQL database connection established successfully.[39m
2026-07-27 10:31:08:318 [32minfo[39m: [32mAlert scanner scheduled daily at midnight (0 0 * * *).[39m
2026-07-27 10:31:08:318 [32minfo[39m: [32mServer successfully started on port 5000 in development mode.[39m
2026-07-27 10:31:22:3122 [32minfo[39m: [32mMySQL database connection established successfully.[39m
2026-07-27 10:31:22:3122 [32minfo[39m: [32mAlert scanner scheduled daily at midnight (0 0 * * *).[39m
2026-07-27 10:31:22:3122 [32minfo[39m: [32mServer successfully started on port 5000 in development mode.[39m
2026-07-27 10:38:26:3826 [31merror[39m: [31m403 - Access Denied: You do not have permission to perform this operation. - /api/v1/daybook - GET - ::1[39m
2026-07-27 10:57:52:5752 [31merror[39m: [31mJWT Verification Error: jwt expired[39m
2026-07-27 10:57:52:5752 [31merror[39m: [31m401 - Invalid or expired security token. Please log in again. - /api/v1/cases - GET - ::1[39m
2026-07-27 10:57:52:5752 [31merror[39m: [31mJWT Verification Error: jwt expired[39m
2026-07-27 10:57:52:5752 [31merror[39m: [31m401 - Invalid or expired security token. Please log in again. - /api/v1/clients - GET - ::1[39m
2026-07-27 10:57:52:5752 [31merror[39m: [31mJWT Verification Error: jwt expired[39m
2026-07-27 10:57:52:5752 [31merror[39m: [31m401 - Invalid or expired security token. Please log in again. - /api/v1/advocates - GET - ::1[39m
2026-07-27 10:57:52:5752 [31merror[39m: [31mJWT Verification Error: jwt expired[39m
2026-07-27 10:57:52:5752 [31merror[39m: [31m401 - Invalid or expired security token. Please log in again. - /api/v1/cases - GET - ::1[39m
2026-07-27 10:57:52:5752 [31merror[39m: [31mJWT Verification Error: jwt expired[39m
2026-07-27 10:57:52:5752 [31merror[39m: [31m401 - Invalid or expired security token. Please log in again. - /api/v1/clients - GET - ::1[39m
2026-07-27 10:57:52:5752 [31merror[39m: [31mJWT Verification Error: jwt expired[39m
2026-07-27 10:57:52:5752 [31merror[39m: [31m401 - Invalid or expired security token. Please log in again. - /api/v1/advocates - GET - ::1[39m
2026-07-27 11:08:41:841 [32minfo[39m: [32mMySQL database connection established successfully.[39m
2026-07-27 11:08:41:841 [32minfo[39m: [32mAlert scanner scheduled daily at midnight (0 0 * * *).[39m
2026-07-27 11:08:41:841 [32minfo[39m: [32mServer successfully started on port 5000 in development mode.[39m
2026-07-27 11:08:42:842 [32minfo[39m: [32mMySQL database connection established successfully.[39m
2026-07-27 11:08:42:842 [32minfo[39m: [32mAlert scanner scheduled daily at midnight (0 0 * * *).[39m
2026-07-27 11:08:42:842 [32minfo[39m: [32mServer successfully started on port 5000 in development mode.[39m
2026-07-27 11:34:01:341 [31merror[39m: [31mJWT Verification Error: jwt expired[39m
2026-07-27 11:34:01:341 [31merror[39m: [31m401 - Invalid or expired security token. Please log in again. - /api/v1/daybook - GET - ::1[39m
2026-07-27 11:34:01:341 [31merror[39m: [31mJWT Verification Error: jwt expired[39m
2026-07-27 11:34:01:341 [31merror[39m: [31m401 - Invalid or expired security token. Please log in again. - /api/v1/cases - GET - ::1[39m
2026-07-27 11:34:01:341 [31merror[39m: [31mJWT Verification Error: jwt expired[39m
2026-07-27 11:34:01:341 [31merror[39m: [31m401 - Invalid or expired security token. Please log in again. - /api/v1/payments - GET - ::1[39m
2026-07-27 11:34:01:341 [31merror[39m: [31mJWT Verification Error: jwt expired[39m
2026-07-27 11:34:01:341 [31merror[39m: [31m401 - Invalid or expired security token. Please log in again. - /api/v1/clients - GET - ::1[39m
2026-07-27 11:34:01:341 [31merror[39m: [31mJWT Verification Error: jwt expired[39m
2026-07-27 11:34:01:341 [31merror[39m: [31m401 - Invalid or expired security token. Please log in again. - /api/v1/daybook - GET - ::1[39m
2026-07-27 11:34:01:341 [31merror[39m: [31mJWT Verification Error: jwt expired[39m
2026-07-27 11:34:01:341 [31merror[39m: [31m401 - Invalid or expired security token. Please log in again. - /api/v1/cases - GET - ::1[39m
2026-07-27 11:34:01:341 [31merror[39m: [31mJWT Verification Error: jwt expired[39m
2026-07-27 11:34:01:341 [31merror[39m: [31m401 - Invalid or expired security token. Please log in again. - /api/v1/payments - GET - ::1[39m
2026-07-27 11:34:01:341 [31merror[39m: [31mJWT Verification Error: jwt expired[39m
2026-07-27 11:34:01:341 [31merror[39m: [31m401 - Invalid or expired security token. Please log in again. - /api/v1/clients - GET - ::1[39m
2026-07-27 11:53:43:5343 [31merror[39m: [31mJWT Verification Error: jwt expired[39m
2026-07-27 11:53:43:5343 [31merror[39m: [31m401 - Invalid or expired security token. Please log in again. - /api/v1/cases - GET - ::1[39m
2026-07-27 11:53:43:5343 [31merror[39m: [31mJWT Verification Error: jwt expired[39m
2026-07-27 11:53:43:5343 [31merror[39m: [31m401 - Invalid or expired security token. Please log in again. - /api/v1/clients - GET - ::1[39m
2026-07-27 11:53:43:5343 [31merror[39m: [31mJWT Verification Error: jwt expired[39m
2026-07-27 11:53:43:5343 [31merror[39m: [31m401 - Invalid or expired security token. Please log in again. - /api/v1/advocates - GET - ::1[39m
2026-07-27 11:53:43:5343 [31merror[39m: [31mJWT Verification Error: jwt expired[39m
2026-07-27 11:53:43:5343 [31merror[39m: [31m401 - Invalid or expired security token. Please log in again. - /api/v1/diary - GET - ::1[39m
2026-07-27 11:53:43:5343 [31merror[39m: [31mJWT Verification Error: jwt expired[39m
2026-07-27 11:53:43:5343 [31merror[39m: [31m401 - Invalid or expired security token. Please log in again. - /api/v1/daybook - GET - ::1[39m
2026-07-27 11:53:43:5343 [31merror[39m: [31mJWT Verification Error: jwt expired[39m
2026-07-27 11:53:43:5343 [31merror[39m: [31m401 - Invalid or expired security token. Please log in again. - /api/v1/payments - GET - ::1[39m
2026-07-27 11:53:43:5343 [31merror[39m: [31mJWT Verification Error: jwt expired[39m
2026-07-27 11:53:43:5343 [31merror[39m: [31m401 - Invalid or expired security token. Please log in again. - /api/v1/alerts - GET - ::1[39m
2026-07-27 11:53:43:5343 [31merror[39m: [31mJWT Verification Error: jwt expired[39m
2026-07-27 11:53:43:5343 [31merror[39m: [31m401 - Invalid or expired security token. Please log in again. - /api/v1/lands - GET - ::1[39m
2026-07-27 11:53:43:5343 [31merror[39m: [31mJWT Verification Error: jwt expired[39m
2026-07-27 11:53:43:5343 [31merror[39m: [31m401 - Invalid or expired security token. Please log in again. - /api/v1/opinions - GET - ::1[39m
2026-07-27 11:53:43:5343 [31merror[39m: [31mJWT Verification Error: jwt expired[39m
2026-07-27 11:53:43:5343 [31merror[39m: [31m401 - Invalid or expired security token. Please log in again. - /api/v1/memberships - GET - ::1[39m
2026-07-27 11:53:43:5343 [31merror[39m: [31mJWT Verification Error: jwt expired[39m
2026-07-27 11:53:43:5343 [31merror[39m: [31m401 - Invalid or expired security token. Please log in again. - /api/v1/cases - GET - ::1[39m
2026-07-27 11:53:43:5343 [31merror[39m: [31mJWT Verification Error: jwt expired[39m
2026-07-27 11:53:43:5343 [31merror[39m: [31m401 - Invalid or expired security token. Please log in again. - /api/v1/clients - GET - ::1[39m
2026-07-27 11:53:43:5343 [31merror[39m: [31mJWT Verification Error: jwt expired[39m
2026-07-27 11:53:43:5343 [31merror[39m: [31m401 - Invalid or expired security token. Please log in again. - /api/v1/advocates - GET - ::1[39m
2026-07-27 11:53:43:5343 [31merror[39m: [31mJWT Verification Error: jwt expired[39m
2026-07-27 11:53:43:5343 [31merror[39m: [31m401 - Invalid or expired security token. Please log in again. - /api/v1/diary - GET - ::1[39m
2026-07-27 11:53:43:5343 [31merror[39m: [31mJWT Verification Error: jwt expired[39m
2026-07-27 11:53:43:5343 [31merror[39m: [31m401 - Invalid or expired security token. Please log in again. - /api/v1/acts - GET - ::1[39m
2026-07-27 11:53:43:5343 [31merror[39m: [31mJWT Verification Error: jwt expired[39m
2026-07-27 11:53:43:5343 [31merror[39m: [31m401 - Invalid or expired security token. Please log in again. - /api/v1/amendments - GET - ::1[39m
2026-07-27 11:53:43:5343 [31merror[39m: [31mJWT Verification Error: jwt expired[39m
2026-07-27 11:53:43:5343 [31merror[39m: [31m401 - Invalid or expired security token. Please log in again. - /api/v1/roles/roles - GET - ::1[39m
2026-07-27 11:53:43:5343 [31merror[39m: [31mJWT Verification Error: jwt expired[39m
2026-07-27 11:53:43:5343 [31merror[39m: [31m401 - Invalid or expired security token. Please log in again. - /api/v1/roles/modules - GET - ::1[39m
2026-07-27 11:53:43:5343 [31merror[39m: [31mJWT Verification Error: jwt expired[39m
2026-07-27 11:53:43:5343 [31merror[39m: [31m401 - Invalid or expired security token. Please log in again. - /api/v1/daybook - GET - ::1[39m
2026-07-27 11:53:43:5343 [31merror[39m: [31mJWT Verification Error: jwt expired[39m
2026-07-27 11:53:43:5343 [31merror[39m: [31m401 - Invalid or expired security token. Please log in again. - /api/v1/payments - GET - ::1[39m
2026-07-27 11:53:43:5343 [31merror[39m: [31mJWT Verification Error: jwt expired[39m
2026-07-27 11:53:43:5343 [31merror[39m: [31m401 - Invalid or expired security token. Please log in again. - /api/v1/roles/roles - GET - ::1[39m
2026-07-27 11:53:43:5343 [31merror[39m: [31mJWT Verification Error: jwt expired[39m
2026-07-27 11:53:43:5343 [31merror[39m: [31m401 - Invalid or expired security token. Please log in again. - /api/v1/alerts - GET - ::1[39m
2026-07-27 11:53:43:5343 [31merror[39m: [31mJWT Verification Error: jwt expired[39m
2026-07-27 11:53:43:5343 [31merror[39m: [31m401 - Invalid or expired security token. Please log in again. - /api/v1/lands - GET - ::1[39m
2026-07-27 11:53:43:5343 [31merror[39m: [31mJWT Verification Error: jwt expired[39m
2026-07-27 11:53:43:5343 [31merror[39m: [31m401 - Invalid or expired security token. Please log in again. - /api/v1/opinions - GET - ::1[39m
2026-07-27 11:53:43:5343 [31merror[39m: [31mJWT Verification Error: jwt expired[39m
2026-07-27 11:53:43:5343 [31merror[39m: [31m401 - Invalid or expired security token. Please log in again. - /api/v1/memberships - GET - ::1[39m
2026-07-27 11:53:43:5343 [31merror[39m: [31mJWT Verification Error: jwt expired[39m
2026-07-27 11:53:43:5343 [31merror[39m: [31m401 - Invalid or expired security token. Please log in again. - /api/v1/acts - GET - ::1[39m
2026-07-27 11:53:43:5343 [31merror[39m: [31mJWT Verification Error: jwt expired[39m
2026-07-27 11:53:43:5343 [31merror[39m: [31m401 - Invalid or expired security token. Please log in again. - /api/v1/amendments - GET - ::1[39m
2026-07-27 11:53:43:5343 [31merror[39m: [31mJWT Verification Error: jwt expired[39m
2026-07-27 11:53:43:5343 [31merror[39m: [31m401 - Invalid or expired security token. Please log in again. - /api/v1/roles/roles - GET - ::1[39m
2026-07-27 11:53:43:5343 [31merror[39m: [31mJWT Verification Error: jwt expired[39m
2026-07-27 11:53:43:5343 [31merror[39m: [31m401 - Invalid or expired security token. Please log in again. - /api/v1/roles/modules - GET - ::1[39m
2026-07-27 11:53:43:5343 [31merror[39m: [31mJWT Verification Error: jwt expired[39m
2026-07-27 11:53:43:5343 [31merror[39m: [31m401 - Invalid or expired security token. Please log in again. - /api/v1/roles/roles - GET - ::1[39m
2026-07-27 12:00:58:058 [31merror[39m: [31m403 - Access Denied: You do not have permission to perform this operation. - /api/v1/daybook - GET - ::1[39m
2026-07-27 12:18:27:1827 [31merror[39m: [31mJWT Verification Error: jwt expired[39m
2026-07-27 12:18:27:1827 [31merror[39m: [31m401 - Invalid or expired security token. Please log in again. - /api/v1/cases - GET - ::1[39m
2026-07-27 12:18:27:1827 [31merror[39m: [31mJWT Verification Error: jwt expired[39m
2026-07-27 12:18:27:1827 [31merror[39m: [31m401 - Invalid or expired security token. Please log in again. - /api/v1/clients - GET - ::1[39m
2026-07-27 12:18:27:1827 [31merror[39m: [31mJWT Verification Error: jwt expired[39m
2026-07-27 12:18:27:1827 [31merror[39m: [31m401 - Invalid or expired security token. Please log in again. - /api/v1/advocates - GET - ::1[39m
2026-07-27 12:18:27:1827 [31merror[39m: [31mJWT Verification Error: jwt expired[39m
2026-07-27 12:18:27:1827 [31merror[39m: [31m401 - Invalid or expired security token. Please log in again. - /api/v1/cases - GET - ::1[39m
2026-07-27 12:18:27:1827 [31merror[39m: [31mJWT Verification Error: jwt expired[39m
2026-07-27 12:18:27:1827 [31merror[39m: [31m401 - Invalid or expired security token. Please log in again. - /api/v1/advocates - GET - ::1[39m
2026-07-27 12:18:27:1827 [31merror[39m: [31mJWT Verification Error: jwt expired[39m
2026-07-27 12:18:27:1827 [31merror[39m: [31m401 - Invalid or expired security token. Please log in again. - /api/v1/clients - GET - ::1[39m
2026-07-27 12:37:09:379 [32minfo[39m: [32mShutting down server gracefully...[39m
2026-07-27 12:41:52:4152 [32minfo[39m: [32mMySQL database connection established successfully.[39m
2026-07-27 12:41:52:4152 [32minfo[39m: [32mAlert scanner scheduled daily at midnight (0 0 * * *).[39m
2026-07-27 12:41:52:4152 [32minfo[39m: [32mServer successfully started on port 5000 in development mode.[39m
2026-07-27 12:41:54:4154 [32minfo[39m: [32mMySQL database connection established successfully.[39m
2026-07-27 12:41:54:4154 [32minfo[39m: [32mAlert scanner scheduled daily at midnight (0 0 * * *).[39m
2026-07-27 12:41:54:4154 [32minfo[39m: [32mServer successfully started on port 5000 in development mode.[39m
2026-07-27 12:43:43:4343 [31merror[39m: [31mJWT Verification Error: jwt expired[39m
2026-07-27 12:43:43:4343 [31merror[39m: [31m401 - Invalid or expired security token. Please log in again. - /api/v1/cases - GET - ::1[39m
2026-07-27 12:43:43:4343 [31merror[39m: [31mJWT Verification Error: jwt expired[39m
2026-07-27 12:43:43:4343 [31merror[39m: [31m401 - Invalid or expired security token. Please log in again. - /api/v1/clients - GET - ::1[39m
2026-07-27 12:43:43:4343 [31merror[39m: [31mJWT Verification Error: jwt expired[39m
2026-07-27 12:43:43:4343 [31merror[39m: [31m401 - Invalid or expired security token. Please log in again. - /api/v1/advocates - GET - ::1[39m
2026-07-27 12:43:43:4343 [31merror[39m: [31mJWT Verification Error: jwt expired[39m
2026-07-27 12:43:43:4343 [31merror[39m: [31m401 - Invalid or expired security token. Please log in again. - /api/v1/cases - GET - ::1[39m
2026-07-27 12:43:43:4343 [31merror[39m: [31mJWT Verification Error: jwt expired[39m
2026-07-27 12:43:43:4343 [31merror[39m: [31m401 - Invalid or expired security token. Please log in again. - /api/v1/clients - GET - ::1[39m
2026-07-27 12:43:43:4343 [31merror[39m: [31mJWT Verification Error: jwt expired[39m
2026-07-27 12:43:43:4343 [31merror[39m: [31m401 - Invalid or expired security token. Please log in again. - /api/v1/advocates - GET - ::1[39m
2026-07-27 12:43:43:4343 [31merror[39m: [31mRefresh token error: invalid signature[39m
2026-07-27 12:43:43:4343 [31merror[39m: [31m401 - Invalid or expired refresh token - /api/v1/auth/refresh - POST - ::1[39m
2026-07-27 13:13:28:1328 [31merror[39m: [31mJWT Verification Error: jwt expired[39m
2026-07-27 13:13:28:1328 [31merror[39m: [31m401 - Invalid or expired security token. Please log in again. - /api/v1/daybook - GET - ::1[39m
2026-07-27 13:13:28:1328 [31merror[39m: [31mJWT Verification Error: jwt expired[39m
2026-07-27 13:13:28:1328 [31merror[39m: [31m401 - Invalid or expired security token. Please log in again. - /api/v1/payments - GET - ::1[39m
2026-07-27 13:13:28:1328 [31merror[39m: [31mJWT Verification Error: jwt expired[39m
2026-07-27 13:13:28:1328 [31merror[39m: [31m401 - Invalid or expired security token. Please log in again. - /api/v1/cases - GET - ::1[39m
2026-07-27 13:13:28:1328 [31merror[39m: [31mJWT Verification Error: jwt expired[39m
2026-07-27 13:13:28:1328 [31merror[39m: [31m401 - Invalid or expired security token. Please log in again. - /api/v1/clients - GET - ::1[39m
2026-07-27 13:13:28:1328 [31merror[39m: [31mJWT Verification Error: jwt expired[39m
2026-07-27 13:13:28:1328 [31merror[39m: [31m401 - Invalid or expired security token. Please log in again. - /api/v1/daybook - GET - ::1[39m
2026-07-27 13:13:29:1329 [31merror[39m: [31mJWT Verification Error: jwt expired[39m
2026-07-27 13:13:29:1329 [31merror[39m: [31m401 - Invalid or expired security token. Please log in again. - /api/v1/payments - GET - ::1[39m
2026-07-27 13:13:29:1329 [31merror[39m: [31mJWT Verification Error: jwt expired[39m
2026-07-27 13:13:29:1329 [31merror[39m: [31m401 - Invalid or expired security token. Please log in again. - /api/v1/cases - GET - ::1[39m
2026-07-27 13:13:29:1329 [31merror[39m: [31mJWT Verification Error: jwt expired[39m
2026-07-27 13:13:29:1329 [31merror[39m: [31m401 - Invalid or expired security token. Please log in again. - /api/v1/clients - GET - ::1[39m
2026-07-27 13:28:31:2831 [31merror[39m: [31mJWT Verification Error: jwt expired[39m
2026-07-27 13:28:31:2831 [31merror[39m: [31m401 - Invalid or expired security token. Please log in again. - /api/v1/cases - GET - ::1[39m
2026-07-27 13:28:31:2831 [31merror[39m: [31mJWT Verification Error: jwt expired[39m
2026-07-27 13:28:31:2831 [31merror[39m: [31m401 - Invalid or expired security token. Please log in again. - /api/v1/clients - GET - ::1[39m
2026-07-27 13:28:31:2831 [31merror[39m: [31mJWT Verification Error: jwt expired[39m
2026-07-27 13:28:31:2831 [31merror[39m: [31m401 - Invalid or expired security token. Please log in again. - /api/v1/cases - GET - ::1[39m
2026-07-27 13:28:31:2831 [31merror[39m: [31mJWT Verification Error: jwt expired[39m
2026-07-27 13:28:31:2831 [31merror[39m: [31m401 - Invalid or expired security token. Please log in again. - /api/v1/clients - GET - ::1[39m
2026-07-27 13:46:37:4637 [31merror[39m: [31mJWT Verification Error: jwt expired[39m
2026-07-27 13:46:37:4637 [31merror[39m: [31m401 - Invalid or expired security token. Please log in again. - /api/v1/cases - GET - ::1[39m
2026-07-27 13:46:37:4637 [31merror[39m: [31mJWT Verification Error: jwt expired[39m
2026-07-27 13:46:37:4637 [31merror[39m: [31m401 - Invalid or expired security token. Please log in again. - /api/v1/clients - GET - ::1[39m
2026-07-27 13:46:37:4637 [31merror[39m: [31mJWT Verification Error: jwt expired[39m
2026-07-27 13:46:37:4637 [31merror[39m: [31m401 - Invalid or expired security token. Please log in again. - /api/v1/advocates - GET - ::1[39m
2026-07-27 13:46:37:4637 [31merror[39m: [31mJWT Verification Error: jwt expired[39m
2026-07-27 13:46:37:4637 [31merror[39m: [31m401 - Invalid or expired security token. Please log in again. - /api/v1/diary - GET - ::1[39m
2026-07-27 13:46:37:4637 [31merror[39m: [31mJWT Verification Error: jwt expired[39m
2026-07-27 13:46:37:4637 [31merror[39m: [31m401 - Invalid or expired security token. Please log in again. - /api/v1/daybook - GET - ::1[39m
2026-07-27 13:46:37:4637 [31merror[39m: [31mJWT Verification Error: jwt expired[39m
2026-07-27 13:46:37:4637 [31merror[39m: [31m401 - Invalid or expired security token. Please log in again. - /api/v1/payments - GET - ::1[39m
2026-07-27 13:46:37:4637 [31merror[39m: [31mJWT Verification Error: jwt expired[39m
2026-07-27 13:46:37:4637 [31merror[39m: [31m401 - Invalid or expired security token. Please log in again. - /api/v1/alerts - GET - ::1[39m
2026-07-27 13:46:37:4637 [31merror[39m: [31mJWT Verification Error: jwt expired[39m
2026-07-27 13:46:37:4637 [31merror[39m: [31m401 - Invalid or expired security token. Please log in again. - /api/v1/lands - GET - ::1[39m
2026-07-27 13:46:37:4637 [31merror[39m: [31mJWT Verification Error: jwt expired[39m
2026-07-27 13:46:37:4637 [31merror[39m: [31m401 - Invalid or expired security token. Please log in again. - /api/v1/memberships - GET - ::1[39m
2026-07-27 13:46:37:4637 [31merror[39m: [31mJWT Verification Error: jwt expired[39m
2026-07-27 13:46:37:4637 [31merror[39m: [31m401 - Invalid or expired security token. Please log in again. - /api/v1/opinions - GET - ::1[39m
2026-07-27 13:46:37:4637 [31merror[39m: [31mJWT Verification Error: jwt expired[39m
2026-07-27 13:46:37:4637 [31merror[39m: [31m401 - Invalid or expired security token. Please log in again. - /api/v1/acts - GET - ::1[39m
2026-07-27 13:46:38:4638 [31merror[39m: [31mJWT Verification Error: jwt expired[39m
2026-07-27 13:46:38:4638 [31merror[39m: [31m401 - Invalid or expired security token. Please log in again. - /api/v1/cases - GET - ::1[39m
2026-07-27 13:46:38:4638 [31merror[39m: [31mJWT Verification Error: jwt expired[39m
2026-07-27 13:46:38:4638 [31merror[39m: [31m401 - Invalid or expired security token. Please log in again. - /api/v1/clients - GET - ::1[39m
2026-07-27 13:46:38:4638 [31merror[39m: [31mJWT Verification Error: jwt expired[39m
2026-07-27 13:46:38:4638 [31merror[39m: [31m401 - Invalid or expired security token. Please log in again. - /api/v1/advocates - GET - ::1[39m
2026-07-27 13:46:38:4638 [31merror[39m: [31mJWT Verification Error: jwt expired[39m
2026-07-27 13:46:38:4638 [31merror[39m: [31m401 - Invalid or expired security token. Please log in again. - /api/v1/diary - GET - ::1[39m
2026-07-27 13:46:38:4638 [31merror[39m: [31mJWT Verification Error: jwt expired[39m
2026-07-27 13:46:38:4638 [31merror[39m: [31m401 - Invalid or expired security token. Please log in again. - /api/v1/daybook - GET - ::1[39m
2026-07-27 13:46:38:4638 [31merror[39m: [31mJWT Verification Error: jwt expired[39m
2026-07-27 13:46:38:4638 [31merror[39m: [31m401 - Invalid or expired security token. Please log in again. - /api/v1/amendments - GET - ::1[39m
2026-07-27 13:46:38:4638 [31merror[39m: [31mJWT Verification Error: jwt expired[39m
2026-07-27 13:46:38:4638 [31merror[39m: [31m401 - Invalid or expired security token. Please log in again. - /api/v1/payments - GET - ::1[39m
2026-07-27 13:46:38:4638 [31merror[39m: [31mJWT Verification Error: jwt expired[39m
2026-07-27 13:46:38:4638 [31merror[39m: [31m401 - Invalid or expired security token. Please log in again. - /api/v1/roles/roles - GET - ::1[39m
2026-07-27 13:46:38:4638 [31merror[39m: [31mJWT Verification Error: jwt expired[39m
2026-07-27 13:46:38:4638 [31merror[39m: [31m401 - Invalid or expired security token. Please log in again. - /api/v1/alerts - GET - ::1[39m
2026-07-27 13:46:38:4638 [31merror[39m: [31mJWT Verification Error: jwt expired[39m
2026-07-27 13:46:38:4638 [31merror[39m: [31m401 - Invalid or expired security token. Please log in again. - /api/v1/lands - GET - ::1[39m
2026-07-27 13:46:38:4638 [31merror[39m: [31mJWT Verification Error: jwt expired[39m
2026-07-27 13:46:38:4638 [31merror[39m: [31m401 - Invalid or expired security token. Please log in again. - /api/v1/opinions - GET - ::1[39m
2026-07-27 13:46:38:4638 [31merror[39m: [31mJWT Verification Error: jwt expired[39m
2026-07-27 13:46:38:4638 [31merror[39m: [31m401 - Invalid or expired security token. Please log in again. - /api/v1/memberships - GET - ::1[39m
2026-07-27 13:46:38:4638 [31merror[39m: [31mJWT Verification Error: jwt expired[39m
2026-07-27 13:46:38:4638 [31merror[39m: [31m401 - Invalid or expired security token. Please log in again. - /api/v1/roles/modules - GET - ::1[39m
2026-07-27 13:46:38:4638 [31merror[39m: [31mJWT Verification Error: jwt expired[39m
2026-07-27 13:46:38:4638 [31merror[39m: [31m401 - Invalid or expired security token. Please log in again. - /api/v1/acts - GET - ::1[39m
2026-07-27 13:46:38:4638 [31merror[39m: [31mJWT Verification Error: jwt expired[39m
2026-07-27 13:46:38:4638 [31merror[39m: [31m401 - Invalid or expired security token. Please log in again. - /api/v1/amendments - GET - ::1[39m
2026-07-27 13:46:38:4638 [31merror[39m: [31mJWT Verification Error: jwt expired[39m
2026-07-27 13:46:38:4638 [31merror[39m: [31m401 - Invalid or expired security token. Please log in again. - /api/v1/roles/roles - GET - ::1[39m
2026-07-27 13:46:38:4638 [31merror[39m: [31mJWT Verification Error: jwt expired[39m
2026-07-27 13:46:38:4638 [31merror[39m: [31m401 - Invalid or expired security token. Please log in again. - /api/v1/roles/modules - GET - ::1[39m
2026-07-27 13:46:38:4638 [31merror[39m: [31mJWT Verification Error: jwt expired[39m
2026-07-27 13:46:38:4638 [31merror[39m: [31m401 - Invalid or expired security token. Please log in again. - /api/v1/roles/roles - GET - ::1[39m
2026-07-27 13:46:38:4638 [31merror[39m: [31mJWT Verification Error: jwt expired[39m
2026-07-27 13:46:38:4638 [31merror[39m: [31m401 - Invalid or expired security token. Please log in again. - /api/v1/roles/roles - GET - ::1[39m
2026-07-27 13:46:38:4638 [31merror[39m: [31mJWT Verification Error: jwt expired[39m
2026-07-27 13:46:38:4638 [31merror[39m: [31m401 - Invalid or expired security token. Please log in again. - /api/v1/dashboard - GET - ::1[39m
2026-07-27 13:46:38:4638 [31merror[39m: [31mJWT Verification Error: jwt expired[39m
2026-07-27 13:46:38:4638 [31merror[39m: [31m401 - Invalid or expired security token. Please log in again. - /api/v1/dashboard - GET - ::1[39m
2026-07-27 14:20:54:2054 [31merror[39m: [31mJWT Verification Error: jwt expired[39m
2026-07-27 14:20:54:2054 [31merror[39m: [31m401 - Invalid or expired security token. Please log in again. - /api/v1/payments - GET - ::1[39m
2026-07-27 14:20:54:2054 [31merror[39m: [31mJWT Verification Error: jwt expired[39m
2026-07-27 14:20:54:2054 [31merror[39m: [31m401 - Invalid or expired security token. Please log in again. - /api/v1/roles/roles - GET - ::1[39m
2026-07-27 14:20:54:2054 [31merror[39m: [31mJWT Verification Error: jwt expired[39m
2026-07-27 14:20:54:2054 [31merror[39m: [31m401 - Invalid or expired security token. Please log in again. - /api/v1/lands - GET - ::1[39m
2026-07-27 14:20:54:2054 [31merror[39m: [31mJWT Verification Error: jwt expired[39m
2026-07-27 14:20:55:2055 [31merror[39m: [31m401 - Invalid or expired security token. Please log in again. - /api/v1/opinions - GET - ::1[39m
2026-07-27 14:20:55:2055 [31merror[39m: [31mJWT Verification Error: jwt expired[39m
2026-07-27 14:20:55:2055 [31merror[39m: [31m401 - Invalid or expired security token. Please log in again. - /api/v1/alerts - GET - ::1[39m
2026-07-27 14:20:55:2055 [31merror[39m: [31mJWT Verification Error: jwt expired[39m
2026-07-27 14:20:55:2055 [31merror[39m: [31m401 - Invalid or expired security token. Please log in again. - /api/v1/memberships - GET - ::1[39m
2026-07-27 14:20:55:2055 [31merror[39m: [31mJWT Verification Error: jwt expired[39m
2026-07-27 14:20:55:2055 [31merror[39m: [31m401 - Invalid or expired security token. Please log in again. - /api/v1/roles/modules - GET - ::1[39m
2026-07-27 14:20:55:2055 [31merror[39m: [31mJWT Verification Error: jwt expired[39m
2026-07-27 14:20:55:2055 [31merror[39m: [31m401 - Invalid or expired security token. Please log in again. - /api/v1/acts - GET - ::1[39m
2026-07-27 14:20:56:2056 [31merror[39m: [31mJWT Verification Error: jwt expired[39m
2026-07-27 14:20:56:2056 [31merror[39m: [31m401 - Invalid or expired security token. Please log in again. - /api/v1/amendments - GET - ::1[39m
2026-07-27 14:20:56:2056 [31merror[39m: [31mJWT Verification Error: jwt expired[39m
2026-07-27 14:20:56:2056 [31merror[39m: [31m401 - Invalid or expired security token. Please log in again. - /api/v1/roles/roles - GET - ::1[39m
2026-07-27 14:20:56:2056 [31merror[39m: [31mJWT Verification Error: jwt expired[39m
2026-07-27 14:20:56:2056 [31merror[39m: [31m401 - Invalid or expired security token. Please log in again. - /api/v1/dashboard - GET - ::1[39m
2026-07-27 14:20:56:2056 [31merror[39m: [31mJWT Verification Error: jwt expired[39m
2026-07-27 14:20:56:2056 [31merror[39m: [31m401 - Invalid or expired security token. Please log in again. - /api/v1/cases - GET - ::1[39m
2026-07-27 14:20:56:2056 [31merror[39m: [31mJWT Verification Error: jwt expired[39m
2026-07-27 14:20:56:2056 [31merror[39m: [31m401 - Invalid or expired security token. Please log in again. - /api/v1/clients - GET - ::1[39m
2026-07-27 14:20:56:2056 [31merror[39m: [31mJWT Verification Error: jwt expired[39m
2026-07-27 14:20:56:2056 [31merror[39m: [31m401 - Invalid or expired security token. Please log in again. - /api/v1/advocates - GET - ::1[39m
2026-07-27 14:20:56:2056 [31merror[39m: [31mJWT Verification Error: jwt expired[39m
2026-07-27 14:20:56:2056 [31merror[39m: [31m401 - Invalid or expired security token. Please log in again. - /api/v1/diary - GET - ::1[39m
2026-07-27 14:20:56:2056 [31merror[39m: [31mJWT Verification Error: jwt expired[39m
2026-07-27 14:20:56:2056 [31merror[39m: [31m401 - Invalid or expired security token. Please log in again. - /api/v1/payments - GET - ::1[39m
2026-07-27 14:20:56:2056 [31merror[39m: [31mJWT Verification Error: jwt expired[39m
2026-07-27 14:20:56:2056 [31merror[39m: [31m401 - Invalid or expired security token. Please log in again. - /api/v1/alerts - GET - ::1[39m
2026-07-27 14:20:57:2057 [31merror[39m: [31mJWT Verification Error: jwt expired[39m
2026-07-27 14:20:57:2057 [31merror[39m: [31m401 - Invalid or expired security token. Please log in again. - /api/v1/lands - GET - ::1[39m
2026-07-27 14:20:57:2057 [31merror[39m: [31mJWT Verification Error: jwt expired[39m
2026-07-27 14:20:57:2057 [31merror[39m: [31m401 - Invalid or expired security token. Please log in again. - /api/v1/opinions - GET - ::1[39m
2026-07-27 14:20:57:2057 [31merror[39m: [31mJWT Verification Error: jwt expired[39m
2026-07-27 14:20:57:2057 [31merror[39m: [31m401 - Invalid or expired security token. Please log in again. - /api/v1/memberships - GET - ::1[39m
2026-07-27 14:20:57:2057 [31merror[39m: [31mJWT Verification Error: jwt expired[39m
2026-07-27 14:20:57:2057 [31merror[39m: [31m401 - Invalid or expired security token. Please log in again. - /api/v1/acts - GET - ::1[39m
2026-07-27 14:20:57:2057 [31merror[39m: [31mJWT Verification Error: jwt expired[39m
2026-07-27 14:20:57:2057 [31merror[39m: [31m401 - Invalid or expired security token. Please log in again. - /api/v1/amendments - GET - ::1[39m
2026-07-27 14:20:57:2057 [31merror[39m: [31mJWT Verification Error: jwt expired[39m
2026-07-27 14:20:57:2057 [31merror[39m: [31m401 - Invalid or expired security token. Please log in again. - /api/v1/roles/roles - GET - ::1[39m
2026-07-27 14:20:57:2057 [31merror[39m: [31mJWT Verification Error: jwt expired[39m
2026-07-27 14:20:57:2057 [31merror[39m: [31m401 - Invalid or expired security token. Please log in again. - /api/v1/roles/modules - GET - ::1[39m
2026-07-27 14:20:58:2058 [31merror[39m: [31mJWT Verification Error: jwt expired[39m
2026-07-27 14:20:58:2058 [31merror[39m: [31m401 - Invalid or expired security token. Please log in again. - /api/v1/daybook - GET - ::1[39m
2026-07-27 14:20:58:2058 [31merror[39m: [31mJWT Verification Error: jwt expired[39m
2026-07-27 14:20:58:2058 [31merror[39m: [31m401 - Invalid or expired security token. Please log in again. - /api/v1/dashboard - GET - ::1[39m
2026-07-27 14:20:58:2058 [31merror[39m: [31mJWT Verification Error: jwt expired[39m
2026-07-27 14:20:58:2058 [31merror[39m: [31m401 - Invalid or expired security token. Please log in again. - /api/v1/cases - GET - ::1[39m
2026-07-27 14:20:58:2058 [31merror[39m: [31mJWT Verification Error: jwt expired[39m
2026-07-27 14:20:58:2058 [31merror[39m: [31m401 - Invalid or expired security token. Please log in again. - /api/v1/clients - GET - ::1[39m
2026-07-27 14:20:58:2058 [31merror[39m: [31mJWT Verification Error: jwt expired[39m
2026-07-27 14:20:58:2058 [31merror[39m: [31m401 - Invalid or expired security token. Please log in again. - /api/v1/advocates - GET - ::1[39m
2026-07-27 14:20:59:2059 [31merror[39m: [31mJWT Verification Error: jwt expired[39m
2026-07-27 14:20:59:2059 [31merror[39m: [31m401 - Invalid or expired security token. Please log in again. - /api/v1/diary - GET - ::1[39m
2026-07-27 14:20:59:2059 [31merror[39m: [31mJWT Verification Error: jwt expired[39m
2026-07-27 14:20:59:2059 [31merror[39m: [31m401 - Invalid or expired security token. Please log in again. - /api/v1/payments - GET - ::1[39m
2026-07-27 14:20:59:2059 [31merror[39m: [31mJWT Verification Error: jwt expired[39m
2026-07-27 14:20:59:2059 [31merror[39m: [31m401 - Invalid or expired security token. Please log in again. - /api/v1/alerts - GET - ::1[39m
2026-07-27 14:21:00:210 [31merror[39m: [31mJWT Verification Error: jwt expired[39m
2026-07-27 14:21:00:210 [31merror[39m: [31m401 - Invalid or expired security token. Please log in again. - /api/v1/opinions - GET - ::1[39m
2026-07-27 14:21:00:210 [31merror[39m: [31mJWT Verification Error: jwt expired[39m
2026-07-27 14:21:00:210 [31merror[39m: [31m401 - Invalid or expired security token. Please log in again. - /api/v1/lands - GET - ::1[39m
2026-07-27 14:21:00:210 [31merror[39m: [31mJWT Verification Error: jwt expired[39m
2026-07-27 14:21:00:210 [31merror[39m: [31m401 - Invalid or expired security token. Please log in again. - /api/v1/acts - GET - ::1[39m
2026-07-27 14:21:00:210 [31merror[39m: [31mJWT Verification Error: jwt expired[39m
2026-07-27 14:21:00:210 [31merror[39m: [31m401 - Invalid or expired security token. Please log in again. - /api/v1/amendments - GET - ::1[39m
2026-07-27 14:21:00:210 [31merror[39m: [31mJWT Verification Error: jwt expired[39m
2026-07-27 14:21:00:210 [31merror[39m: [31m401 - Invalid or expired security token. Please log in again. - /api/v1/memberships - GET - ::1[39m
2026-07-27 14:21:00:210 [31merror[39m: [31mJWT Verification Error: jwt expired[39m
2026-07-27 14:21:00:210 [31merror[39m: [31m401 - Invalid or expired security token. Please log in again. - /api/v1/roles/roles - GET - ::1[39m
2026-07-27 14:21:01:211 [31merror[39m: [31mJWT Verification Error: jwt expired[39m
2026-07-27 14:21:01:211 [31merror[39m: [31m401 - Invalid or expired security token. Please log in again. - /api/v1/roles/modules - GET - ::1[39m
2026-07-27 14:21:01:211 [31merror[39m: [31mJWT Verification Error: jwt expired[39m
2026-07-27 14:21:01:211 [31merror[39m: [31m401 - Invalid or expired security token. Please log in again. - /api/v1/daybook - GET - ::1[39m
2026-07-27 14:21:01:211 [31merror[39m: [31mJWT Verification Error: jwt expired[39m
2026-07-27 14:21:01:211 [31merror[39m: [31m401 - Invalid or expired security token. Please log in again. - /api/v1/roles/roles - GET - ::1[39m
2026-07-27 14:21:05:215 [31merror[39m: [31mJWT Verification Error: jwt expired[39m
2026-07-27 14:21:05:215 [31merror[39m: [31m401 - Invalid or expired security token. Please log in again. - /api/v1/roles/roles - GET - ::1[39m
2026-07-27 14:21:33:2133 [32minfo[39m: [32mShutting down server gracefully...[39m
2026-07-27 14:21:57:2157 [32minfo[39m: [32mMySQL database connection established successfully.[39m
2026-07-27 14:21:57:2157 [32minfo[39m: [32mAlert scanner scheduled daily at midnight (0 0 * * *).[39m
2026-07-27 14:21:57:2157 [32minfo[39m: [32mServer successfully started on port 5000 in development mode.[39m
2026-07-27 14:22:00:220 [32minfo[39m: [32mMySQL database connection established successfully.[39m
2026-07-27 14:22:00:220 [32minfo[39m: [32mAlert scanner scheduled daily at midnight (0 0 * * *).[39m
2026-07-27 14:22:00:220 [32minfo[39m: [32mServer successfully started on port 5000 in development mode.[39m
2026-07-27 14:26:43:2643 [31merror[39m: [31m403 - Access Denied: You do not have permission to perform this operation. - /api/v1/advocates - GET - ::1[39m
2026-07-27 14:26:43:2643 [31merror[39m: [31m403 - Access Denied: You do not have permission to perform this operation. - /api/v1/payments - GET - ::1[39m
2026-07-27 14:26:43:2643 [31merror[39m: [31m403 - Access Denied: You do not have permission to perform this operation. - /api/v1/opinions - GET - ::1[39m
2026-07-27 14:26:43:2643 [31merror[39m: [31m403 - Access Denied: You do not have permission to perform this operation. - /api/v1/memberships - GET - ::1[39m
2026-07-27 14:26:46:2646 [31merror[39m: [31m403 - Access Denied: You do not have permission to perform this operation. - /api/v1/advocates - GET - ::1[39m
2026-07-27 14:26:46:2646 [31merror[39m: [31m403 - Access Denied: You do not have permission to perform this operation. - /api/v1/advocates - GET - ::1[39m
2026-07-27 14:26:47:2647 [31merror[39m: [31m403 - Access Denied: You do not have permission to perform this operation. - /api/v1/advocates - GET - ::1[39m
2026-07-27 14:26:48:2648 [31merror[39m: [31m403 - Access Denied: You do not have permission to perform this operation. - /api/v1/advocates - GET - ::1[39m
2026-07-27 14:26:53:2653 [31merror[39m: [31m403 - Access Denied: You do not have permission to perform this operation. - /api/v1/advocates - GET - ::1[39m
2026-07-27 14:26:53:2653 [31merror[39m: [31m403 - Access Denied: You do not have permission to perform this operation. - /api/v1/advocates - GET - ::1[39m
2026-07-27 14:26:59:2659 [31merror[39m: [31m403 - Access Denied: You do not have permission to perform this operation. - /api/v1/payments - GET - ::1[39m
2026-07-27 14:26:59:2659 [31merror[39m: [31m403 - Access Denied: You do not have permission to perform this operation. - /api/v1/payments - GET - ::1[39m
2026-07-27 14:43:44:4344 [31merror[39m: [31mJWT Verification Error: jwt expired[39m
2026-07-27 14:43:44:4344 [31merror[39m: [31m401 - Invalid or expired security token. Please log in again. - /api/v1/lands - GET - ::1[39m
2026-07-27 14:43:44:4344 [31merror[39m: [31mJWT Verification Error: jwt expired[39m
2026-07-27 14:43:44:4344 [31merror[39m: [31m401 - Invalid or expired security token. Please log in again. - /api/v1/clients - GET - ::1[39m
2026-07-27 14:43:44:4344 [31merror[39m: [31mJWT Verification Error: jwt expired[39m
2026-07-27 14:43:44:4344 [31merror[39m: [31m401 - Invalid or expired security token. Please log in again. - /api/v1/cases - GET - ::1[39m
2026-07-27 14:43:44:4344 [31merror[39m: [31mJWT Verification Error: jwt expired[39m
2026-07-27 14:43:44:4344 [31merror[39m: [31m401 - Invalid or expired security token. Please log in again. - /api/v1/lands - GET - ::1[39m
2026-07-27 14:43:44:4344 [31merror[39m: [31mJWT Verification Error: jwt expired[39m
2026-07-27 14:43:44:4344 [31merror[39m: [31m401 - Invalid or expired security token. Please log in again. - /api/v1/clients - GET - ::1[39m
2026-07-27 14:43:44:4344 [31merror[39m: [31mJWT Verification Error: jwt expired[39m
2026-07-27 14:43:44:4344 [31merror[39m: [31m401 - Invalid or expired security token. Please log in again. - /api/v1/cases - GET - ::1[39m
2026-07-27 14:56:45:5645 [32minfo[39m: [32mMySQL database connection established successfully.[39m
2026-07-27 14:56:45:5645 [32minfo[39m: [32mAlert scanner scheduled daily at midnight (0 0 * * *).[39m
2026-07-27 14:56:45:5645 [32minfo[39m: [32mServer successfully started on port 5000 in development mode.[39m
2026-07-27 14:56:52:5652 [32minfo[39m: [32mMySQL database connection established successfully.[39m
2026-07-27 14:56:52:5652 [32minfo[39m: [32mAlert scanner scheduled daily at midnight (0 0 * * *).[39m
2026-07-27 14:56:52:5652 [32minfo[39m: [32mServer successfully started on port 5000 in development mode.[39m
2026-07-27 14:56:58:5658 [32minfo[39m: [32mMySQL database connection established successfully.[39m
2026-07-27 14:56:58:5658 [32minfo[39m: [32mAlert scanner scheduled daily at midnight (0 0 * * *).[39m
2026-07-27 14:56:58:5658 [32minfo[39m: [32mServer successfully started on port 5000 in development mode.[39m
2026-07-27 14:57:44:5744 [37mdebug[39m: [37mExecuting (default): SELECT `id`, `name`, `abbreviation`, `effective_date` AS `effectiveDate`, `type`, `description`, `sections_count` AS `sectionsCount`, `is_bookmarked` AS `isBookmarked`, `pdf_file` AS `pdfFile`, `created_at`, `updated_at` FROM `bare_acts` AS `BareAct` WHERE `BareAct`.`id` = 1;[39m
2026-07-27 14:57:44:5744 [37mdebug[39m: [37mExecuting (default): SELECT `id`, `source_act` AS `sourceAct`, `target_act` AS `targetAct`, `old_section` AS `oldSection`, `old_title` AS `oldTitle`, `new_section` AS `newSection`, `new_title` AS `newTitle`, `effective_date` AS `effectiveDate`, `created_at`, `updated_at` FROM `amendments` AS `Amendment` WHERE (`Amendment`.`target_act` = 'Bharatiya Nyaya Sanhita, 2023' OR `Amendment`.`source_act` = 'Bharatiya Nyaya Sanhita, 2023');[39m
2026-07-27 14:57:44:5744 [32minfo[39m: [32mGenerating complete legal document PDF for: Bharatiya Nyaya Sanhita, 2023 (BNS)[39m
2026-07-27 14:58:12:5812 [32minfo[39m: [32mGenerating complete legal document PDF for: Bharatiya Nyaya Sanhita, 2023 (BNS)[39m
2026-07-27 14:58:12:5812 [32minfo[39m: [32mWrote complete PDF file to path: D:\THEJA\ADVOCATE MANAGEMENT SYSTEM\Backend\static\acts\BNS.pdf[39m
2026-07-27 14:58:30:5830 [32minfo[39m: [32mGenerating complete legal document PDF for: Bharatiya Nyaya Sanhita, 2023 (BNS)[39m
2026-07-27 14:58:30:5830 [32minfo[39m: [32mWrote complete PDF file to path: D:\THEJA\ADVOCATE MANAGEMENT SYSTEM\Backend\static\acts\BNS.pdf[39m
2026-07-27 15:00:58:058 [32minfo[39m: [32mMySQL database connection established successfully.[39m
2026-07-27 15:00:59:059 [32minfo[39m: [32mAlert scanner scheduled daily at midnight (0 0 * * *).[39m
2026-07-27 15:00:59:059 [32minfo[39m: [32mServer successfully started on port 5000 in development mode.[39m
2026-07-27 15:01:08:18 [32minfo[39m: [32mMySQL database connection established successfully.[39m
2026-07-27 15:01:08:18 [32minfo[39m: [32mAlert scanner scheduled daily at midnight (0 0 * * *).[39m
2026-07-27 15:01:08:18 [32minfo[39m: [32mServer successfully started on port 5000 in development mode.[39m
2026-07-27 15:01:40:140 [31merror[39m: [31mJWT Verification Error: jwt expired[39m
2026-07-27 15:01:40:140 [31merror[39m: [31m401 - Invalid or expired security token. Please log in again. - /api/v1/cases - GET - ::1[39m
2026-07-27 15:01:40:140 [31merror[39m: [31mJWT Verification Error: jwt expired[39m
2026-07-27 15:01:40:140 [31merror[39m: [31m401 - Invalid or expired security token. Please log in again. - /api/v1/clients - GET - ::1[39m
2026-07-27 15:01:40:140 [31merror[39m: [31mJWT Verification Error: jwt expired[39m
2026-07-27 15:01:40:140 [31merror[39m: [31m401 - Invalid or expired security token. Please log in again. - /api/v1/advocates - GET - ::1[39m
2026-07-27 15:01:40:140 [31merror[39m: [31mJWT Verification Error: jwt expired[39m
2026-07-27 15:01:40:140 [31merror[39m: [31m401 - Invalid or expired security token. Please log in again. - /api/v1/diary - GET - ::1[39m
2026-07-27 15:01:40:140 [31merror[39m: [31mJWT Verification Error: jwt expired[39m
2026-07-27 15:01:40:140 [31merror[39m: [31m401 - Invalid or expired security token. Please log in again. - /api/v1/daybook - GET - ::1[39m
2026-07-27 15:01:40:140 [31merror[39m: [31mJWT Verification Error: jwt expired[39m
2026-07-27 15:01:40:140 [31merror[39m: [31m401 - Invalid or expired security token. Please log in again. - /api/v1/payments - GET - ::1[39m
2026-07-27 15:01:40:140 [31merror[39m: [31mJWT Verification Error: jwt expired[39m
2026-07-27 15:01:40:140 [31merror[39m: [31m401 - Invalid or expired security token. Please log in again. - /api/v1/alerts - GET - ::1[39m
2026-07-27 15:01:40:140 [31merror[39m: [31mJWT Verification Error: jwt expired[39m
2026-07-27 15:01:40:140 [31merror[39m: [31m401 - Invalid or expired security token. Please log in again. - /api/v1/lands - GET - ::1[39m
2026-07-27 15:01:40:140 [31merror[39m: [31mJWT Verification Error: jwt expired[39m
2026-07-27 15:01:40:140 [31merror[39m: [31m401 - Invalid or expired security token. Please log in again. - /api/v1/opinions - GET - ::1[39m
2026-07-27 15:01:40:140 [31merror[39m: [31mJWT Verification Error: jwt expired[39m
2026-07-27 15:01:40:140 [31merror[39m: [31m401 - Invalid or expired security token. Please log in again. - /api/v1/memberships - GET - ::1[39m
2026-07-27 15:01:40:140 [31merror[39m: [31mJWT Verification Error: jwt expired[39m
2026-07-27 15:01:40:140 [31merror[39m: [31m401 - Invalid or expired security token. Please log in again. - /api/v1/roles/roles - GET - ::1[39m
2026-07-27 15:01:40:140 [31merror[39m: [31mJWT Verification Error: jwt expired[39m
2026-07-27 15:01:40:140 [31merror[39m: [31m401 - Invalid or expired security token. Please log in again. - /api/v1/acts - GET - ::1[39m
2026-07-27 15:01:40:140 [31merror[39m: [31mJWT Verification Error: jwt expired[39m
2026-07-27 15:01:40:140 [31merror[39m: [31m401 - Invalid or expired security token. Please log in again. - /api/v1/amendments - GET - ::1[39m
2026-07-27 15:01:40:140 [31merror[39m: [31mJWT Verification Error: jwt expired[39m
2026-07-27 15:01:40:140 [31merror[39m: [31m401 - Invalid or expired security token. Please log in again. - /api/v1/roles/modules - GET - ::1[39m
2026-07-27 15:01:40:140 [31merror[39m: [31mJWT Verification Error: jwt expired[39m
2026-07-27 15:01:40:140 [31merror[39m: [31m401 - Invalid or expired security token. Please log in again. - /api/v1/cases - GET - ::1[39m
2026-07-27 15:01:40:140 [31merror[39m: [31mJWT Verification Error: jwt expired[39m
2026-07-27 15:01:40:140 [31merror[39m: [31m401 - Invalid or expired security token. Please log in again. - /api/v1/clients - GET - ::1[39m
2026-07-27 15:01:40:140 [31merror[39m: [31mJWT Verification Error: jwt expired[39m
2026-07-27 15:01:40:140 [31merror[39m: [31m401 - Invalid or expired security token. Please log in again. - /api/v1/advocates - GET - ::1[39m
2026-07-27 15:01:40:140 [31merror[39m: [31mJWT Verification Error: jwt expired[39m
2026-07-27 15:01:40:140 [31merror[39m: [31m401 - Invalid or expired security token. Please log in again. - /api/v1/diary - GET - ::1[39m
2026-07-27 15:01:40:140 [31merror[39m: [31mJWT Verification Error: jwt expired[39m
2026-07-27 15:01:40:140 [31merror[39m: [31m401 - Invalid or expired security token. Please log in again. - /api/v1/daybook - GET - ::1[39m
2026-07-27 15:01:40:140 [31merror[39m: [31mJWT Verification Error: jwt expired[39m
2026-07-27 15:01:40:140 [31merror[39m: [31m401 - Invalid or expired security token. Please log in again. - /api/v1/payments - GET - ::1[39m
2026-07-27 15:01:40:140 [31merror[39m: [31mJWT Verification Error: jwt expired[39m
2026-07-27 15:01:40:140 [31merror[39m: [31m401 - Invalid or expired security token. Please log in again. - /api/v1/alerts - GET - ::1[39m
2026-07-27 15:01:40:140 [31merror[39m: [31mJWT Verification Error: jwt expired[39m
2026-07-27 15:01:40:140 [31merror[39m: [31m401 - Invalid or expired security token. Please log in again. - /api/v1/lands - GET - ::1[39m
2026-07-27 15:01:40:140 [31merror[39m: [31mJWT Verification Error: jwt expired[39m
2026-07-27 15:01:40:140 [31merror[39m: [31m401 - Invalid or expired security token. Please log in again. - /api/v1/memberships - GET - ::1[39m
2026-07-27 15:01:40:140 [31merror[39m: [31mJWT Verification Error: jwt expired[39m
2026-07-27 15:01:40:140 [31merror[39m: [31m401 - Invalid or expired security token. Please log in again. - /api/v1/opinions - GET - ::1[39m
2026-07-27 15:01:40:140 [31merror[39m: [31mJWT Verification Error: jwt expired[39m
2026-07-27 15:01:40:140 [31merror[39m: [31m401 - Invalid or expired security token. Please log in again. - /api/v1/roles/roles - GET - ::1[39m
2026-07-27 15:01:40:140 [31merror[39m: [31mJWT Verification Error: jwt expired[39m
2026-07-27 15:01:40:140 [31merror[39m: [31m401 - Invalid or expired security token. Please log in again. - /api/v1/acts - GET - ::1[39m
2026-07-27 15:01:40:140 [31merror[39m: [31mJWT Verification Error: jwt expired[39m
2026-07-27 15:01:40:140 [31merror[39m: [31m401 - Invalid or expired security token. Please log in again. - /api/v1/amendments - GET - ::1[39m
2026-07-27 15:01:40:140 [31merror[39m: [31mJWT Verification Error: jwt expired[39m
2026-07-27 15:01:40:140 [31merror[39m: [31m401 - Invalid or expired security token. Please log in again. - /api/v1/roles/modules - GET - ::1[39m
2026-07-27 15:01:40:140 [31merror[39m: [31mJWT Verification Error: jwt expired[39m
2026-07-27 15:01:40:140 [31merror[39m: [31m401 - Invalid or expired security token. Please log in again. - /api/v1/roles/roles - GET - ::1[39m
2026-07-27 15:01:40:140 [31merror[39m: [31mJWT Verification Error: jwt expired[39m
2026-07-27 15:01:40:140 [31merror[39m: [31m401 - Invalid or expired security token. Please log in again. - /api/v1/roles/roles - GET - ::1[39m
2026-07-27 15:01:52:152 [37mdebug[39m: [37mExecuting (default): SELECT `id`, `name`, `abbreviation`, `effective_date` AS `effectiveDate`, `type`, `description`, `sections_count` AS `sectionsCount`, `is_bookmarked` AS `isBookmarked`, `pdf_file` AS `pdfFile`, `created_at`, `updated_at` FROM `bare_acts` AS `BareAct`;[39m
2026-07-27 15:02:22:222 [37mdebug[39m: [37mExecuting (default): SELECT `id`, `name`, `abbreviation`, `effective_date` AS `effectiveDate`, `type`, `description`, `sections_count` AS `sectionsCount`, `is_bookmarked` AS `isBookmarked`, `pdf_file` AS `pdfFile`, `created_at`, `updated_at` FROM `bare_acts` AS `BareAct` WHERE `BareAct`.`id` = 1;[39m
2026-07-27 15:02:22:222 [32minfo[39m: [32mStreaming real PDF file from disk for act: Bharatiya Nyaya Sanhita, 2023 at path: d:\THEJA\ADVOCATE MANAGEMENT SYSTEM\Backend\static\acts\BNS.pdf[39m
2026-07-27 15:02:22:222 [37mdebug[39m: [37mExecuting (default): SELECT `id`, `name`, `abbreviation`, `effective_date` AS `effectiveDate`, `type`, `description`, `sections_count` AS `sectionsCount`, `is_bookmarked` AS `isBookmarked`, `pdf_file` AS `pdfFile`, `created_at`, `updated_at` FROM `bare_acts` AS `BareAct` WHERE `BareAct`.`id` = 999;[39m
2026-07-27 15:03:17:317 [32minfo[39m: [32mStreaming real PDF file from disk for act: Bharatiya Nyaya Sanhita, 2023 at path: D:\THEJA\ADVOCATE MANAGEMENT SYSTEM\Backend\static\acts\BNS.pdf[39m
2026-07-27 15:03:26:326 [32minfo[39m: [32mStreaming real PDF file from disk for act: Bharatiya Nyaya Sanhita, 2023 at path: D:\THEJA\ADVOCATE MANAGEMENT SYSTEM\Backend\static\acts\BNS.pdf[39m
2026-07-27 15:04:27:427 [32minfo[39m: [32mStreaming real PDF file from disk for act: Bharatiya Nyaya Sanhita, 2023 at path: D:\THEJA\ADVOCATE MANAGEMENT SYSTEM\Backend\static\acts\BNS.pdf[39m
2026-07-27 15:04:39:439 [32minfo[39m: [32mStreaming real PDF file from disk for act: Bharatiya Sakshya Adhiniyam, 2023 at path: D:\THEJA\ADVOCATE MANAGEMENT SYSTEM\Backend\static\acts\BSA.pdf[39m
2026-07-27 15:04:59:459 [32minfo[39m: [32mStreaming real PDF file from disk for act: Bharatiya Nyaya Sanhita, 2023 at path: D:\THEJA\ADVOCATE MANAGEMENT SYSTEM\Backend\static\acts\BNS.pdf[39m
2026-07-27 15:05:23:523 [32minfo[39m: [32mStreaming real PDF file from disk for act: Bharatiya Nyaya Sanhita, 2023 at path: D:\THEJA\ADVOCATE MANAGEMENT SYSTEM\Backend\static\acts\BNS.pdf[39m
2026-07-27 15:05:41:541 [32minfo[39m: [32mStreaming real PDF file from disk for act: Bharatiya Nyaya Sanhita, 2023 at path: D:\THEJA\ADVOCATE MANAGEMENT SYSTEM\Backend\static\acts\BNS.pdf[39m
2026-07-27 15:08:08:88 [37mdebug[39m: [37mExecuting (default): SELECT `id`, `name`, `abbreviation`, `effective_date` AS `effectiveDate`, `type`, `description`, `sections_count` AS `sectionsCount`, `is_bookmarked` AS `isBookmarked`, `pdf_file` AS `pdfFile`, `created_at`, `updated_at` FROM `bare_acts` AS `BareAct` WHERE `BareAct`.`id` = 1;[39m
2026-07-27 15:08:08:88 [32minfo[39m: [32mStreaming real PDF file from disk for act: Bharatiya Nyaya Sanhita, 2023 at path: d:\THEJA\ADVOCATE MANAGEMENT SYSTEM\Backend\static\acts\BNS.pdf[39m
2026-07-27 15:08:08:88 [37mdebug[39m: [37mExecuting (default): SELECT `id`, `name`, `abbreviation`, `effective_date` AS `effectiveDate`, `type`, `description`, `sections_count` AS `sectionsCount`, `is_bookmarked` AS `isBookmarked`, `pdf_file` AS `pdfFile`, `created_at`, `updated_at` FROM `bare_acts` AS `BareAct` WHERE `BareAct`.`id` = 999;[39m
2026-07-27 15:08:26:826 [32minfo[39m: [32mStreaming real PDF file from disk for act: Bharatiya Nyaya Sanhita, 2023 at path: D:\THEJA\ADVOCATE MANAGEMENT SYSTEM\Backend\static\acts\BNS.pdf[39m
2026-07-27 15:08:41:841 [32minfo[39m: [32mStreaming real PDF file from disk for act: Bharatiya Nyaya Sanhita, 2023 at path: D:\THEJA\ADVOCATE MANAGEMENT SYSTEM\Backend\static\acts\BNS.pdf[39m
2026-07-27 15:10:55:1055 [32minfo[39m: [32mStreaming real PDF file from disk for act: Bharatiya Nyaya Sanhita, 2023 at path: D:\THEJA\ADVOCATE MANAGEMENT SYSTEM\Backend\static\acts\BNS.pdf[39m
2026-07-27 15:11:23:1123 [32minfo[39m: [32mStreaming real PDF file from disk for act: Bharatiya Nyaya Sanhita, 2023 at path: D:\THEJA\ADVOCATE MANAGEMENT SYSTEM\Backend\static\acts\BNS.pdf[39m
2026-07-27 15:11:34:1134 [32minfo[39m: [32mStreaming real PDF file from disk for act: Bharatiya Nyaya Sanhita, 2023 at path: D:\THEJA\ADVOCATE MANAGEMENT SYSTEM\Backend\static\acts\BNS.pdf[39m
2026-07-27 15:23:16:2316 [32minfo[39m: [32mMySQL database connection established successfully.[39m
2026-07-27 15:23:18:2318 [32minfo[39m: [32mMySQL database connection established successfully.[39m
2026-07-27 15:23:18:2318 [32minfo[39m: [32mAlert scanner scheduled daily at midnight (0 0 * * *).[39m
2026-07-27 15:23:18:2318 [32minfo[39m: [32mServer successfully started on port 5000 in development mode.[39m
2026-07-27 15:26:25:2625 [31merror[39m: [31mJWT Verification Error: jwt expired[39m
2026-07-27 15:26:25:2625 [31merror[39m: [31m401 - Invalid or expired security token. Please log in again. - /api/v1/acts/1/open - GET - ::1[39m
2026-07-27 15:26:26:2626 [32minfo[39m: [32mStreaming real PDF file from disk for act: Bharatiya Nyaya Sanhita, 2023 at path: D:\THEJA\ADVOCATE MANAGEMENT SYSTEM\Backend\static\acts\BNS.pdf[39m
2026-07-27 15:27:39:2739 [32minfo[39m: [32mStreaming real PDF file from disk for act: Bharatiya Nyaya Sanhita, 2023 at path: D:\THEJA\ADVOCATE MANAGEMENT SYSTEM\Backend\static\acts\BNS.pdf[39m
2026-07-27 15:27:49:2749 [32minfo[39m: [32mStreaming real PDF file from disk for act: Bharatiya Nyaya Sanhita, 2023 at path: D:\THEJA\ADVOCATE MANAGEMENT SYSTEM\Backend\static\acts\BNS.pdf[39m
2026-07-27 15:34:38:3438 [32minfo[39m: [32mMySQL database connection established successfully.[39m
2026-07-27 15:34:38:3438 [32minfo[39m: [32mAlert scanner scheduled daily at midnight (0 0 * * *).[39m
2026-07-27 15:34:38:3438 [32minfo[39m: [32mServer successfully started on port 5000 in development mode.[39m
2026-07-27 15:35:19:3519 [32minfo[39m: [32mMySQL database connection established successfully.[39m
2026-07-27 15:35:19:3519 [32minfo[39m: [32mAlert scanner scheduled daily at midnight (0 0 * * *).[39m
2026-07-27 15:35:19:3519 [32minfo[39m: [32mServer successfully started on port 5000 in development mode.[39m
2026-07-27 15:35:36:3536 [32minfo[39m: [32mMySQL database connection established successfully.[39m
2026-07-27 15:35:36:3536 [32minfo[39m: [32mAlert scanner scheduled daily at midnight (0 0 * * *).[39m
2026-07-27 15:35:36:3536 [32minfo[39m: [32mServer successfully started on port 5000 in development mode.[39m
2026-07-27 15:35:50:3550 [32minfo[39m: [32mMySQL database connection established successfully.[39m
2026-07-27 15:35:50:3550 [32minfo[39m: [32mAlert scanner scheduled daily at midnight (0 0 * * *).[39m
2026-07-27 15:35:50:3550 [32minfo[39m: [32mServer successfully started on port 5000 in development mode.[39m
2026-07-27 15:35:54:3554 [32minfo[39m: [32mMySQL database connection established successfully.[39m
2026-07-27 15:35:54:3554 [32minfo[39m: [32mAlert scanner scheduled daily at midnight (0 0 * * *).[39m
2026-07-27 15:35:54:3554 [32minfo[39m: [32mServer successfully started on port 5000 in development mode.[39m
2026-07-27 15:38:26:3826 [32minfo[39m: [32mMySQL database connection established successfully.[39m
2026-07-27 15:38:26:3826 [32minfo[39m: [32mAlert scanner scheduled daily at midnight (0 0 * * *).[39m
2026-07-27 15:38:26:3826 [32minfo[39m: [32mServer successfully started on port 5000 in development mode.[39m
2026-07-27 15:39:04:394 [37mdebug[39m: [37mExecuting (default): SELECT `id`, `name`, `abbreviation`, `effective_date` AS `effectiveDate`, `type`, `description`, `sections_count` AS `sectionsCount`, `is_bookmarked` AS `isBookmarked`, `pdf_file` AS `pdfFile`, `pdf_original_name` AS `pdfOriginalName`, `pdf_storage_name` AS `pdfStorageName`, `pdf_storage_path` AS `pdfStoragePath`, `pdf_size` AS `pdfSize`, `mime_type` AS `mimeType`, `file_hash` AS `fileHash`, `version_number` AS `versionNumber`, `is_current` AS `isCurrent`, `uploaded_by` AS `uploadedBy`, `uploaded_at` AS `uploadedAt`, `created_by` AS `createdBy`, `updated_by` AS `updatedBy`, `deleted_by` AS `deletedBy`, `deleted_at` AS `deletedAt`, `created_at`, `updated_at`, `deleted_at` FROM `bare_acts` AS `BareAct` WHERE `BareAct`.`abbreviation` = 'MOCK_ACT' LIMIT 1;[39m
2026-07-27 15:39:04:394 [37mdebug[39m: [37mExecuting (default): INSERT INTO `bare_acts` (`id`,`name`,`abbreviation`,`effective_date`,`type`,`description`,`sections_count`,`is_bookmarked`,`pdf_original_name`,`pdf_storage_name`,`pdf_storage_path`,`pdf_size`,`mime_type`,`file_hash`,`version_number`,`is_current`,`uploaded_by`,`uploaded_at`,`created_by`,`updated_by`,`created_at`,`updated_at`) VALUES (DEFAULT,?,?,?,?,?,?,?,?,?,?,?,?,?,?,?,?,?,?,?,?,?);[39m
2026-07-27 15:39:04:394 [37mdebug[39m: [37mExecuting (default): SELECT `id`, `name`, `abbreviation`, `effective_date` AS `effectiveDate`, `type`, `description`, `sections_count` AS `sectionsCount`, `is_bookmarked` AS `isBookmarked`, `pdf_file` AS `pdfFile`, `pdf_original_name` AS `pdfOriginalName`, `pdf_storage_name` AS `pdfStorageName`, `pdf_storage_path` AS `pdfStoragePath`, `pdf_size` AS `pdfSize`, `mime_type` AS `mimeType`, `file_hash` AS `fileHash`, `version_number` AS `versionNumber`, `is_current` AS `isCurrent`, `uploaded_by` AS `uploadedBy`, `uploaded_at` AS `uploadedAt`, `created_by` AS `createdBy`, `updated_by` AS `updatedBy`, `deleted_by` AS `deletedBy`, `deleted_at` AS `deletedAt`, `created_at`, `updated_at`, `deleted_at` FROM `bare_acts` AS `BareAct` WHERE (`BareAct`.`deleted_at` IS NULL AND `BareAct`.`id` = 10);[39m
2026-07-27 15:39:04:394 [37mdebug[39m: [37mExecuting (default): UPDATE `bare_acts` SET `name`=?,`sections_count`=?,`updated_at`=? WHERE `id` = ?[39m
2026-07-27 15:39:04:394 [37mdebug[39m: [37mExecuting (default): SELECT `id`, `name`, `abbreviation`, `effective_date` AS `effectiveDate`, `type`, `description`, `sections_count` AS `sectionsCount`, `is_bookmarked` AS `isBookmarked`, `pdf_file` AS `pdfFile`, `pdf_original_name` AS `pdfOriginalName`, `pdf_storage_name` AS `pdfStorageName`, `pdf_storage_path` AS `pdfStoragePath`, `pdf_size` AS `pdfSize`, `mime_type` AS `mimeType`, `file_hash` AS `fileHash`, `version_number` AS `versionNumber`, `is_current` AS `isCurrent`, `uploaded_by` AS `uploadedBy`, `uploaded_at` AS `uploadedAt`, `created_by` AS `createdBy`, `updated_by` AS `updatedBy`, `deleted_by` AS `deletedBy`, `deleted_at` AS `deletedAt`, `created_at`, `updated_at`, `deleted_at` FROM `bare_acts` AS `BareAct` WHERE (`BareAct`.`deleted_at` IS NULL AND `BareAct`.`id` = 10);[39m
2026-07-27 15:39:04:394 [37mdebug[39m: [37mExecuting (default): UPDATE `bare_acts` SET `pdf_original_name`=?,`pdf_storage_name`=?,`pdf_storage_path`=?,`pdf_size`=?,`file_hash`=?,`version_number`=?,`uploaded_at`=?,`updated_at`=? WHERE `id` = ?[39m
2026-07-27 15:39:04:394 [32minfo[39m: [32mStorageService: Successfully deleted file: D:\THEJA\ADVOCATE MANAGEMENT SYSTEM\Backend\uploads\bare-acts\dummy_test.pdf[39m
2026-07-27 15:39:04:394 [37mdebug[39m: [37mExecuting (default): SELECT `id`, `name`, `abbreviation`, `effective_date` AS `effectiveDate`, `type`, `description`, `sections_count` AS `sectionsCount`, `is_bookmarked` AS `isBookmarked`, `pdf_file` AS `pdfFile`, `pdf_original_name` AS `pdfOriginalName`, `pdf_storage_name` AS `pdfStorageName`, `pdf_storage_path` AS `pdfStoragePath`, `pdf_size` AS `pdfSize`, `mime_type` AS `mimeType`, `file_hash` AS `fileHash`, `version_number` AS `versionNumber`, `is_current` AS `isCurrent`, `uploaded_by` AS `uploadedBy`, `uploaded_at` AS `uploadedAt`, `created_by` AS `createdBy`, `updated_by` AS `updatedBy`, `deleted_by` AS `deletedBy`, `deleted_at` AS `deletedAt`, `created_at`, `updated_at`, `deleted_at` FROM `bare_acts` AS `BareAct` WHERE (`BareAct`.`deleted_at` IS NULL AND `BareAct`.`id` = 10);[39m
2026-07-27 15:39:04:394 [37mdebug[39m: [37mExecuting (default): UPDATE `bare_acts` SET `deleted_by`=?,`updated_at`=? WHERE `id` = ?[39m
2026-07-27 15:39:04:394 [37mdebug[39m: [37mExecuting (default): UPDATE `bare_acts` SET `deleted_at`=?,`updated_at`=? WHERE `id` = ?[39m
2026-07-27 15:39:04:394 [32minfo[39m: [32mStorageService: Successfully deleted file: D:\THEJA\ADVOCATE MANAGEMENT SYSTEM\Backend\uploads\bare-acts\dummy_replace.pdf[39m
2026-07-27 15:39:04:394 [37mdebug[39m: [37mExecuting (default): SELECT `id`, `name`, `abbreviation`, `effective_date` AS `effectiveDate`, `type`, `description`, `sections_count` AS `sectionsCount`, `is_bookmarked` AS `isBookmarked`, `pdf_file` AS `pdfFile`, `pdf_original_name` AS `pdfOriginalName`, `pdf_storage_name` AS `pdfStorageName`, `pdf_storage_path` AS `pdfStoragePath`, `pdf_size` AS `pdfSize`, `mime_type` AS `mimeType`, `file_hash` AS `fileHash`, `version_number` AS `versionNumber`, `is_current` AS `isCurrent`, `uploaded_by` AS `uploadedBy`, `uploaded_at` AS `uploadedAt`, `created_by` AS `createdBy`, `updated_by` AS `updatedBy`, `deleted_by` AS `deletedBy`, `deleted_at` AS `deletedAt`, `created_at`, `updated_at` FROM `bare_acts` AS `BareAct` WHERE (`BareAct`.`deleted_at` IS NULL AND `BareAct`.`id` = 10);[39m
2026-07-27 15:39:04:394 [37mdebug[39m: [37mExecuting (default): SELECT `id`, `name`, `abbreviation`, `effective_date` AS `effectiveDate`, `type`, `description`, `sections_count` AS `sectionsCount`, `is_bookmarked` AS `isBookmarked`, `pdf_file` AS `pdfFile`, `pdf_original_name` AS `pdfOriginalName`, `pdf_storage_name` AS `pdfStorageName`, `pdf_storage_path` AS `pdfStoragePath`, `pdf_size` AS `pdfSize`, `mime_type` AS `mimeType`, `file_hash` AS `fileHash`, `version_number` AS `versionNumber`, `is_current` AS `isCurrent`, `uploaded_by` AS `uploadedBy`, `uploaded_at` AS `uploadedAt`, `created_by` AS `createdBy`, `updated_by` AS `updatedBy`, `deleted_by` AS `deletedBy`, `deleted_at` AS `deletedAt`, `created_at`, `updated_at`, `deleted_at` FROM `bare_acts` AS `BareAct` WHERE `BareAct`.`id` = 10;[39m
2026-07-27 15:39:04:394 [37mdebug[39m: [37mExecuting (default): UPDATE `bare_acts` SET `deleted_at`=?,`updated_at`=? WHERE `id` = ?[39m
2026-07-27 15:39:04:394 [37mdebug[39m: [37mExecuting (default): UPDATE `bare_acts` SET `deleted_by`=?,`updated_at`=? WHERE `id` = ?[39m
2026-07-27 15:39:04:394 [37mdebug[39m: [37mExecuting (default): SELECT `id`, `name`, `abbreviation`, `effective_date` AS `effectiveDate`, `type`, `description`, `sections_count` AS `sectionsCount`, `is_bookmarked` AS `isBookmarked`, `pdf_file` AS `pdfFile`, `pdf_original_name` AS `pdfOriginalName`, `pdf_storage_name` AS `pdfStorageName`, `pdf_storage_path` AS `pdfStoragePath`, `pdf_size` AS `pdfSize`, `mime_type` AS `mimeType`, `file_hash` AS `fileHash`, `version_number` AS `versionNumber`, `is_current` AS `isCurrent`, `uploaded_by` AS `uploadedBy`, `uploaded_at` AS `uploadedAt`, `created_by` AS `createdBy`, `updated_by` AS `updatedBy`, `deleted_by` AS `deletedBy`, `deleted_at` AS `deletedAt`, `created_at`, `updated_at` FROM `bare_acts` AS `BareAct` WHERE (`BareAct`.`deleted_at` IS NULL AND `BareAct`.`id` = 10);[39m
2026-07-27 15:39:04:394 [37mdebug[39m: [37mExecuting (default): DELETE FROM bare_acts WHERE id = 10[39m
2026-07-27 15:39:17:3917 [32minfo[39m: [32mShutting down server gracefully...[39m
2026-07-27 16:43:34:4334 [32minfo[39m: [32mMySQL database connection established successfully.[39m
2026-07-27 16:43:34:4334 [32minfo[39m: [32mAlert scanner scheduled daily at midnight (0 0 * * *).[39m
2026-07-27 16:43:34:4334 [32minfo[39m: [32mServer successfully started on port 5000 in development mode.[39m
2026-07-27 16:43:36:4336 [32minfo[39m: [32mMySQL database connection established successfully.[39m
2026-07-27 16:43:36:4336 [32minfo[39m: [32mAlert scanner scheduled daily at midnight (0 0 * * *).[39m
2026-07-27 16:43:36:4336 [32minfo[39m: [32mServer successfully started on port 5000 in development mode.[39m
2026-07-27 16:43:53:4353 [31merror[39m: [31mJWT Verification Error: jwt expired[39m
2026-07-27 16:43:53:4353 [31merror[39m: [31m401 - Invalid or expired security token. Please log in again. - /api/v1/acts?includeDeleted=false - GET - ::1[39m
2026-07-27 16:43:53:4353 [31merror[39m: [31mJWT Verification Error: jwt expired[39m
2026-07-27 16:43:53:4353 [31merror[39m: [31m401 - Invalid or expired security token. Please log in again. - /api/v1/payments - GET - ::1[39m
2026-07-27 16:43:53:4353 [31merror[39m: [31mJWT Verification Error: jwt expired[39m
2026-07-27 16:43:53:4353 [31merror[39m: [31m401 - Invalid or expired security token. Please log in again. - /api/v1/cases - GET - ::1[39m
2026-07-27 16:43:53:4353 [31merror[39m: [31mJWT Verification Error: jwt expired[39m
2026-07-27 16:43:53:4353 [31merror[39m: [31m401 - Invalid or expired security token. Please log in again. - /api/v1/clients - GET - ::1[39m
2026-07-27 16:43:53:4353 [31merror[39m: [31mJWT Verification Error: jwt expired[39m
2026-07-27 16:43:53:4353 [31merror[39m: [31m401 - Invalid or expired security token. Please log in again. - /api/v1/advocates - GET - ::1[39m
2026-07-27 16:43:53:4353 [31merror[39m: [31mJWT Verification Error: jwt expired[39m
2026-07-27 16:43:53:4353 [31merror[39m: [31m401 - Invalid or expired security token. Please log in again. - /api/v1/daybook - GET - ::1[39m
2026-07-27 16:43:53:4353 [31merror[39m: [31mJWT Verification Error: jwt expired[39m
2026-07-27 16:43:53:4353 [31merror[39m: [31m401 - Invalid or expired security token. Please log in again. - /api/v1/diary - GET - ::1[39m
2026-07-27 16:43:53:4353 [31merror[39m: [31mJWT Verification Error: jwt expired[39m
2026-07-27 16:43:53:4353 [31merror[39m: [31m401 - Invalid or expired security token. Please log in again. - /api/v1/alerts - GET - ::1[39m
2026-07-27 16:43:53:4353 [31merror[39m: [31mJWT Verification Error: jwt expired[39m
2026-07-27 16:43:53:4353 [31merror[39m: [31m401 - Invalid or expired security token. Please log in again. - /api/v1/lands - GET - ::1[39m
2026-07-27 16:43:53:4353 [31merror[39m: [31mJWT Verification Error: jwt expired[39m
2026-07-27 16:43:53:4353 [31merror[39m: [31m401 - Invalid or expired security token. Please log in again. - /api/v1/opinions - GET - ::1[39m
2026-07-27 16:43:53:4353 [31merror[39m: [31mJWT Verification Error: jwt expired[39m
2026-07-27 16:43:53:4353 [31merror[39m: [31m401 - Invalid or expired security token. Please log in again. - /api/v1/memberships - GET - ::1[39m
2026-07-27 16:43:53:4353 [31merror[39m: [31mJWT Verification Error: jwt expired[39m
2026-07-27 16:43:53:4353 [31merror[39m: [31m401 - Invalid or expired security token. Please log in again. - /api/v1/acts - GET - ::1[39m
2026-07-27 16:43:53:4353 [31merror[39m: [31mJWT Verification Error: jwt expired[39m
2026-07-27 16:43:53:4353 [31merror[39m: [31m401 - Invalid or expired security token. Please log in again. - /api/v1/amendments - GET - ::1[39m
2026-07-27 16:43:53:4353 [31merror[39m: [31mJWT Verification Error: jwt expired[39m
2026-07-27 16:43:53:4353 [31merror[39m: [31m401 - Invalid or expired security token. Please log in again. - /api/v1/roles/roles - GET - ::1[39m
2026-07-27 16:43:53:4353 [31merror[39m: [31mJWT Verification Error: jwt expired[39m
2026-07-27 16:43:53:4353 [31merror[39m: [31m401 - Invalid or expired security token. Please log in again. - /api/v1/roles/modules - GET - ::1[39m
2026-07-27 16:43:53:4353 [31merror[39m: [31mJWT Verification Error: jwt expired[39m
2026-07-27 16:43:53:4353 [31merror[39m: [31m401 - Invalid or expired security token. Please log in again. - /api/v1/acts?includeDeleted=false - GET - ::1[39m
2026-07-27 16:43:53:4353 [31merror[39m: [31mJWT Verification Error: jwt expired[39m
2026-07-27 16:43:53:4353 [31merror[39m: [31m401 - Invalid or expired security token. Please log in again. - /api/v1/cases - GET - ::1[39m
2026-07-27 16:43:53:4353 [31merror[39m: [31mJWT Verification Error: jwt expired[39m
2026-07-27 16:43:53:4353 [31merror[39m: [31m401 - Invalid or expired security token. Please log in again. - /api/v1/advocates - GET - ::1[39m
2026-07-27 16:43:53:4353 [31merror[39m: [31mJWT Verification Error: jwt expired[39m
2026-07-27 16:43:53:4353 [31merror[39m: [31m401 - Invalid or expired security token. Please log in again. - /api/v1/daybook - GET - ::1[39m
2026-07-27 16:43:53:4353 [31merror[39m: [31mJWT Verification Error: jwt expired[39m
2026-07-27 16:43:53:4353 [31merror[39m: [31m401 - Invalid or expired security token. Please log in again. - /api/v1/clients - GET - ::1[39m
2026-07-27 16:43:53:4353 [31merror[39m: [31mJWT Verification Error: jwt expired[39m
2026-07-27 16:43:53:4353 [31merror[39m: [31m401 - Invalid or expired security token. Please log in again. - /api/v1/payments - GET - ::1[39m
2026-07-27 16:43:53:4353 [31merror[39m: [31mJWT Verification Error: jwt expired[39m
2026-07-27 16:43:53:4353 [31merror[39m: [31m401 - Invalid or expired security token. Please log in again. - /api/v1/diary - GET - ::1[39m
2026-07-27 16:43:53:4353 [31merror[39m: [31mRefresh token error: invalid signature[39m
2026-07-27 16:43:53:4353 [31merror[39m: [31m401 - Invalid or expired refresh token - /api/v1/auth/refresh - POST - ::1[39m
2026-07-27 16:43:53:4353 [31merror[39m: [31mJWT Verification Error: jwt expired[39m
2026-07-27 16:43:53:4353 [31merror[39m: [31m401 - Invalid or expired security token. Please log in again. - /api/v1/alerts - GET - ::1[39m
2026-07-27 16:43:53:4353 [31merror[39m: [31mJWT Verification Error: jwt expired[39m
2026-07-27 16:43:53:4353 [31merror[39m: [31m401 - Invalid or expired security token. Please log in again. - /api/v1/lands - GET - ::1[39m
2026-07-27 16:43:53:4353 [31merror[39m: [31mJWT Verification Error: jwt expired[39m
2026-07-27 16:43:53:4353 [31merror[39m: [31m401 - Invalid or expired security token. Please log in again. - /api/v1/memberships - GET - ::1[39m
2026-07-27 16:43:53:4353 [31merror[39m: [31mJWT Verification Error: jwt expired[39m
2026-07-27 16:43:53:4353 [31merror[39m: [31m401 - Invalid or expired security token. Please log in again. - /api/v1/acts - GET - ::1[39m
2026-07-27 16:43:53:4353 [31merror[39m: [31mJWT Verification Error: jwt expired[39m
2026-07-27 16:43:53:4353 [31merror[39m: [31m401 - Invalid or expired security token. Please log in again. - /api/v1/opinions - GET - ::1[39m
2026-07-27 16:43:53:4353 [31merror[39m: [31mJWT Verification Error: jwt expired[39m
2026-07-27 16:43:53:4353 [31merror[39m: [31m401 - Invalid or expired security token. Please log in again. - /api/v1/amendments - GET - ::1[39m
2026-07-27 16:43:54:4354 [31merror[39m: [31mJWT Verification Error: jwt expired[39m
2026-07-27 16:43:54:4354 [31merror[39m: [31m401 - Invalid or expired security token. Please log in again. - /api/v1/roles/roles - GET - ::1[39m
2026-07-27 16:43:54:4354 [31merror[39m: [31mJWT Verification Error: jwt expired[39m
2026-07-27 16:43:54:4354 [31merror[39m: [31m401 - Invalid or expired security token. Please log in again. - /api/v1/roles/modules - GET - ::1[39m
2026-07-27 16:43:54:4354 [31merror[39m: [31mJWT Verification Error: jwt expired[39m
2026-07-27 16:43:54:4354 [31merror[39m: [31m401 - Invalid or expired security token. Please log in again. - /api/v1/roles/roles - GET - ::1[39m
2026-07-27 16:43:54:4354 [31merror[39m: [31mRefresh token error: invalid signature[39m
2026-07-27 16:43:54:4354 [31merror[39m: [31m401 - Invalid or expired refresh token - /api/v1/auth/refresh - POST - ::1[39m
2026-07-27 16:43:54:4354 [31merror[39m: [31mJWT Verification Error: jwt expired[39m
2026-07-27 16:43:54:4354 [31merror[39m: [31m401 - Invalid or expired security token. Please log in again. - /api/v1/roles/roles - GET - ::1[39m
2026-07-27 16:43:54:4354 [31merror[39m: [31mRefresh token error: invalid signature[39m
2026-07-27 16:43:54:4354 [31merror[39m: [31m401 - Invalid or expired refresh token - /api/v1/auth/refresh - POST - ::1[39m
2026-07-27 16:45:07:457 [32minfo[39m: [32mStreaming real PDF file from disk for act: A.P. Land Grabbing (Prohibition) Act, 1982 at path: D:\THEJA\ADVOCATE MANAGEMENT SYSTEM\Backend\static\acts\APLG.pdf[39m
2026-07-27 16:46:52:4652 [32minfo[39m: [32mMySQL database connection established successfully.[39m
2026-07-27 16:46:52:4652 [32minfo[39m: [32mAlert scanner scheduled daily at midnight (0 0 * * *).[39m
2026-07-27 16:46:52:4652 [32minfo[39m: [32mServer successfully started on port 5000 in development mode.[39m
2026-07-27 16:48:10:4810 [32minfo[39m: [32mMySQL database connection established successfully.[39m
2026-07-27 16:48:10:4810 [32minfo[39m: [32mAlert scanner scheduled daily at midnight (0 0 * * *).[39m
2026-07-27 16:48:10:4810 [32minfo[39m: [32mServer successfully started on port 5000 in development mode.[39m
2026-07-27 16:48:16:4816 [32minfo[39m: [32mMySQL database connection established successfully.[39m
2026-07-27 16:48:16:4816 [32minfo[39m: [32mAlert scanner scheduled daily at midnight (0 0 * * *).[39m
2026-07-27 16:48:16:4816 [32minfo[39m: [32mServer successfully started on port 5000 in development mode.[39m
2026-07-27 16:48:37:4837 [32minfo[39m: [32mMySQL database connection established successfully.[39m
2026-07-27 16:48:37:4837 [32minfo[39m: [32mAlert scanner scheduled daily at midnight (0 0 * * *).[39m
2026-07-27 16:48:37:4837 [32minfo[39m: [32mServer successfully started on port 5000 in development mode.[39m
2026-07-27 16:48:44:4844 [32minfo[39m: [32mMySQL database connection established successfully.[39m
2026-07-27 16:48:45:4845 [32minfo[39m: [32mAlert scanner scheduled daily at midnight (0 0 * * *).[39m
2026-07-27 16:48:45:4845 [32minfo[39m: [32mServer successfully started on port 5000 in development mode.[39m
2026-07-27 16:48:50:4850 [37mdebug[39m: [37mExecuting (default): SELECT `id`, `name`, `abbreviation`, `effective_date` AS `effectiveDate`, `type`, `description`, `sections_count` AS `sectionsCount`, `is_bookmarked` AS `isBookmarked`, `pdf_file` AS `pdfFile`, `pdf_original_name` AS `pdfOriginalName`, `pdf_storage_name` AS `pdfStorageName`, `pdf_storage_path` AS `pdfStoragePath`, `pdf_size` AS `pdfSize`, `mime_type` AS `mimeType`, `file_hash` AS `fileHash`, `version_number` AS `versionNumber`, `is_current` AS `isCurrent`, `uploaded_by` AS `uploadedBy`, `uploaded_at` AS `uploadedAt`, `created_by` AS `createdBy`, `updated_by` AS `updatedBy`, `deleted_by` AS `deletedBy`, `deleted_at` AS `deletedAt`, `created_at`, `updated_at`, `deleted_at` FROM `bare_acts` AS `BareAct` WHERE `BareAct`.`abbreviation` = 'MOCK_ACT' LIMIT 1;[39m
2026-07-27 16:48:50:4850 [37mdebug[39m: [37mExecuting (default): INSERT INTO `bare_acts` (`id`,`name`,`abbreviation`,`effective_date`,`type`,`description`,`sections_count`,`is_bookmarked`,`pdf_original_name`,`pdf_storage_name`,`pdf_storage_path`,`pdf_size`,`mime_type`,`file_hash`,`version_number`,`is_current`,`uploaded_by`,`uploaded_at`,`created_by`,`updated_by`,`created_at`,`updated_at`) VALUES (DEFAULT,?,?,?,?,?,?,?,?,?,?,?,?,?,?,?,?,?,?,?,?,?);[39m
2026-07-27 16:48:50:4850 [37mdebug[39m: [37mExecuting (default): SELECT `id`, `name`, `abbreviation`, `effective_date` AS `effectiveDate`, `type`, `description`, `sections_count` AS `sectionsCount`, `is_bookmarked` AS `isBookmarked`, `pdf_file` AS `pdfFile`, `pdf_original_name` AS `pdfOriginalName`, `pdf_storage_name` AS `pdfStorageName`, `pdf_storage_path` AS `pdfStoragePath`, `pdf_size` AS `pdfSize`, `mime_type` AS `mimeType`, `file_hash` AS `fileHash`, `version_number` AS `versionNumber`, `is_current` AS `isCurrent`, `uploaded_by` AS `uploadedBy`, `uploaded_at` AS `uploadedAt`, `created_by` AS `createdBy`, `updated_by` AS `updatedBy`, `deleted_by` AS `deletedBy`, `deleted_at` AS `deletedAt`, `created_at`, `updated_at`, `deleted_at` FROM `bare_acts` AS `BareAct` WHERE (`BareAct`.`deleted_at` IS NULL AND `BareAct`.`id` = 11);[39m
2026-07-27 16:48:50:4850 [37mdebug[39m: [37mExecuting (default): UPDATE `bare_acts` SET `name`=?,`sections_count`=?,`updated_at`=? WHERE `id` = ?[39m
2026-07-27 16:48:50:4850 [37mdebug[39m: [37mExecuting (default): SELECT `id`, `name`, `abbreviation`, `effective_date` AS `effectiveDate`, `type`, `description`, `sections_count` AS `sectionsCount`, `is_bookmarked` AS `isBookmarked`, `pdf_file` AS `pdfFile`, `pdf_original_name` AS `pdfOriginalName`, `pdf_storage_name` AS `pdfStorageName`, `pdf_storage_path` AS `pdfStoragePath`, `pdf_size` AS `pdfSize`, `mime_type` AS `mimeType`, `file_hash` AS `fileHash`, `version_number` AS `versionNumber`, `is_current` AS `isCurrent`, `uploaded_by` AS `uploadedBy`, `uploaded_at` AS `uploadedAt`, `created_by` AS `createdBy`, `updated_by` AS `updatedBy`, `deleted_by` AS `deletedBy`, `deleted_at` AS `deletedAt`, `created_at`, `updated_at`, `deleted_at` FROM `bare_acts` AS `BareAct` WHERE (`BareAct`.`deleted_at` IS NULL AND `BareAct`.`id` = 11);[39m
2026-07-27 16:48:50:4850 [37mdebug[39m: [37mExecuting (ce09008d-066b-4bbd-be1b-2a1b3df3e0b7): START TRANSACTION;[39m
2026-07-27 16:48:50:4850 [37mdebug[39m: [37mExecuting (ce09008d-066b-4bbd-be1b-2a1b3df3e0b7): UPDATE `bare_acts` SET `pdf_original_name`=?,`pdf_storage_name`=?,`pdf_storage_path`=?,`pdf_size`=?,`file_hash`=?,`version_number`=?,`uploaded_at`=?,`updated_at`=? WHERE `id` = ?[39m
2026-07-27 16:48:50:4850 [37mdebug[39m: [37mExecuting (ce09008d-066b-4bbd-be1b-2a1b3df3e0b7): COMMIT;[39m
2026-07-27 16:48:50:4850 [32minfo[39m: [32mStorageService: Successfully deleted file asynchronously: D:\THEJA\ADVOCATE MANAGEMENT SYSTEM\Backend\uploads\bare-acts\dummy_test.pdf[39m
2026-07-27 16:48:50:4850 [37mdebug[39m: [37mExecuting (default): SELECT `id`, `name`, `abbreviation`, `effective_date` AS `effectiveDate`, `type`, `description`, `sections_count` AS `sectionsCount`, `is_bookmarked` AS `isBookmarked`, `pdf_file` AS `pdfFile`, `pdf_original_name` AS `pdfOriginalName`, `pdf_storage_name` AS `pdfStorageName`, `pdf_storage_path` AS `pdfStoragePath`, `pdf_size` AS `pdfSize`, `mime_type` AS `mimeType`, `file_hash` AS `fileHash`, `version_number` AS `versionNumber`, `is_current` AS `isCurrent`, `uploaded_by` AS `uploadedBy`, `uploaded_at` AS `uploadedAt`, `created_by` AS `createdBy`, `updated_by` AS `updatedBy`, `deleted_by` AS `deletedBy`, `deleted_at` AS `deletedAt`, `created_at`, `updated_at`, `deleted_at` FROM `bare_acts` AS `BareAct` WHERE (`BareAct`.`deleted_at` IS NULL AND `BareAct`.`id` = 11);[39m
2026-07-27 16:48:50:4850 [37mdebug[39m: [37mExecuting (db19f54b-b358-4947-a258-9e43b0620f29): START TRANSACTION;[39m
2026-07-27 16:48:50:4850 [37mdebug[39m: [37mExecuting (db19f54b-b358-4947-a258-9e43b0620f29): UPDATE `bare_acts` SET `deleted_by`=?,`updated_at`=? WHERE `id` = ?[39m
2026-07-27 16:48:50:4850 [37mdebug[39m: [37mExecuting (db19f54b-b358-4947-a258-9e43b0620f29): UPDATE `bare_acts` SET `deleted_at`=?,`updated_at`=? WHERE `id` = ?[39m
2026-07-27 16:48:50:4850 [37mdebug[39m: [37mExecuting (db19f54b-b358-4947-a258-9e43b0620f29): COMMIT;[39m
2026-07-27 16:48:50:4850 [32minfo[39m: [32mStorageService: Successfully deleted file asynchronously: D:\THEJA\ADVOCATE MANAGEMENT SYSTEM\Backend\uploads\bare-acts\dummy_replace.pdf[39m
2026-07-27 16:48:50:4850 [37mdebug[39m: [37mExecuting (default): SELECT `id`, `name`, `abbreviation`, `effective_date` AS `effectiveDate`, `type`, `description`, `sections_count` AS `sectionsCount`, `is_bookmarked` AS `isBookmarked`, `pdf_file` AS `pdfFile`, `pdf_original_name` AS `pdfOriginalName`, `pdf_storage_name` AS `pdfStorageName`, `pdf_storage_path` AS `pdfStoragePath`, `pdf_size` AS `pdfSize`, `mime_type` AS `mimeType`, `file_hash` AS `fileHash`, `version_number` AS `versionNumber`, `is_current` AS `isCurrent`, `uploaded_by` AS `uploadedBy`, `uploaded_at` AS `uploadedAt`, `created_by` AS `createdBy`, `updated_by` AS `updatedBy`, `deleted_by` AS `deletedBy`, `deleted_at` AS `deletedAt`, `created_at`, `updated_at` FROM `bare_acts` AS `BareAct` WHERE (`BareAct`.`deleted_at` IS NULL AND `BareAct`.`id` = 11);[39m
2026-07-27 16:48:50:4850 [37mdebug[39m: [37mExecuting (default): SELECT `id`, `name`, `abbreviation`, `effective_date` AS `effectiveDate`, `type`, `description`, `sections_count` AS `sectionsCount`, `is_bookmarked` AS `isBookmarked`, `pdf_file` AS `pdfFile`, `pdf_original_name` AS `pdfOriginalName`, `pdf_storage_name` AS `pdfStorageName`, `pdf_storage_path` AS `pdfStoragePath`, `pdf_size` AS `pdfSize`, `mime_type` AS `mimeType`, `file_hash` AS `fileHash`, `version_number` AS `versionNumber`, `is_current` AS `isCurrent`, `uploaded_by` AS `uploadedBy`, `uploaded_at` AS `uploadedAt`, `created_by` AS `createdBy`, `updated_by` AS `updatedBy`, `deleted_by` AS `deletedBy`, `deleted_at` AS `deletedAt`, `created_at`, `updated_at`, `deleted_at` FROM `bare_acts` AS `BareAct` WHERE `BareAct`.`id` = 11;[39m
2026-07-27 16:48:50:4850 [37mdebug[39m: [37mExecuting (default): UPDATE `bare_acts` SET `deleted_at`=?,`updated_at`=? WHERE `id` = ?[39m
2026-07-27 16:48:50:4850 [37mdebug[39m: [37mExecuting (default): UPDATE `bare_acts` SET `deleted_by`=?,`updated_at`=? WHERE `id` = ?[39m
2026-07-27 16:48:50:4850 [37mdebug[39m: [37mExecuting (default): SELECT `id`, `name`, `abbreviation`, `effective_date` AS `effectiveDate`, `type`, `description`, `sections_count` AS `sectionsCount`, `is_bookmarked` AS `isBookmarked`, `pdf_file` AS `pdfFile`, `pdf_original_name` AS `pdfOriginalName`, `pdf_storage_name` AS `pdfStorageName`, `pdf_storage_path` AS `pdfStoragePath`, `pdf_size` AS `pdfSize`, `mime_type` AS `mimeType`, `file_hash` AS `fileHash`, `version_number` AS `versionNumber`, `is_current` AS `isCurrent`, `uploaded_by` AS `uploadedBy`, `uploaded_at` AS `uploadedAt`, `created_by` AS `createdBy`, `updated_by` AS `updatedBy`, `deleted_by` AS `deletedBy`, `deleted_at` AS `deletedAt`, `created_at`, `updated_at` FROM `bare_acts` AS `BareAct` WHERE (`BareAct`.`deleted_at` IS NULL AND `BareAct`.`id` = 11);[39m
2026-07-27 16:48:50:4850 [37mdebug[39m: [37mExecuting (default): DELETE FROM bare_acts WHERE id = 11[39m
2026-07-27 16:49:45:4945 [32minfo[39m: [32mStreaming real PDF file from disk for act: Code of Civil Procedure, 1908 at path: D:\THEJA\ADVOCATE MANAGEMENT SYSTEM\Backend\static\acts\CPC.pdf[39m
2026-07-27 17:02:42:242 [31merror[39m: [31mJWT Verification Error: jwt expired[39m
2026-07-27 17:02:42:242 [31merror[39m: [31m401 - Invalid or expired security token. Please log in again. - /api/v1/cases - GET - ::1[39m
2026-07-27 17:02:42:242 [31merror[39m: [31mJWT Verification Error: jwt expired[39m
2026-07-27 17:02:42:242 [31merror[39m: [31m401 - Invalid or expired security token. Please log in again. - /api/v1/clients - GET - ::1[39m
2026-07-27 17:02:42:242 [31merror[39m: [31mJWT Verification Error: jwt expired[39m
2026-07-27 17:02:42:242 [31merror[39m: [31m401 - Invalid or expired security token. Please log in again. - /api/v1/cases - GET - ::1[39m
2026-07-27 17:02:42:242 [31merror[39m: [31mJWT Verification Error: jwt expired[39m
2026-07-27 17:02:42:242 [31merror[39m: [31m401 - Invalid or expired security token. Please log in again. - /api/v1/clients - GET - ::1[39m
2026-07-27 17:17:44:1744 [31merror[39m: [31mJWT Verification Error: jwt expired[39m
2026-07-27 17:17:44:1744 [31merror[39m: [31m401 - Invalid or expired security token. Please log in again. - /api/v1/reports/case - GET - ::1[39m
2026-07-27 17:32:45:3245 [31merror[39m: [31mJWT Verification Error: jwt expired[39m
2026-07-27 17:32:45:3245 [31merror[39m: [31m401 - Invalid or expired security token. Please log in again. - /api/v1/alerts/3 - PUT - ::1[39m
2026-07-27 17:48:04:484 [31merror[39m: [31mJWT Verification Error: jwt expired[39m
2026-07-27 17:48:04:484 [31merror[39m: [31m401 - Invalid or expired security token. Please log in again. - /api/v1/dashboard - GET - ::1[39m
2026-07-27 17:48:04:484 [31merror[39m: [31mJWT Verification Error: jwt expired[39m
2026-07-27 17:48:04:484 [31merror[39m: [31m401 - Invalid or expired security token. Please log in again. - /api/v1/dashboard - GET - ::1[39m
2026-07-27 17:56:22:5622 [32minfo[39m: [32mMySQL database connection established successfully.[39m
2026-07-27 17:56:22:5622 [32minfo[39m: [32mAlert scanner scheduled daily at midnight (0 0 * * *).[39m
2026-07-27 17:56:22:5622 [32minfo[39m: [32mServer successfully started on port 5000 in development mode.[39m
2026-07-27 17:56:25:5625 [32minfo[39m: [32mMySQL database connection established successfully.[39m
2026-07-27 17:56:25:5625 [32minfo[39m: [32mAlert scanner scheduled daily at midnight (0 0 * * *).[39m
2026-07-27 17:56:25:5625 [32minfo[39m: [32mServer successfully started on port 5000 in development mode.[39m
2026-07-28 09:30:37:3037 [31merror[39m: [31mJWT Verification Error: jwt expired[39m
2026-07-28 09:30:37:3037 [31merror[39m: [31m401 - Invalid or expired security token. Please log in again. - /api/v1/cases - GET - ::1[39m
2026-07-28 09:30:37:3037 [31merror[39m: [31mJWT Verification Error: jwt expired[39m
2026-07-28 09:30:37:3037 [31merror[39m: [31m401 - Invalid or expired security token. Please log in again. - /api/v1/alerts - GET - ::1[39m
2026-07-28 09:30:37:3037 [31merror[39m: [31mJWT Verification Error: jwt expired[39m
2026-07-28 09:30:37:3037 [31merror[39m: [31m401 - Invalid or expired security token. Please log in again. - /api/v1/clients - GET - ::1[39m
2026-07-28 09:30:37:3037 [31merror[39m: [31mJWT Verification Error: jwt expired[39m
2026-07-28 09:30:37:3037 [31merror[39m: [31m401 - Invalid or expired security token. Please log in again. - /api/v1/advocates - GET - ::1[39m
2026-07-28 09:30:37:3037 [31merror[39m: [31mJWT Verification Error: jwt expired[39m
2026-07-28 09:30:37:3037 [31merror[39m: [31m401 - Invalid or expired security token. Please log in again. - /api/v1/diary - GET - ::1[39m
2026-07-28 09:30:37:3037 [31merror[39m: [31mJWT Verification Error: jwt expired[39m
2026-07-28 09:30:37:3037 [31merror[39m: [31m401 - Invalid or expired security token. Please log in again. - /api/v1/daybook - GET - ::1[39m
2026-07-28 09:30:37:3037 [31merror[39m: [31mJWT Verification Error: jwt expired[39m
2026-07-28 09:30:37:3037 [31merror[39m: [31m401 - Invalid or expired security token. Please log in again. - /api/v1/payments - GET - ::1[39m
2026-07-28 09:30:37:3037 [31merror[39m: [31mJWT Verification Error: jwt expired[39m
2026-07-28 09:30:37:3037 [31merror[39m: [31m401 - Invalid or expired security token. Please log in again. - /api/v1/lands - GET - ::1[39m
2026-07-28 09:30:37:3037 [31merror[39m: [31mJWT Verification Error: jwt expired[39m
2026-07-28 09:30:37:3037 [31merror[39m: [31m401 - Invalid or expired security token. Please log in again. - /api/v1/opinions - GET - ::1[39m
2026-07-28 09:30:37:3037 [31merror[39m: [31mJWT Verification Error: jwt expired[39m
2026-07-28 09:30:37:3037 [31merror[39m: [31m401 - Invalid or expired security token. Please log in again. - /api/v1/acts - GET - ::1[39m
2026-07-28 09:30:37:3037 [31merror[39m: [31mJWT Verification Error: jwt expired[39m
2026-07-28 09:30:37:3037 [31merror[39m: [31m401 - Invalid or expired security token. Please log in again. - /api/v1/amendments - GET - ::1[39m
2026-07-28 09:30:37:3037 [31merror[39m: [31mJWT Verification Error: jwt expired[39m
2026-07-28 09:30:37:3037 [31merror[39m: [31m401 - Invalid or expired security token. Please log in again. - /api/v1/memberships - GET - ::1[39m
2026-07-28 09:30:37:3037 [31merror[39m: [31mJWT Verification Error: jwt expired[39m
2026-07-28 09:30:37:3037 [31merror[39m: [31m401 - Invalid or expired security token. Please log in again. - /api/v1/roles/roles - GET - ::1[39m
2026-07-28 09:30:37:3037 [31merror[39m: [31mJWT Verification Error: jwt expired[39m
2026-07-28 09:30:37:3037 [31merror[39m: [31m401 - Invalid or expired security token. Please log in again. - /api/v1/roles/modules - GET - ::1[39m
2026-07-28 09:30:37:3037 [31merror[39m: [31mJWT Verification Error: jwt expired[39m
2026-07-28 09:30:37:3037 [31merror[39m: [31m401 - Invalid or expired security token. Please log in again. - /api/v1/cases - GET - ::1[39m
2026-07-28 09:30:37:3037 [31merror[39m: [31mJWT Verification Error: jwt expired[39m
2026-07-28 09:30:37:3037 [31merror[39m: [31m401 - Invalid or expired security token. Please log in again. - /api/v1/clients - GET - ::1[39m
2026-07-28 09:30:37:3037 [31merror[39m: [31mJWT Verification Error: jwt expired[39m
2026-07-28 09:30:37:3037 [31merror[39m: [31m401 - Invalid or expired security token. Please log in again. - /api/v1/advocates - GET - ::1[39m
2026-07-28 09:30:37:3037 [31merror[39m: [31mJWT Verification Error: jwt expired[39m
2026-07-28 09:30:37:3037 [31merror[39m: [31m401 - Invalid or expired security token. Please log in again. - /api/v1/diary - GET - ::1[39m
2026-07-28 09:30:37:3037 [31merror[39m: [31mJWT Verification Error: jwt expired[39m
2026-07-28 09:30:37:3037 [31merror[39m: [31m401 - Invalid or expired security token. Please log in again. - /api/v1/daybook - GET - ::1[39m
2026-07-28 09:30:37:3037 [31merror[39m: [31mJWT Verification Error: jwt expired[39m
2026-07-28 09:30:37:3037 [31merror[39m: [31m401 - Invalid or expired security token. Please log in again. - /api/v1/alerts - GET - ::1[39m
2026-07-28 09:30:37:3037 [31merror[39m: [31mJWT Verification Error: jwt expired[39m
2026-07-28 09:30:37:3037 [31merror[39m: [31m401 - Invalid or expired security token. Please log in again. - /api/v1/payments - GET - ::1[39m
2026-07-28 09:30:37:3037 [31merror[39m: [31mJWT Verification Error: jwt expired[39m
2026-07-28 09:30:37:3037 [31merror[39m: [31m401 - Invalid or expired security token. Please log in again. - /api/v1/lands - GET - ::1[39m
2026-07-28 09:30:37:3037 [31merror[39m: [31mJWT Verification Error: jwt expired[39m
2026-07-28 09:30:37:3037 [31merror[39m: [31m401 - Invalid or expired security token. Please log in again. - /api/v1/acts - GET - ::1[39m
2026-07-28 09:30:37:3037 [31merror[39m: [31mJWT Verification Error: jwt expired[39m
2026-07-28 09:30:37:3037 [31merror[39m: [31m401 - Invalid or expired security token. Please log in again. - /api/v1/dashboard - GET - ::1[39m
2026-07-28 09:30:37:3037 [31merror[39m: [31mJWT Verification Error: jwt expired[39m
2026-07-28 09:30:37:3037 [31merror[39m: [31m401 - Invalid or expired security token. Please log in again. - /api/v1/amendments - GET - ::1[39m
2026-07-28 09:30:37:3037 [31merror[39m: [31mJWT Verification Error: jwt expired[39m
2026-07-28 09:30:37:3037 [31merror[39m: [31m401 - Invalid or expired security token. Please log in again. - /api/v1/memberships - GET - ::1[39m
2026-07-28 09:30:37:3037 [31merror[39m: [31mJWT Verification Error: jwt expired[39m
2026-07-28 09:30:37:3037 [31merror[39m: [31m401 - Invalid or expired security token. Please log in again. - /api/v1/opinions - GET - ::1[39m
2026-07-28 09:30:37:3037 [31merror[39m: [31mJWT Verification Error: jwt expired[39m
2026-07-28 09:30:37:3037 [31merror[39m: [31m401 - Invalid or expired security token. Please log in again. - /api/v1/roles/roles - GET - ::1[39m
2026-07-28 09:30:37:3037 [31merror[39m: [31mJWT Verification Error: jwt expired[39m
2026-07-28 09:30:37:3037 [31merror[39m: [31m401 - Invalid or expired security token. Please log in again. - /api/v1/roles/modules - GET - ::1[39m
2026-07-28 09:30:37:3037 [31merror[39m: [31mJWT Verification Error: jwt expired[39m
2026-07-28 09:30:37:3037 [31merror[39m: [31m401 - Invalid or expired security token. Please log in again. - /api/v1/dashboard - GET - ::1[39m
2026-07-28 09:30:37:3037 [31merror[39m: [31mJWT Verification Error: jwt expired[39m
2026-07-28 09:30:37:3037 [31merror[39m: [31m401 - Invalid or expired security token. Please log in again. - /api/v1/roles/roles - GET - ::1[39m
2026-07-28 09:30:37:3037 [31merror[39m: [31mJWT Verification Error: jwt expired[39m
2026-07-28 09:30:37:3037 [31merror[39m: [31m401 - Invalid or expired security token. Please log in again. - /api/v1/roles/roles - GET - ::1[39m
2026-07-28 09:34:54:3454 [32minfo[39m: [32mMySQL database connection established successfully.[39m
2026-07-28 09:34:54:3454 [32minfo[39m: [32mAlert scanner scheduled daily at midnight (0 0 * * *).[39m
2026-07-28 09:34:54:3454 [32minfo[39m: [32mServer successfully started on port 5000 in development mode.[39m
2026-07-28 09:34:56:3456 [32minfo[39m: [32mMySQL database connection established successfully.[39m
2026-07-28 09:34:56:3456 [32minfo[39m: [32mAlert scanner scheduled daily at midnight (0 0 * * *).[39m
2026-07-28 09:34:56:3456 [32minfo[39m: [32mServer successfully started on port 5000 in development mode.[39m
2026-07-28 09:54:30:5430 [32minfo[39m: [32mMySQL database connection established successfully.[39m
2026-07-28 09:54:30:5430 [32minfo[39m: [32mAlert scanner scheduled daily at midnight (0 0 * * *).[39m
2026-07-28 09:54:30:5430 [32minfo[39m: [32mServer successfully started on port 5000 in development mode.[39m
2026-07-28 09:54:32:5432 [32minfo[39m: [32mMySQL database connection established successfully.[39m
2026-07-28 09:54:32:5432 [32minfo[39m: [32mAlert scanner scheduled daily at midnight (0 0 * * *).[39m
2026-07-28 09:54:32:5432 [32minfo[39m: [32mServer successfully started on port 5000 in development mode.[39m
2026-07-28 09:54:35:5435 [32minfo[39m: [32mMySQL database connection established successfully.[39m
2026-07-28 09:54:35:5435 [32minfo[39m: [32mAlert scanner scheduled daily at midnight (0 0 * * *).[39m
2026-07-28 09:54:35:5435 [32minfo[39m: [32mServer successfully started on port 5000 in development mode.[39m
2026-07-28 09:58:44:5844 [32minfo[39m: [32mMySQL database connection established successfully.[39m
2026-07-28 09:58:44:5844 [32minfo[39m: [32mMySQL database connection established successfully.[39m
2026-07-28 09:58:44:5844 [32minfo[39m: [32mAlert scanner scheduled daily at midnight (0 0 * * *).[39m
2026-07-28 09:58:44:5844 [32minfo[39m: [32mServer successfully started on port 5000 in development mode.[39m
2026-07-28 09:58:44:5844 [32minfo[39m: [32mAlert scanner scheduled daily at midnight (0 0 * * *).[39m
2026-07-28 09:58:44:5844 [32minfo[39m: [32mServer successfully started on port 5000 in development mode.[39m
2026-07-28 10:00:06:06 [31merror[39m: [31mJWT Verification Error: jwt expired[39m
2026-07-28 10:00:06:06 [31merror[39m: [31m401 - Invalid or expired security token. Please log in again. - /api/v1/cases - GET - ::1[39m
2026-07-28 10:00:06:06 [31merror[39m: [31mJWT Verification Error: jwt expired[39m
2026-07-28 10:00:06:06 [31merror[39m: [31m401 - Invalid or expired security token. Please log in again. - /api/v1/clients - GET - ::1[39m
2026-07-28 10:00:06:06 [31merror[39m: [31mJWT Verification Error: jwt expired[39m
2026-07-28 10:00:06:06 [31merror[39m: [31m401 - Invalid or expired security token. Please log in again. - /api/v1/cases - GET - ::1[39m
2026-07-28 10:00:06:06 [31merror[39m: [31mJWT Verification Error: jwt expired[39m
2026-07-28 10:00:06:06 [31merror[39m: [31m401 - Invalid or expired security token. Please log in again. - /api/v1/clients - GET - ::1[39m
2026-07-28 10:09:03:93 [31merror[39m: [31m403 - Forbidden: Access control configuration missing. - /api/v1/masters/case-types/4/deactivate - PATCH - ::1[39m
2026-07-28 10:09:09:99 [31merror[39m: [31m403 - Forbidden: Access control configuration missing. - /api/v1/masters/case-types/4/deactivate - PATCH - ::1[39m
2026-07-28 10:09:23:923 [31merror[39m: [31m403 - Forbidden: Access control configuration missing. - /api/v1/masters/case-types/15/deactivate - PATCH - ::1[39m
2026-07-28 10:09:45:945 [31merror[39m: [31m403 - Forbidden: Access control configuration missing. - /api/v1/masters/case-types/14/deactivate - PATCH - ::1[39m
2026-07-28 10:09:56:956 [31merror[39m: [31m403 - Forbidden: Access control configuration missing. - /api/v1/masters/case-types/15/deactivate - PATCH - ::1[39m
2026-07-28 10:11:04:114 [32minfo[39m: [32mMySQL database connection established successfully.[39m
2026-07-28 10:11:04:114 [32minfo[39m: [32mAlert scanner scheduled daily at midnight (0 0 * * *).[39m
2026-07-28 10:11:04:114 [32minfo[39m: [32mServer successfully started on port 5000 in development mode.[39m
2026-07-28 10:15:40:1540 [32minfo[39m: [32mMySQL database connection established successfully.[39m
2026-07-28 10:15:40:1540 [32minfo[39m: [32mAlert scanner scheduled daily at midnight (0 0 * * *).[39m
2026-07-28 10:15:40:1540 [32minfo[39m: [32mServer successfully started on port 5000 in development mode.[39m
2026-07-28 10:15:44:1544 [32minfo[39m: [32mMySQL database connection established successfully.[39m
2026-07-28 10:15:44:1544 [32minfo[39m: [32mAlert scanner scheduled daily at midnight (0 0 * * *).[39m
2026-07-28 10:15:44:1544 [32minfo[39m: [32mServer successfully started on port 5000 in development mode.[39m
2026-07-28 10:15:49:1549 [32minfo[39m: [32mMySQL database connection established successfully.[39m
2026-07-28 10:15:49:1549 [32minfo[39m: [32mAlert scanner scheduled daily at midnight (0 0 * * *).[39m
2026-07-28 10:15:49:1549 [32minfo[39m: [32mServer successfully started on port 5000 in development mode.[39m
2026-07-28 10:16:04:164 [32minfo[39m: [32mMySQL database connection established successfully.[39m
2026-07-28 10:16:04:164 [32minfo[39m: [32mAlert scanner scheduled daily at midnight (0 0 * * *).[39m
2026-07-28 10:16:04:164 [32minfo[39m: [32mServer successfully started on port 5000 in development mode.[39m
2026-07-28 10:16:19:1619 [32minfo[39m: [32mMySQL database connection established successfully.[39m
2026-07-28 10:16:19:1619 [32minfo[39m: [32mAlert scanner scheduled daily at midnight (0 0 * * *).[39m
2026-07-28 10:16:19:1619 [32minfo[39m: [32mServer successfully started on port 5000 in development mode.[39m
2026-07-28 10:16:25:1625 [32minfo[39m: [32mMySQL database connection established successfully.[39m
2026-07-28 10:16:25:1625 [32minfo[39m: [32mAlert scanner scheduled daily at midnight (0 0 * * *).[39m
2026-07-28 10:16:25:1625 [32minfo[39m: [32mServer successfully started on port 5000 in development mode.[39m
2026-07-28 10:16:43:1643 [32minfo[39m: [32mMySQL database connection established successfully.[39m
2026-07-28 10:16:43:1643 [32minfo[39m: [32mAlert scanner scheduled daily at midnight (0 0 * * *).[39m
2026-07-28 10:16:43:1643 [32minfo[39m: [32mServer successfully started on port 5000 in development mode.[39m
2026-07-28 10:16:48:1648 [32minfo[39m: [32mMySQL database connection established successfully.[39m
2026-07-28 10:16:48:1648 [32minfo[39m: [32mAlert scanner scheduled daily at midnight (0 0 * * *).[39m
2026-07-28 10:16:48:1648 [32minfo[39m: [32mServer successfully started on port 5000 in development mode.[39m
2026-07-28 10:16:52:1652 [32minfo[39m: [32mMySQL database connection established successfully.[39m
2026-07-28 10:16:52:1652 [32minfo[39m: [32mAlert scanner scheduled daily at midnight (0 0 * * *).[39m
2026-07-28 10:16:52:1652 [32minfo[39m: [32mServer successfully started on port 5000 in development mode.[39m
2026-07-28 10:16:56:1656 [31merror[39m: [31mJWT Verification Error: jwt expired[39m
2026-07-28 10:16:56:1656 [31merror[39m: [31m401 - Invalid or expired security token. Please log in again. - /api/v1/cases - GET - ::1[39m
2026-07-28 10:16:56:1656 [31merror[39m: [31mJWT Verification Error: jwt expired[39m
2026-07-28 10:16:56:1656 [31merror[39m: [31m401 - Invalid or expired security token. Please log in again. - /api/v1/clients - GET - ::1[39m
2026-07-28 10:16:56:1656 [31merror[39m: [31mJWT Verification Error: jwt expired[39m
2026-07-28 10:16:56:1656 [31merror[39m: [31m401 - Invalid or expired security token. Please log in again. - /api/v1/advocates - GET - ::1[39m
2026-07-28 10:16:56:1656 [31merror[39m: [31mJWT Verification Error: jwt expired[39m
2026-07-28 10:16:56:1656 [31merror[39m: [31m401 - Invalid or expired security token. Please log in again. - /api/v1/masters/case-types?activeOnly=true - GET - ::1[39m
2026-07-28 10:16:56:1656 [31merror[39m: [31mJWT Verification Error: jwt expired[39m
2026-07-28 10:16:56:1656 [31merror[39m: [31m401 - Invalid or expired security token. Please log in again. - /api/v1/masters/case-stages?activeOnly=true - GET - ::1[39m
2026-07-28 10:35:38:3538 [31merror[39m: [31mJWT Verification Error: jwt expired[39m
2026-07-28 10:35:38:3538 [31merror[39m: [31m401 - Invalid or expired security token. Please log in again. - /api/v1/daybook - POST - ::1[39m
2026-07-28 10:41:21:4121 [32minfo[39m: [32mMySQL database connection established successfully.[39m
2026-07-28 10:41:21:4121 [32minfo[39m: [32mAlert scanner scheduled daily at midnight (0 0 * * *).[39m
2026-07-28 10:41:21:4121 [32minfo[39m: [32mServer successfully started on port 5000 in development mode.[39m
2026-07-28 10:41:22:4122 [32minfo[39m: [32mMySQL database connection established successfully.[39m
2026-07-28 10:41:22:4122 [32minfo[39m: [32mAlert scanner scheduled daily at midnight (0 0 * * *).[39m
2026-07-28 10:41:22:4122 [32minfo[39m: [32mServer successfully started on port 5000 in development mode.[39m
2026-07-28 10:51:00:510 [31merror[39m: [31mJWT Verification Error: jwt expired[39m
2026-07-28 10:51:00:510 [31merror[39m: [31m401 - Invalid or expired security token. Please log in again. - /api/v1/payments - GET - ::1[39m
2026-07-28 10:51:00:510 [31merror[39m: [31mJWT Verification Error: jwt expired[39m
2026-07-28 10:51:00:510 [31merror[39m: [31m401 - Invalid or expired security token. Please log in again. - /api/v1/cases - GET - ::1[39m
2026-07-28 10:51:00:510 [31merror[39m: [31mJWT Verification Error: jwt expired[39m
2026-07-28 10:51:00:510 [31merror[39m: [31m401 - Invalid or expired security token. Please log in again. - /api/v1/clients - GET - ::1[39m
2026-07-28 10:51:00:510 [31merror[39m: [31mJWT Verification Error: jwt expired[39m
2026-07-28 10:51:00:510 [31merror[39m: [31m401 - Invalid or expired security token. Please log in again. - /api/v1/advocates - GET - ::1[39m
2026-07-28 10:51:00:510 [31merror[39m: [31mJWT Verification Error: jwt expired[39m
2026-07-28 10:51:00:510 [31merror[39m: [31m401 - Invalid or expired security token. Please log in again. - /api/v1/payments - GET - ::1[39m
2026-07-28 10:51:00:510 [31merror[39m: [31mJWT Verification Error: jwt expired[39m
2026-07-28 10:51:00:510 [31merror[39m: [31m401 - Invalid or expired security token. Please log in again. - /api/v1/cases - GET - ::1[39m
2026-07-28 10:51:00:510 [31merror[39m: [31mJWT Verification Error: jwt expired[39m
2026-07-28 10:51:00:510 [31merror[39m: [31m401 - Invalid or expired security token. Please log in again. - /api/v1/clients - GET - ::1[39m
2026-07-28 10:51:00:510 [31merror[39m: [31mJWT Verification Error: jwt expired[39m
2026-07-28 10:51:00:510 [31merror[39m: [31m401 - Invalid or expired security token. Please log in again. - /api/v1/advocates - GET - ::1[39m
2026-07-28 11:20:25:2025 [32minfo[39m: [32mMySQL database connection established successfully.[39m
2026-07-28 11:20:25:2025 [32minfo[39m: [32mAlert scanner scheduled daily at midnight (0 0 * * *).[39m
2026-07-28 11:20:25:2025 [32minfo[39m: [32mServer successfully started on port 5000 in development mode.[39m
2026-07-28 11:20:27:2027 [32minfo[39m: [32mMySQL database connection established successfully.[39m
2026-07-28 11:20:27:2027 [32minfo[39m: [32mAlert scanner scheduled daily at midnight (0 0 * * *).[39m
2026-07-28 11:20:27:2027 [32minfo[39m: [32mServer successfully started on port 5000 in development mode.[39m
2026-07-28 11:20:32:2032 [32minfo[39m: [32mMySQL database connection established successfully.[39m
2026-07-28 11:20:32:2032 [32minfo[39m: [32mAlert scanner scheduled daily at midnight (0 0 * * *).[39m
2026-07-28 11:20:32:2032 [32minfo[39m: [32mServer successfully started on port 5000 in development mode.[39m
2026-07-28 11:20:52:2052 [31merror[39m: [31mJWT Verification Error: jwt expired[39m
2026-07-28 11:20:52:2052 [31merror[39m: [31m401 - Invalid or expired security token. Please log in again. - /api/v1/cases - GET - ::1[39m
2026-07-28 11:20:52:2052 [31merror[39m: [31mJWT Verification Error: jwt expired[39m
2026-07-28 11:20:52:2052 [31merror[39m: [31m401 - Invalid or expired security token. Please log in again. - /api/v1/clients - GET - ::1[39m
2026-07-28 11:20:52:2052 [31merror[39m: [31mJWT Verification Error: jwt expired[39m
2026-07-28 11:20:52:2052 [31merror[39m: [31m401 - Invalid or expired security token. Please log in again. - /api/v1/advocates - GET - ::1[39m
2026-07-28 11:20:52:2052 [31merror[39m: [31mJWT Verification Error: jwt expired[39m
2026-07-28 11:20:52:2052 [31merror[39m: [31m401 - Invalid or expired security token. Please log in again. - /api/v1/masters/case-types?activeOnly=true - GET - ::1[39m
2026-07-28 11:20:52:2052 [31merror[39m: [31mJWT Verification Error: jwt expired[39m
2026-07-28 11:20:52:2052 [31merror[39m: [31m401 - Invalid or expired security token. Please log in again. - /api/v1/masters/case-stages?activeOnly=true - GET - ::1[39m
2026-07-28 11:20:52:2052 [31merror[39m: [31mJWT Verification Error: jwt expired[39m
2026-07-28 11:20:52:2052 [31merror[39m: [31m401 - Invalid or expired security token. Please log in again. - /api/v1/masters/courts?activeOnly=true - GET - ::1[39m
2026-07-28 11:20:52:2052 [31merror[39m: [31mJWT Verification Error: jwt expired[39m
2026-07-28 11:20:52:2052 [31merror[39m: [31m401 - Invalid or expired security token. Please log in again. - /api/v1/diary - GET - ::1[39m
2026-07-28 11:20:52:2052 [31merror[39m: [31mJWT Verification Error: jwt expired[39m
2026-07-28 11:20:52:2052 [31merror[39m: [31m401 - Invalid or expired security token. Please log in again. - /api/v1/daybook - GET - ::1[39m
2026-07-28 11:20:52:2052 [31merror[39m: [31mJWT Verification Error: jwt expired[39m
2026-07-28 11:20:52:2052 [31merror[39m: [31m401 - Invalid or expired security token. Please log in again. - /api/v1/payments - GET - ::1[39m
2026-07-28 11:20:52:2052 [31merror[39m: [31mJWT Verification Error: jwt expired[39m
2026-07-28 11:20:52:2052 [31merror[39m: [31m401 - Invalid or expired security token. Please log in again. - /api/v1/alerts - GET - ::1[39m
2026-07-28 11:20:52:2052 [31merror[39m: [31mJWT Verification Error: jwt expired[39m
2026-07-28 11:20:52:2052 [31merror[39m: [31m401 - Invalid or expired security token. Please log in again. - /api/v1/lands - GET - ::1[39m
2026-07-28 11:20:52:2052 [31merror[39m: [31mJWT Verification Error: jwt expired[39m
2026-07-28 11:20:52:2052 [31merror[39m: [31m401 - Invalid or expired security token. Please log in again. - /api/v1/opinions - GET - ::1[39m
2026-07-28 11:20:52:2052 [31merror[39m: [31mJWT Verification Error: jwt expired[39m
2026-07-28 11:20:52:2052 [31merror[39m: [31m401 - Invalid or expired security token. Please log in again. - /api/v1/memberships - GET - ::1[39m
2026-07-28 11:20:52:2052 [31merror[39m: [31mJWT Verification Error: jwt expired[39m
2026-07-28 11:20:52:2052 [31merror[39m: [31m401 - Invalid or expired security token. Please log in again. - /api/v1/acts - GET - ::1[39m
2026-07-28 11:20:52:2052 [31merror[39m: [31mJWT Verification Error: jwt expired[39m
2026-07-28 11:20:52:2052 [31merror[39m: [31m401 - Invalid or expired security token. Please log in again. - /api/v1/amendments - GET - ::1[39m
2026-07-28 11:20:52:2052 [31merror[39m: [31mJWT Verification Error: jwt expired[39m
2026-07-28 11:20:52:2052 [31merror[39m: [31m401 - Invalid or expired security token. Please log in again. - /api/v1/roles/roles - GET - ::1[39m
2026-07-28 11:20:52:2052 [31merror[39m: [31mJWT Verification Error: jwt expired[39m
2026-07-28 11:20:52:2052 [31merror[39m: [31m401 - Invalid or expired security token. Please log in again. - /api/v1/roles/modules - GET - ::1[39m
2026-07-28 11:20:52:2052 [31merror[39m: [31mJWT Verification Error: jwt expired[39m
2026-07-28 11:20:52:2052 [31merror[39m: [31m401 - Invalid or expired security token. Please log in again. - /api/v1/clients - GET - ::1[39m
2026-07-28 11:20:52:2052 [31merror[39m: [31mJWT Verification Error: jwt expired[39m
2026-07-28 11:20:52:2052 [31merror[39m: [31m401 - Invalid or expired security token. Please log in again. - /api/v1/cases - GET - ::1[39m
2026-07-28 11:20:52:2052 [31merror[39m: [31mJWT Verification Error: jwt expired[39m
2026-07-28 11:20:52:2052 [31merror[39m: [31m401 - Invalid or expired security token. Please log in again. - /api/v1/advocates - GET - ::1[39m
2026-07-28 11:20:52:2052 [31merror[39m: [31mJWT Verification Error: jwt expired[39m
2026-07-28 11:20:52:2052 [31merror[39m: [31m401 - Invalid or expired security token. Please log in again. - /api/v1/masters/case-types?activeOnly=true - GET - ::1[39m
2026-07-28 11:20:52:2052 [31merror[39m: [31mJWT Verification Error: jwt expired[39m
2026-07-28 11:20:52:2052 [31merror[39m: [31m401 - Invalid or expired security token. Please log in again. - /api/v1/masters/case-stages?activeOnly=true - GET - ::1[39m
2026-07-28 11:20:52:2052 [31merror[39m: [31mJWT Verification Error: jwt expired[39m
2026-07-28 11:20:52:2052 [31merror[39m: [31m401 - Invalid or expired security token. Please log in again. - /api/v1/masters/courts?activeOnly=true - GET - ::1[39m
2026-07-28 11:20:52:2052 [31merror[39m: [31mJWT Verification Error: jwt expired[39m
2026-07-28 11:20:52:2052 [31merror[39m: [31m401 - Invalid or expired security token. Please log in again. - /api/v1/diary - GET - ::1[39m
2026-07-28 11:20:52:2052 [31merror[39m: [31mJWT Verification Error: jwt expired[39m
2026-07-28 11:20:52:2052 [31merror[39m: [31m401 - Invalid or expired security token. Please log in again. - /api/v1/payments - GET - ::1[39m
2026-07-28 11:20:52:2052 [31merror[39m: [31mJWT Verification Error: jwt expired[39m
2026-07-28 11:20:52:2052 [31merror[39m: [31m401 - Invalid or expired security token. Please log in again. - /api/v1/alerts - GET - ::1[39m
2026-07-28 11:20:52:2052 [31merror[39m: [31mJWT Verification Error: jwt expired[39m
2026-07-28 11:20:52:2052 [31merror[39m: [31m401 - Invalid or expired security token. Please log in again. - /api/v1/opinions - GET - ::1[39m
2026-07-28 11:20:52:2052 [31merror[39m: [31mJWT Verification Error: jwt expired[39m
2026-07-28 11:20:52:2052 [31merror[39m: [31m401 - Invalid or expired security token. Please log in again. - /api/v1/daybook - GET - ::1[39m
2026-07-28 11:20:52:2052 [31merror[39m: [31mJWT Verification Error: jwt expired[39m
2026-07-28 11:20:52:2052 [31merror[39m: [31m401 - Invalid or expired security token. Please log in again. - /api/v1/lands - GET - ::1[39m
2026-07-28 11:20:52:2052 [31merror[39m: [31mJWT Verification Error: jwt expired[39m
2026-07-28 11:20:52:2052 [31merror[39m: [31m401 - Invalid or expired security token. Please log in again. - /api/v1/memberships - GET - ::1[39m
2026-07-28 11:20:52:2052 [31merror[39m: [31mJWT Verification Error: jwt expired[39m
2026-07-28 11:20:52:2052 [31merror[39m: [31m401 - Invalid or expired security token. Please log in again. - /api/v1/roles/roles - GET - ::1[39m
2026-07-28 11:20:52:2052 [31merror[39m: [31mJWT Verification Error: jwt expired[39m
2026-07-28 11:20:52:2052 [31merror[39m: [31m401 - Invalid or expired security token. Please log in again. - /api/v1/roles/modules - GET - ::1[39m
2026-07-28 11:20:52:2052 [31merror[39m: [31mJWT Verification Error: jwt expired[39m
2026-07-28 11:20:52:2052 [31merror[39m: [31m401 - Invalid or expired security token. Please log in again. - /api/v1/amendments - GET - ::1[39m
2026-07-28 11:20:52:2052 [31merror[39m: [31mJWT Verification Error: jwt expired[39m
2026-07-28 11:20:52:2052 [31merror[39m: [31m401 - Invalid or expired security token. Please log in again. - /api/v1/clients - GET - ::1[39m
2026-07-28 11:20:52:2052 [31merror[39m: [31mJWT Verification Error: jwt expired[39m
2026-07-28 11:20:52:2052 [31merror[39m: [31m401 - Invalid or expired security token. Please log in again. - /api/v1/acts - GET - ::1[39m
2026-07-28 11:20:52:2052 [31merror[39m: [31mJWT Verification Error: jwt expired[39m
2026-07-28 11:20:52:2052 [31merror[39m: [31m401 - Invalid or expired security token. Please log in again. - /api/v1/cases - GET - ::1[39m
2026-07-28 11:20:52:2052 [31merror[39m: [31mJWT Verification Error: jwt expired[39m
2026-07-28 11:20:52:2052 [31merror[39m: [31m401 - Invalid or expired security token. Please log in again. - /api/v1/advocates - GET - ::1[39m
2026-07-28 11:20:52:2052 [31merror[39m: [31mJWT Verification Error: jwt expired[39m
2026-07-28 11:20:52:2052 [31merror[39m: [31m401 - Invalid or expired security token. Please log in again. - /api/v1/clients - GET - ::1[39m
2026-07-28 11:20:52:2052 [31merror[39m: [31mJWT Verification Error: jwt expired[39m
2026-07-28 11:20:52:2052 [31merror[39m: [31m401 - Invalid or expired security token. Please log in again. - /api/v1/roles/roles - GET - ::1[39m
2026-07-28 11:20:53:2053 [31merror[39m: [31mJWT Verification Error: jwt expired[39m
2026-07-28 11:20:53:2053 [31merror[39m: [31m401 - Invalid or expired security token. Please log in again. - /api/v1/cases - GET - ::1[39m
2026-07-28 11:20:53:2053 [31merror[39m: [31mJWT Verification Error: jwt expired[39m
2026-07-28 11:20:53:2053 [31merror[39m: [31m401 - Invalid or expired security token. Please log in again. - /api/v1/advocates - GET - ::1[39m
2026-07-28 11:20:53:2053 [31merror[39m: [31mJWT Verification Error: jwt expired[39m
2026-07-28 11:20:53:2053 [31merror[39m: [31m401 - Invalid or expired security token. Please log in again. - /api/v1/roles/roles - GET - ::1[39m
2026-07-28 11:44:17:4417 [32minfo[39m: [32mMySQL database connection established successfully.[39m
2026-07-28 11:44:17:4417 [32minfo[39m: [32mAlert scanner scheduled daily at midnight (0 0 * * *).[39m
2026-07-28 11:44:17:4417 [32minfo[39m: [32mServer successfully started on port 5000 in development mode.[39m
2026-07-28 11:44:19:4419 [32minfo[39m: [32mMySQL database connection established successfully.[39m
2026-07-28 11:44:19:4419 [32minfo[39m: [32mAlert scanner scheduled daily at midnight (0 0 * * *).[39m
2026-07-28 11:44:19:4419 [32minfo[39m: [32mServer successfully started on port 5000 in development mode.[39m
2026-07-28 11:54:54:5454 [31merror[39m: [31mJWT Verification Error: jwt expired[39m
2026-07-28 11:54:54:5454 [31merror[39m: [31m401 - Invalid or expired security token. Please log in again. - /api/v1/roles/roles - GET - ::1[39m
2026-07-28 11:54:54:5454 [31merror[39m: [31mJWT Verification Error: jwt expired[39m
2026-07-28 11:54:54:5454 [31merror[39m: [31m401 - Invalid or expired security token. Please log in again. - /api/v1/roles/modules - GET - ::1[39m
2026-07-28 11:54:54:5454 [31merror[39m: [31mJWT Verification Error: jwt expired[39m
2026-07-28 11:54:54:5454 [31merror[39m: [31m401 - Invalid or expired security token. Please log in again. - /api/v1/roles/roles - GET - ::1[39m
2026-07-28 11:54:54:5454 [31merror[39m: [31mJWT Verification Error: jwt expired[39m
2026-07-28 11:54:54:5454 [31merror[39m: [31m401 - Invalid or expired security token. Please log in again. - /api/v1/roles/modules - GET - ::1[39m
2026-07-28 12:03:31:331 [31merror[39m: [31m403 - Access Denied: You do not have permission to perform this operation. - /api/v1/daybook - GET - ::1[39m
2026-07-28 12:11:11:1111 [31merror[39m: [31mJWT Verification Error: jwt expired[39m
2026-07-28 12:11:11:1111 [31merror[39m: [31m401 - Invalid or expired security token. Please log in again. - /api/v1/dashboard - GET - ::1[39m
2026-07-28 12:11:11:1111 [31merror[39m: [31mJWT Verification Error: jwt expired[39m
2026-07-28 12:11:11:1111 [31merror[39m: [31m401 - Invalid or expired security token. Please log in again. - /api/v1/cases - GET - ::1[39m
2026-07-28 12:11:11:1111 [31merror[39m: [31mJWT Verification Error: jwt expired[39m
2026-07-28 12:11:11:1111 [31merror[39m: [31m401 - Invalid or expired security token. Please log in again. - /api/v1/clients - GET - ::1[39m
2026-07-28 12:11:11:1111 [31merror[39m: [31mJWT Verification Error: jwt expired[39m
2026-07-28 12:11:11:1111 [31merror[39m: [31m401 - Invalid or expired security token. Please log in again. - /api/v1/advocates - GET - ::1[39m
2026-07-28 12:11:11:1111 [31merror[39m: [31mJWT Verification Error: jwt expired[39m
2026-07-28 12:11:11:1111 [31merror[39m: [31m401 - Invalid or expired security token. Please log in again. - /api/v1/diary - GET - ::1[39m
2026-07-28 12:11:11:1111 [31merror[39m: [31mJWT Verification Error: jwt expired[39m
2026-07-28 12:11:11:1111 [31merror[39m: [31m401 - Invalid or expired security token. Please log in again. - /api/v1/daybook - GET - ::1[39m
2026-07-28 12:11:11:1111 [31merror[39m: [31mJWT Verification Error: jwt expired[39m
2026-07-28 12:11:11:1111 [31merror[39m: [31m401 - Invalid or expired security token. Please log in again. - /api/v1/payments - GET - ::1[39m
2026-07-28 12:11:11:1111 [31merror[39m: [31mJWT Verification Error: jwt expired[39m
2026-07-28 12:11:11:1111 [31merror[39m: [31m401 - Invalid or expired security token. Please log in again. - /api/v1/alerts - GET - ::1[39m
2026-07-28 12:11:11:1111 [31merror[39m: [31mJWT Verification Error: jwt expired[39m
2026-07-28 12:11:11:1111 [31merror[39m: [31m401 - Invalid or expired security token. Please log in again. - /api/v1/lands - GET - ::1[39m
2026-07-28 12:11:11:1111 [31merror[39m: [31mJWT Verification Error: jwt expired[39m
2026-07-28 12:11:11:1111 [31merror[39m: [31m401 - Invalid or expired security token. Please log in again. - /api/v1/memberships - GET - ::1[39m
2026-07-28 12:11:11:1111 [31merror[39m: [31mJWT Verification Error: jwt expired[39m
2026-07-28 12:11:11:1111 [31merror[39m: [31m401 - Invalid or expired security token. Please log in again. - /api/v1/opinions - GET - ::1[39m
2026-07-28 12:11:11:1111 [31merror[39m: [31mJWT Verification Error: jwt expired[39m
2026-07-28 12:11:11:1111 [31merror[39m: [31m401 - Invalid or expired security token. Please log in again. - /api/v1/acts - GET - ::1[39m
2026-07-28 12:11:11:1111 [31merror[39m: [31mJWT Verification Error: jwt expired[39m
2026-07-28 12:11:11:1111 [31merror[39m: [31m401 - Invalid or expired security token. Please log in again. - /api/v1/dashboard - GET - ::1[39m
2026-07-28 12:11:11:1111 [31merror[39m: [31mJWT Verification Error: jwt expired[39m
2026-07-28 12:11:11:1111 [31merror[39m: [31m401 - Invalid or expired security token. Please log in again. - /api/v1/amendments - GET - ::1[39m
2026-07-28 12:11:11:1111 [31merror[39m: [31mJWT Verification Error: jwt expired[39m
2026-07-28 12:11:11:1111 [31merror[39m: [31m401 - Invalid or expired security token. Please log in again. - /api/v1/roles/roles - GET - ::1[39m
2026-07-28 12:11:11:1111 [31merror[39m: [31mJWT Verification Error: jwt expired[39m
2026-07-28 12:11:11:1111 [31merror[39m: [31m401 - Invalid or expired security token. Please log in again. - /api/v1/cases - GET - ::1[39m
2026-07-28 12:11:11:1111 [31merror[39m: [31mJWT Verification Error: jwt expired[39m
2026-07-28 12:11:11:1111 [31merror[39m: [31m401 - Invalid or expired security token. Please log in again. - /api/v1/roles/modules - GET - ::1[39m
2026-07-28 12:11:11:1111 [31merror[39m: [31mJWT Verification Error: jwt expired[39m
2026-07-28 12:11:11:1111 [31merror[39m: [31m401 - Invalid or expired security token. Please log in again. - /api/v1/clients - GET - ::1[39m
2026-07-28 12:11:11:1111 [31merror[39m: [31mJWT Verification Error: jwt expired[39m
2026-07-28 12:11:11:1111 [31merror[39m: [31m401 - Invalid or expired security token. Please log in again. - /api/v1/advocates - GET - ::1[39m
2026-07-28 12:11:12:1112 [31merror[39m: [31mJWT Verification Error: jwt expired[39m
2026-07-28 12:11:12:1112 [31merror[39m: [31m401 - Invalid or expired security token. Please log in again. - /api/v1/diary - GET - ::1[39m
2026-07-28 12:11:12:1112 [31merror[39m: [31mJWT Verification Error: jwt expired[39m
2026-07-28 12:11:12:1112 [31merror[39m: [31m401 - Invalid or expired security token. Please log in again. - /api/v1/daybook - GET - ::1[39m
2026-07-28 12:11:12:1112 [31merror[39m: [31mJWT Verification Error: jwt expired[39m
2026-07-28 12:11:12:1112 [31merror[39m: [31m401 - Invalid or expired security token. Please log in again. - /api/v1/payments - GET - ::1[39m
2026-07-28 12:11:12:1112 [31merror[39m: [31mJWT Verification Error: jwt expired[39m
2026-07-28 12:11:12:1112 [31merror[39m: [31m401 - Invalid or expired security token. Please log in again. - /api/v1/alerts - GET - ::1[39m
2026-07-28 12:11:12:1112 [31merror[39m: [31mJWT Verification Error: jwt expired[39m
2026-07-28 12:11:12:1112 [31merror[39m: [31m401 - Invalid or expired security token. Please log in again. - /api/v1/roles/roles - GET - ::1[39m
2026-07-28 12:11:12:1112 [31merror[39m: [31mJWT Verification Error: jwt expired[39m
2026-07-28 12:11:12:1112 [31merror[39m: [31m401 - Invalid or expired security token. Please log in again. - /api/v1/lands - GET - ::1[39m
2026-07-28 12:11:12:1112 [31merror[39m: [31mJWT Verification Error: jwt expired[39m
2026-07-28 12:11:12:1112 [31merror[39m: [31m401 - Invalid or expired security token. Please log in again. - /api/v1/opinions - GET - ::1[39m
2026-07-28 12:11:12:1112 [31merror[39m: [31mJWT Verification Error: jwt expired[39m
2026-07-28 12:11:12:1112 [31merror[39m: [31m401 - Invalid or expired security token. Please log in again. - /api/v1/memberships - GET - ::1[39m
2026-07-28 12:11:12:1112 [31merror[39m: [31mJWT Verification Error: jwt expired[39m
2026-07-28 12:11:12:1112 [31merror[39m: [31m401 - Invalid or expired security token. Please log in again. - /api/v1/acts - GET - ::1[39m
2026-07-28 12:11:12:1112 [31merror[39m: [31mJWT Verification Error: jwt expired[39m
2026-07-28 12:11:12:1112 [31merror[39m: [31m401 - Invalid or expired security token. Please log in again. - /api/v1/amendments - GET - ::1[39m
2026-07-28 12:11:12:1112 [31merror[39m: [31mJWT Verification Error: jwt expired[39m
2026-07-28 12:11:12:1112 [31merror[39m: [31m401 - Invalid or expired security token. Please log in again. - /api/v1/roles/roles - GET - ::1[39m
2026-07-28 12:11:12:1112 [31merror[39m: [31mJWT Verification Error: jwt expired[39m
2026-07-28 12:11:12:1112 [31merror[39m: [31m401 - Invalid or expired security token. Please log in again. - /api/v1/roles/modules - GET - ::1[39m
2026-07-28 12:11:12:1112 [31merror[39m: [31mJWT Verification Error: jwt expired[39m
2026-07-28 12:11:12:1112 [31merror[39m: [31m401 - Invalid or expired security token. Please log in again. - /api/v1/roles/roles - GET - ::1[39m
2026-07-28 12:53:31:5331 [32minfo[39m: [32mMySQL database connection established successfully.[39m
2026-07-28 12:53:31:5331 [32minfo[39m: [32mAlert scanner scheduled daily at midnight (0 0 * * *).[39m
2026-07-28 12:53:31:5331 [32minfo[39m: [32mServer successfully started on port 5000 in development mode.[39m
2026-07-28 12:53:33:5333 [32minfo[39m: [32mMySQL database connection established successfully.[39m
2026-07-28 12:53:33:5333 [32minfo[39m: [32mAlert scanner scheduled daily at midnight (0 0 * * *).[39m
2026-07-28 12:53:33:5333 [32minfo[39m: [32mServer successfully started on port 5000 in development mode.[39m
2026-07-28 12:53:40:5340 [31merror[39m: [31mJWT Verification Error: jwt expired[39m
2026-07-28 12:53:40:5340 [31merror[39m: [31m401 - Invalid or expired security token. Please log in again. - /api/v1/masters/case-types?activeOnly=false - GET - ::1[39m
2026-07-28 12:53:40:5340 [31merror[39m: [31mJWT Verification Error: jwt expired[39m
2026-07-28 12:53:40:5340 [31merror[39m: [31m401 - Invalid or expired security token. Please log in again. - /api/v1/cases - GET - ::1[39m
2026-07-28 12:53:40:5340 [31merror[39m: [31mJWT Verification Error: jwt expired[39m
2026-07-28 12:53:40:5340 [31merror[39m: [31m401 - Invalid or expired security token. Please log in again. - /api/v1/clients - GET - ::1[39m
2026-07-28 12:53:40:5340 [31merror[39m: [31mJWT Verification Error: jwt expired[39m
2026-07-28 12:53:40:5340 [31merror[39m: [31m401 - Invalid or expired security token. Please log in again. - /api/v1/advocates - GET - ::1[39m
2026-07-28 12:53:40:5340 [31merror[39m: [31mJWT Verification Error: jwt expired[39m
2026-07-28 12:53:40:5340 [31merror[39m: [31m401 - Invalid or expired security token. Please log in again. - /api/v1/diary - GET - ::1[39m
2026-07-28 12:53:40:5340 [31merror[39m: [31mJWT Verification Error: jwt expired[39m
2026-07-28 12:53:40:5340 [31merror[39m: [31m401 - Invalid or expired security token. Please log in again. - /api/v1/daybook - GET - ::1[39m
2026-07-28 12:53:41:5341 [31merror[39m: [31mJWT Verification Error: jwt expired[39m
2026-07-28 12:53:41:5341 [31merror[39m: [31m401 - Invalid or expired security token. Please log in again. - /api/v1/alerts - GET - ::1[39m
2026-07-28 12:53:41:5341 [31merror[39m: [31mJWT Verification Error: jwt expired[39m
2026-07-28 12:53:41:5341 [31merror[39m: [31m401 - Invalid or expired security token. Please log in again. - /api/v1/payments - GET - ::1[39m
2026-07-28 12:53:41:5341 [31merror[39m: [31mJWT Verification Error: jwt expired[39m
2026-07-28 12:53:41:5341 [31merror[39m: [31m401 - Invalid or expired security token. Please log in again. - /api/v1/lands - GET - ::1[39m
2026-07-28 12:53:41:5341 [31merror[39m: [31mJWT Verification Error: jwt expired[39m
2026-07-28 12:53:41:5341 [31merror[39m: [31m401 - Invalid or expired security token. Please log in again. - /api/v1/opinions - GET - ::1[39m
2026-07-28 12:53:41:5341 [31merror[39m: [31mJWT Verification Error: jwt expired[39m
2026-07-28 12:53:41:5341 [31merror[39m: [31m401 - Invalid or expired security token. Please log in again. - /api/v1/memberships - GET - ::1[39m
2026-07-28 12:53:41:5341 [31merror[39m: [31mJWT Verification Error: jwt expired[39m
2026-07-28 12:53:41:5341 [31merror[39m: [31m401 - Invalid or expired security token. Please log in again. - /api/v1/acts - GET - ::1[39m
2026-07-28 12:53:41:5341 [31merror[39m: [31mJWT Verification Error: jwt expired[39m
2026-07-28 12:53:41:5341 [31merror[39m: [31m401 - Invalid or expired security token. Please log in again. - /api/v1/amendments - GET - ::1[39m
2026-07-28 12:53:41:5341 [31merror[39m: [31mJWT Verification Error: jwt expired[39m
2026-07-28 12:53:41:5341 [31merror[39m: [31m401 - Invalid or expired security token. Please log in again. - /api/v1/roles/roles - GET - ::1[39m
2026-07-28 12:53:41:5341 [31merror[39m: [31mJWT Verification Error: jwt expired[39m
2026-07-28 12:53:41:5341 [31merror[39m: [31m401 - Invalid or expired security token. Please log in again. - /api/v1/roles/modules - GET - ::1[39m
2026-07-28 12:53:41:5341 [31merror[39m: [31mJWT Verification Error: jwt expired[39m
2026-07-28 12:53:41:5341 [31merror[39m: [31m401 - Invalid or expired security token. Please log in again. - /api/v1/masters/case-types?activeOnly=false - GET - ::1[39m
2026-07-28 12:53:41:5341 [31merror[39m: [31mJWT Verification Error: jwt expired[39m
2026-07-28 12:53:41:5341 [31merror[39m: [31m401 - Invalid or expired security token. Please log in again. - /api/v1/cases - GET - ::1[39m
2026-07-28 12:53:41:5341 [31merror[39m: [31mJWT Verification Error: jwt expired[39m
2026-07-28 12:53:41:5341 [31merror[39m: [31m401 - Invalid or expired security token. Please log in again. - /api/v1/clients - GET - ::1[39m
2026-07-28 12:53:41:5341 [31merror[39m: [31mJWT Verification Error: jwt expired[39m
2026-07-28 12:53:41:5341 [31merror[39m: [31m401 - Invalid or expired security token. Please log in again. - /api/v1/advocates - GET - ::1[39m
2026-07-28 12:53:41:5341 [31merror[39m: [31mJWT Verification Error: jwt expired[39m
2026-07-28 12:53:41:5341 [31merror[39m: [31m401 - Invalid or expired security token. Please log in again. - /api/v1/diary - GET - ::1[39m
2026-07-28 12:53:41:5341 [31merror[39m: [31mJWT Verification Error: jwt expired[39m
2026-07-28 12:53:41:5341 [31merror[39m: [31m401 - Invalid or expired security token. Please log in again. - /api/v1/daybook - GET - ::1[39m
2026-07-28 12:53:41:5341 [31merror[39m: [31mJWT Verification Error: jwt expired[39m
2026-07-28 12:53:41:5341 [31merror[39m: [31m401 - Invalid or expired security token. Please log in again. - /api/v1/alerts - GET - ::1[39m
2026-07-28 12:53:41:5341 [31merror[39m: [31mJWT Verification Error: jwt expired[39m
2026-07-28 12:53:41:5341 [31merror[39m: [31m401 - Invalid or expired security token. Please log in again. - /api/v1/lands - GET - ::1[39m
2026-07-28 12:53:41:5341 [31merror[39m: [31mJWT Verification Error: jwt expired[39m
2026-07-28 12:53:41:5341 [31merror[39m: [31m401 - Invalid or expired security token. Please log in again. - /api/v1/payments - GET - ::1[39m
2026-07-28 12:53:41:5341 [31merror[39m: [31mJWT Verification Error: jwt expired[39m
2026-07-28 12:53:41:5341 [31merror[39m: [31m401 - Invalid or expired security token. Please log in again. - /api/v1/memberships - GET - ::1[39m
2026-07-28 12:53:41:5341 [31merror[39m: [31mJWT Verification Error: jwt expired[39m
2026-07-28 12:53:41:5341 [31merror[39m: [31m401 - Invalid or expired security token. Please log in again. - /api/v1/acts - GET - ::1[39m
2026-07-28 12:53:41:5341 [31merror[39m: [31mJWT Verification Error: jwt expired[39m
2026-07-28 12:53:41:5341 [31merror[39m: [31m401 - Invalid or expired security token. Please log in again. - /api/v1/opinions - GET - ::1[39m
2026-07-28 12:53:41:5341 [31merror[39m: [31mJWT Verification Error: jwt expired[39m
2026-07-28 12:53:41:5341 [31merror[39m: [31m401 - Invalid or expired security token. Please log in again. - /api/v1/roles/roles - GET - ::1[39m
2026-07-28 12:53:41:5341 [31merror[39m: [31mJWT Verification Error: jwt expired[39m
2026-07-28 12:53:41:5341 [31merror[39m: [31m401 - Invalid or expired security token. Please log in again. - /api/v1/amendments - GET - ::1[39m
2026-07-28 12:53:41:5341 [31merror[39m: [31mJWT Verification Error: jwt expired[39m
2026-07-28 12:53:41:5341 [31merror[39m: [31m401 - Invalid or expired security token. Please log in again. - /api/v1/roles/modules - GET - ::1[39m
2026-07-28 12:53:42:5342 [31merror[39m: [31mJWT Verification Error: jwt expired[39m
2026-07-28 12:53:42:5342 [31merror[39m: [31m401 - Invalid or expired security token. Please log in again. - /api/v1/roles/roles - GET - ::1[39m
2026-07-28 12:53:42:5342 [31merror[39m: [31mJWT Verification Error: jwt expired[39m
2026-07-28 12:53:42:5342 [31merror[39m: [31m401 - Invalid or expired security token. Please log in again. - /api/v1/roles/roles - GET - ::1[39m
2026-07-28 12:53:54:5354 [31merror[39m: [31m401 - Incorrect email or password - /api/v1/auth/login - POST - ::1[39m
2026-07-28 12:57:03:573 [32minfo[39m: [32mMySQL database connection established successfully.[39m
2026-07-28 12:57:03:573 [32minfo[39m: [32mAlert scanner scheduled daily at midnight (0 0 * * *).[39m
2026-07-28 12:57:03:573 [32minfo[39m: [32mServer successfully started on port 5000 in development mode.[39m
2026-07-28 12:57:07:577 [31merror[39m: [31m401 - Incorrect email or password - /api/v1/auth/login - POST - ::1[39m
2026-07-28 12:59:46:5946 [31merror[39m: [31m401 - Incorrect email or password - /api/v1/auth/login - POST - ::1[39m
2026-07-28 12:59:48:5948 [31merror[39m: [31m401 - Incorrect email or password - /api/v1/auth/login - POST - ::1[39m
2026-07-28 12:59:51:5951 [31merror[39m: [31m401 - Incorrect email or password - /api/v1/auth/login - POST - ::1[39m
2026-07-28 12:59:57:5957 [31merror[39m: [31m401 - Incorrect email or password - /api/v1/auth/login - POST - ::1[39m
2026-07-28 13:09:05:95 [31merror[39m: [31m401 - Incorrect email or password - /api/v1/auth/login - POST - ::1[39m
2026-07-28 13:09:10:910 [31merror[39m: [31m401 - Incorrect email or password - /api/v1/auth/login - POST - ::1[39m
2026-07-28 13:09:35:935 [31merror[39m: [31m401 - Incorrect email or password - /api/v1/auth/login - POST - ::1[39m
2026-07-28 13:09:44:944 [31merror[39m: [31m403 - Access Denied: You do not have permission to perform this operation. - /api/v1/daybook - GET - ::1[39m
2026-07-28 13:10:17:1017 [31merror[39m: [31m401 - Incorrect email or password - /api/v1/auth/login - POST - ::1[39m
2026-07-28 13:10:35:1035 [31merror[39m: [31m403 - Access Denied: You do not have permission to perform this operation. - /api/v1/daybook - GET - ::1[39m
2026-07-28 13:11:11:1111 [31merror[39m: [31m401 - Incorrect email or password - /api/v1/auth/login - POST - ::1[39m
2026-07-28 13:11:13:1113 [31merror[39m: [31m401 - Incorrect email or password - /api/v1/auth/login - POST - ::1[39m
2026-07-28 13:11:14:1114 [31merror[39m: [31m401 - Incorrect email or password - /api/v1/auth/login - POST - ::1[39m
2026-07-28 13:11:26:1126 [31merror[39m: [31m401 - Incorrect email or password - /api/v1/auth/login - POST - ::1[39m
2026-07-28 13:11:35:1135 [31merror[39m: [31m401 - Incorrect email or password - /api/v1/auth/login - POST - ::1[39m
2026-07-28 13:12:04:124 [31merror[39m: [31m401 - Incorrect email or password - /api/v1/auth/login - POST - ::1[39m
2026-07-28 13:12:13:1213 [31merror[39m: [31m401 - Incorrect email or password - /api/v1/auth/login - POST - ::1[39m
2026-07-28 13:13:57:1357 [31merror[39m: [31m401 - Incorrect email or password - /api/v1/auth/login - POST - ::1[39m
2026-07-28 13:15:50:1550 [31merror[39m: [31m401 - Incorrect email or password - /api/v1/auth/login - POST - ::1[39m
2026-07-28 13:15:55:1555 [31merror[39m: [31m401 - Incorrect email or password - /api/v1/auth/login - POST - ::1[39m
2026-07-28 13:16:29:1629 [31merror[39m: [31m401 - Incorrect email or password - /api/v1/auth/login - POST - ::1[39m
2026-07-28 13:16:32:1632 [31merror[39m: [31m401 - Incorrect email or password - /api/v1/auth/login - POST - ::1[39m
2026-07-28 13:19:04:194 [31merror[39m: [31m403 - Access Denied: You do not have permission to perform this operation. - /api/v1/daybook - GET - ::1[39m
2026-07-28 13:19:11:1911 [31merror[39m: [31m401 - Incorrect email or password - /api/v1/auth/login - POST - ::1[39m
2026-07-28 13:19:13:1913 [31merror[39m: [31m401 - Incorrect email or password - /api/v1/auth/login - POST - ::1[39m
2026-07-28 13:19:14:1914 [31merror[39m: [31m401 - Incorrect email or password - /api/v1/auth/login - POST - ::1[39m
2026-07-28 13:19:22:1922 [31merror[39m: [31m401 - Incorrect email or password - /api/v1/auth/login - POST - ::1[39m
2026-07-28 13:19:28:1928 [31merror[39m: [31m401 - Incorrect email or password - /api/v1/auth/login - POST - ::1[39m
2026-07-28 13:25:47:2547 [31merror[39m: [31mJWT Verification Error: jwt expired[39m
2026-07-28 13:25:47:2547 [31merror[39m: [31m401 - Invalid or expired security token. Please log in again. - /api/v1/cases - GET - ::1[39m
2026-07-28 13:25:47:2547 [31merror[39m: [31mJWT Verification Error: jwt expired[39m
2026-07-28 13:25:47:2547 [31merror[39m: [31m401 - Invalid or expired security token. Please log in again. - /api/v1/clients - GET - ::1[39m
2026-07-28 13:25:47:2547 [31merror[39m: [31mJWT Verification Error: jwt expired[39m
2026-07-28 13:25:47:2547 [31merror[39m: [31m401 - Invalid or expired security token. Please log in again. - /api/v1/advocates - GET - ::1[39m
2026-07-28 13:25:47:2547 [31merror[39m: [31mJWT Verification Error: jwt expired[39m
2026-07-28 13:25:47:2547 [31merror[39m: [31m401 - Invalid or expired security token. Please log in again. - /api/v1/diary - GET - ::1[39m
2026-07-28 13:25:47:2547 [31merror[39m: [31mJWT Verification Error: jwt expired[39m
2026-07-28 13:25:47:2547 [31merror[39m: [31m401 - Invalid or expired security token. Please log in again. - /api/v1/daybook - GET - ::1[39m
2026-07-28 13:25:47:2547 [31merror[39m: [31mJWT Verification Error: jwt expired[39m
2026-07-28 13:25:47:2547 [31merror[39m: [31m401 - Invalid or expired security token. Please log in again. - /api/v1/payments - GET - ::1[39m
2026-07-28 13:25:47:2547 [31merror[39m: [31mJWT Verification Error: jwt expired[39m
2026-07-28 13:25:47:2547 [31merror[39m: [31m401 - Invalid or expired security token. Please log in again. - /api/v1/alerts - GET - ::1[39m
2026-07-28 13:25:47:2547 [31merror[39m: [31mJWT Verification Error: jwt expired[39m
2026-07-28 13:25:47:2547 [31merror[39m: [31m401 - Invalid or expired security token. Please log in again. - /api/v1/lands - GET - ::1[39m
2026-07-28 13:25:47:2547 [31merror[39m: [31mJWT Verification Error: jwt expired[39m
2026-07-28 13:25:47:2547 [31merror[39m: [31m401 - Invalid or expired security token. Please log in again. - /api/v1/opinions - GET - ::1[39m
2026-07-28 13:25:47:2547 [31merror[39m: [31mJWT Verification Error: jwt expired[39m
2026-07-28 13:25:47:2547 [31merror[39m: [31m401 - Invalid or expired security token. Please log in again. - /api/v1/memberships - GET - ::1[39m
2026-07-28 13:25:47:2547 [31merror[39m: [31mJWT Verification Error: jwt expired[39m
2026-07-28 13:25:47:2547 [31merror[39m: [31m401 - Invalid or expired security token. Please log in again. - /api/v1/acts - GET - ::1[39m
2026-07-28 13:25:47:2547 [31merror[39m: [31mJWT Verification Error: jwt expired[39m
2026-07-28 13:25:47:2547 [31merror[39m: [31m401 - Invalid or expired security token. Please log in again. - /api/v1/amendments - GET - ::1[39m
2026-07-28 13:25:47:2547 [31merror[39m: [31mJWT Verification Error: jwt expired[39m
2026-07-28 13:25:47:2547 [31merror[39m: [31m401 - Invalid or expired security token. Please log in again. - /api/v1/roles/roles - GET - ::1[39m
2026-07-28 13:25:47:2547 [31merror[39m: [31mJWT Verification Error: jwt expired[39m
2026-07-28 13:25:47:2547 [31merror[39m: [31m401 - Invalid or expired security token. Please log in again. - /api/v1/roles/modules - GET - ::1[39m
2026-07-28 13:25:47:2547 [31merror[39m: [31mJWT Verification Error: jwt expired[39m
2026-07-28 13:25:47:2547 [31merror[39m: [31m401 - Invalid or expired security token. Please log in again. - /api/v1/cases - GET - ::1[39m
2026-07-28 13:25:47:2547 [31merror[39m: [31mJWT Verification Error: jwt expired[39m
2026-07-28 13:25:47:2547 [31merror[39m: [31m401 - Invalid or expired security token. Please log in again. - /api/v1/clients - GET - ::1[39m
2026-07-28 13:25:47:2547 [31merror[39m: [31mJWT Verification Error: jwt expired[39m
2026-07-28 13:25:47:2547 [31merror[39m: [31m401 - Invalid or expired security token. Please log in again. - /api/v1/advocates - GET - ::1[39m
2026-07-28 13:25:47:2547 [31merror[39m: [31mJWT Verification Error: jwt expired[39m
2026-07-28 13:25:47:2547 [31merror[39m: [31m401 - Invalid or expired security token. Please log in again. - /api/v1/diary - GET - ::1[39m
2026-07-28 13:25:47:2547 [31merror[39m: [31mJWT Verification Error: jwt expired[39m
2026-07-28 13:25:47:2547 [31merror[39m: [31m401 - Invalid or expired security token. Please log in again. - /api/v1/daybook - GET - ::1[39m
2026-07-28 13:25:47:2547 [31merror[39m: [31mJWT Verification Error: jwt expired[39m
2026-07-28 13:25:47:2547 [31merror[39m: [31m401 - Invalid or expired security token. Please log in again. - /api/v1/payments - GET - ::1[39m
2026-07-28 13:25:47:2547 [31merror[39m: [31mJWT Verification Error: jwt expired[39m
2026-07-28 13:25:47:2547 [31merror[39m: [31m401 - Invalid or expired security token. Please log in again. - /api/v1/alerts - GET - ::1[39m
2026-07-28 13:25:47:2547 [31merror[39m: [31mJWT Verification Error: jwt expired[39m
2026-07-28 13:25:47:2547 [31merror[39m: [31m401 - Invalid or expired security token. Please log in again. - /api/v1/dashboard - GET - ::1[39m
2026-07-28 13:25:47:2547 [31merror[39m: [31mJWT Verification Error: jwt expired[39m
2026-07-28 13:25:47:2547 [31merror[39m: [31m401 - Invalid or expired security token. Please log in again. - /api/v1/lands - GET - ::1[39m
2026-07-28 13:25:47:2547 [31merror[39m: [31mJWT Verification Error: jwt expired[39m
2026-07-28 13:25:47:2547 [31merror[39m: [31m401 - Invalid or expired security token. Please log in again. - /api/v1/opinions - GET - ::1[39m
2026-07-28 13:25:47:2547 [31merror[39m: [31mJWT Verification Error: jwt expired[39m
2026-07-28 13:25:47:2547 [31merror[39m: [31m401 - Invalid or expired security token. Please log in again. - /api/v1/memberships - GET - ::1[39m
2026-07-28 13:25:47:2547 [31merror[39m: [31mJWT Verification Error: jwt expired[39m
2026-07-28 13:25:47:2547 [31merror[39m: [31m401 - Invalid or expired security token. Please log in again. - /api/v1/acts - GET - ::1[39m
2026-07-28 13:25:47:2547 [31merror[39m: [31mJWT Verification Error: jwt expired[39m
2026-07-28 13:25:47:2547 [31merror[39m: [31m401 - Invalid or expired security token. Please log in again. - /api/v1/amendments - GET - ::1[39m
2026-07-28 13:25:47:2547 [31merror[39m: [31mJWT Verification Error: jwt expired[39m
2026-07-28 13:25:47:2547 [31merror[39m: [31m401 - Invalid or expired security token. Please log in again. - /api/v1/roles/roles - GET - ::1[39m
2026-07-28 13:25:47:2547 [31merror[39m: [31mJWT Verification Error: jwt expired[39m
2026-07-28 13:25:47:2547 [31merror[39m: [31m401 - Invalid or expired security token. Please log in again. - /api/v1/roles/modules - GET - ::1[39m
2026-07-28 13:25:47:2547 [31merror[39m: [31mJWT Verification Error: jwt expired[39m
2026-07-28 13:25:47:2547 [31merror[39m: [31m401 - Invalid or expired security token. Please log in again. - /api/v1/dashboard - GET - ::1[39m
2026-07-28 13:25:47:2547 [31merror[39m: [31mJWT Verification Error: jwt expired[39m
2026-07-28 13:25:47:2547 [31merror[39m: [31m401 - Invalid or expired security token. Please log in again. - /api/v1/roles/roles - GET - ::1[39m
2026-07-28 13:25:47:2547 [31merror[39m: [31mJWT Verification Error: jwt expired[39m
2026-07-28 13:25:47:2547 [31merror[39m: [31m401 - Invalid or expired security token. Please log in again. - /api/v1/roles/roles - GET - ::1[39m
2026-07-28 13:25:47:2547 [31merror[39m: [31m403 - Access Denied: You do not have permission to perform this operation. - /api/v1/daybook - GET - ::1[39m
2026-07-28 13:25:48:2548 [31merror[39m: [31m403 - Access Denied: You do not have permission to perform this operation. - /api/v1/daybook - GET - ::1[39m
2026-07-28 13:26:28:2628 [31merror[39m: [31m401 - Incorrect email or password - /api/v1/auth/login - POST - ::1[39m
2026-07-28 13:33:51:3351 [32minfo[39m: [32mMySQL database connection established successfully.[39m
2026-07-28 13:33:51:3351 [32minfo[39m: [32mAlert scanner scheduled daily at midnight (0 0 * * *).[39m
2026-07-28 13:33:51:3351 [32minfo[39m: [32mServer successfully started on port 5000 in development mode.[39m
2026-07-28 13:38:14:3814 [31merror[39m: [31m403 - Access Denied: You do not have permission to perform this operation. - /api/v1/daybook - GET - ::1[39m
2026-07-28 13:38:15:3815 [31merror[39m: [31m403 - Access Denied: You do not have permission to perform this operation. - /api/v1/daybook - GET - ::1[39m
2026-07-28 13:55:44:5544 [31merror[39m: [31mJWT Verification Error: jwt expired[39m
2026-07-28 13:55:44:5544 [31merror[39m: [31m401 - Invalid or expired security token. Please log in again. - /api/v1/dashboard - GET - ::1[39m
2026-07-28 13:55:44:5544 [31merror[39m: [31mJWT Verification Error: jwt expired[39m
2026-07-28 13:55:44:5544 [31merror[39m: [31m401 - Invalid or expired security token. Please log in again. - /api/v1/cases - GET - ::1[39m
2026-07-28 13:55:44:5544 [31merror[39m: [31mJWT Verification Error: jwt expired[39m
2026-07-28 13:55:44:5544 [31merror[39m: [31m401 - Invalid or expired security token. Please log in again. - /api/v1/clients - GET - ::1[39m
2026-07-28 13:55:44:5544 [31merror[39m: [31mJWT Verification Error: jwt expired[39m
2026-07-28 13:55:44:5544 [31merror[39m: [31m401 - Invalid or expired security token. Please log in again. - /api/v1/advocates - GET - ::1[39m
2026-07-28 13:55:44:5544 [31merror[39m: [31mJWT Verification Error: jwt expired[39m
2026-07-28 13:55:44:5544 [31merror[39m: [31m401 - Invalid or expired security token. Please log in again. - /api/v1/diary - GET - ::1[39m
2026-07-28 13:55:44:5544 [31merror[39m: [31mJWT Verification Error: jwt expired[39m
2026-07-28 13:55:44:5544 [31merror[39m: [31m401 - Invalid or expired security token. Please log in again. - /api/v1/daybook - GET - ::1[39m
2026-07-28 13:55:44:5544 [31merror[39m: [31mJWT Verification Error: jwt expired[39m
2026-07-28 13:55:44:5544 [31merror[39m: [31m401 - Invalid or expired security token. Please log in again. - /api/v1/payments - GET - ::1[39m
2026-07-28 13:55:44:5544 [31merror[39m: [31mJWT Verification Error: jwt expired[39m
2026-07-28 13:55:44:5544 [31merror[39m: [31m401 - Invalid or expired security token. Please log in again. - /api/v1/daybook - GET - ::1[39m
2026-07-28 13:55:44:5544 [31merror[39m: [31mJWT Verification Error: jwt expired[39m
2026-07-28 13:55:44:5544 [31merror[39m: [31m401 - Invalid or expired security token. Please log in again. - /api/v1/dashboard - GET - ::1[39m
2026-07-28 13:55:44:5544 [31merror[39m: [31mJWT Verification Error: jwt expired[39m
2026-07-28 13:55:44:5544 [31merror[39m: [31m401 - Invalid or expired security token. Please log in again. - /api/v1/cases - GET - ::1[39m
2026-07-28 13:55:44:5544 [31merror[39m: [31mJWT Verification Error: jwt expired[39m
2026-07-28 13:55:44:5544 [31merror[39m: [31m401 - Invalid or expired security token. Please log in again. - /api/v1/clients - GET - ::1[39m
2026-07-28 13:55:44:5544 [31merror[39m: [31mJWT Verification Error: jwt expired[39m
2026-07-28 13:55:44:5544 [31merror[39m: [31m401 - Invalid or expired security token. Please log in again. - /api/v1/advocates - GET - ::1[39m
2026-07-28 13:55:44:5544 [31merror[39m: [31mJWT Verification Error: jwt expired[39m
2026-07-28 13:55:44:5544 [31merror[39m: [31m401 - Invalid or expired security token. Please log in again. - /api/v1/diary - GET - ::1[39m
2026-07-28 13:55:44:5544 [31merror[39m: [31mJWT Verification Error: jwt expired[39m
2026-07-28 13:55:44:5544 [31merror[39m: [31m401 - Invalid or expired security token. Please log in again. - /api/v1/payments - GET - ::1[39m
2026-07-28 13:55:44:5544 [31merror[39m: [31mJWT Verification Error: jwt expired[39m
2026-07-28 13:55:44:5544 [31merror[39m: [31m401 - Invalid or expired security token. Please log in again. - /api/v1/alerts - GET - ::1[39m
2026-07-28 13:55:44:5544 [31merror[39m: [31mJWT Verification Error: jwt expired[39m
2026-07-28 13:55:44:5544 [31merror[39m: [31m401 - Invalid or expired security token. Please log in again. - /api/v1/lands - GET - ::1[39m
2026-07-28 13:55:44:5544 [31merror[39m: [31mJWT Verification Error: jwt expired[39m
2026-07-28 13:55:44:5544 [31merror[39m: [31m401 - Invalid or expired security token. Please log in again. - /api/v1/opinions - GET - ::1[39m
2026-07-28 13:55:44:5544 [31merror[39m: [31mJWT Verification Error: jwt expired[39m
2026-07-28 13:55:44:5544 [31merror[39m: [31m401 - Invalid or expired security token. Please log in again. - /api/v1/memberships - GET - ::1[39m
2026-07-28 13:55:44:5544 [31merror[39m: [31mJWT Verification Error: jwt expired[39m
2026-07-28 13:55:44:5544 [31merror[39m: [31m401 - Invalid or expired security token. Please log in again. - /api/v1/acts - GET - ::1[39m
2026-07-28 13:55:44:5544 [31merror[39m: [31mJWT Verification Error: jwt expired[39m
2026-07-28 13:55:44:5544 [31merror[39m: [31m401 - Invalid or expired security token. Please log in again. - /api/v1/amendments - GET - ::1[39m
2026-07-28 13:55:44:5544 [31merror[39m: [31mJWT Verification Error: jwt expired[39m
2026-07-28 13:55:44:5544 [31merror[39m: [31m401 - Invalid or expired security token. Please log in again. - /api/v1/roles/roles - GET - ::1[39m
2026-07-28 13:55:44:5544 [31merror[39m: [31mJWT Verification Error: jwt expired[39m
2026-07-28 13:55:44:5544 [31merror[39m: [31m401 - Invalid or expired security token. Please log in again. - /api/v1/roles/modules - GET - ::1[39m
2026-07-28 13:55:44:5544 [31merror[39m: [31mJWT Verification Error: jwt expired[39m
2026-07-28 13:55:44:5544 [31merror[39m: [31m401 - Invalid or expired security token. Please log in again. - /api/v1/alerts - GET - ::1[39m
2026-07-28 13:55:44:5544 [31merror[39m: [31mJWT Verification Error: jwt expired[39m
2026-07-28 13:55:44:5544 [31merror[39m: [31m401 - Invalid or expired security token. Please log in again. - /api/v1/lands - GET - ::1[39m
2026-07-28 13:55:44:5544 [31merror[39m: [31mJWT Verification Error: jwt expired[39m
2026-07-28 13:55:44:5544 [31merror[39m: [31m401 - Invalid or expired security token. Please log in again. - /api/v1/opinions - GET - ::1[39m
2026-07-28 13:55:44:5544 [31merror[39m: [31mJWT Verification Error: jwt expired[39m
2026-07-28 13:55:44:5544 [31merror[39m: [31m401 - Invalid or expired security token. Please log in again. - /api/v1/roles/roles - GET - ::1[39m
2026-07-28 13:55:44:5544 [31merror[39m: [31mJWT Verification Error: jwt expired[39m
2026-07-28 13:55:44:5544 [31merror[39m: [31m401 - Invalid or expired security token. Please log in again. - /api/v1/memberships - GET - ::1[39m
2026-07-28 13:55:44:5544 [31merror[39m: [31mJWT Verification Error: jwt expired[39m
2026-07-28 13:55:44:5544 [31merror[39m: [31m401 - Invalid or expired security token. Please log in again. - /api/v1/acts - GET - ::1[39m
2026-07-28 13:55:44:5544 [31merror[39m: [31mJWT Verification Error: jwt expired[39m
2026-07-28 13:55:44:5544 [31merror[39m: [31m401 - Invalid or expired security token. Please log in again. - /api/v1/amendments - GET - ::1[39m
2026-07-28 13:55:44:5544 [31merror[39m: [31mJWT Verification Error: jwt expired[39m
2026-07-28 13:55:44:5544 [31merror[39m: [31m401 - Invalid or expired security token. Please log in again. - /api/v1/roles/roles - GET - ::1[39m
2026-07-28 13:55:44:5544 [31merror[39m: [31mJWT Verification Error: jwt expired[39m
2026-07-28 13:55:44:5544 [31merror[39m: [31m401 - Invalid or expired security token. Please log in again. - /api/v1/roles/modules - GET - ::1[39m
2026-07-28 13:55:44:5544 [31merror[39m: [31mJWT Verification Error: jwt expired[39m
2026-07-28 13:55:44:5544 [31merror[39m: [31m401 - Invalid or expired security token. Please log in again. - /api/v1/roles/roles - GET - ::1[39m
2026-07-28 13:55:50:5550 [31merror[39m: [31m403 - Access Denied: You do not have permission to perform this operation. - /api/v1/daybook - GET - ::1[39m
2026-07-28 13:55:51:5551 [31merror[39m: [31m403 - Access Denied: You do not have permission to perform this operation. - /api/v1/daybook - GET - ::1[39m
2026-07-28 14:34:09:349 [31merror[39m: [31mJWT Verification Error: jwt expired[39m
2026-07-28 14:34:09:349 [31merror[39m: [31m401 - Invalid or expired security token. Please log in again. - /api/v1/dashboard - GET - ::1[39m
2026-07-28 14:34:12:3412 [31merror[39m: [31mJWT Verification Error: jwt expired[39m
2026-07-28 14:34:12:3412 [31merror[39m: [31m401 - Invalid or expired security token. Please log in again. - /api/v1/dashboard - GET - ::1[39m
2026-07-28 14:34:12:3412 [31merror[39m: [31mJWT Verification Error: jwt expired[39m
2026-07-28 14:34:12:3412 [31merror[39m: [31m401 - Invalid or expired security token. Please log in again. - /api/v1/cases - GET - ::1[39m
2026-07-28 14:34:12:3412 [31merror[39m: [31mJWT Verification Error: jwt expired[39m
2026-07-28 14:34:12:3412 [31merror[39m: [31m401 - Invalid or expired security token. Please log in again. - /api/v1/clients - GET - ::1[39m
2026-07-28 14:34:12:3412 [31merror[39m: [31mJWT Verification Error: jwt expired[39m
2026-07-28 14:34:12:3412 [31merror[39m: [31m401 - Invalid or expired security token. Please log in again. - /api/v1/advocates - GET - ::1[39m
2026-07-28 14:34:12:3412 [31merror[39m: [31mJWT Verification Error: jwt expired[39m
2026-07-28 14:34:12:3412 [31merror[39m: [31m401 - Invalid or expired security token. Please log in again. - /api/v1/diary - GET - ::1[39m
2026-07-28 14:34:12:3412 [31merror[39m: [31mJWT Verification Error: jwt expired[39m
2026-07-28 14:34:12:3412 [31merror[39m: [31m401 - Invalid or expired security token. Please log in again. - /api/v1/daybook - GET - ::1[39m
2026-07-28 14:34:12:3412 [31merror[39m: [31mJWT Verification Error: jwt expired[39m
2026-07-28 14:34:12:3412 [31merror[39m: [31m401 - Invalid or expired security token. Please log in again. - /api/v1/payments - GET - ::1[39m
2026-07-28 14:34:12:3412 [31merror[39m: [31mJWT Verification Error: jwt expired[39m
2026-07-28 14:34:12:3412 [31merror[39m: [31m401 - Invalid or expired security token. Please log in again. - /api/v1/alerts - GET - ::1[39m
2026-07-28 14:34:12:3412 [31merror[39m: [31mJWT Verification Error: jwt expired[39m
2026-07-28 14:34:12:3412 [31merror[39m: [31m401 - Invalid or expired security token. Please log in again. - /api/v1/lands - GET - ::1[39m
2026-07-28 14:34:12:3412 [31merror[39m: [31mJWT Verification Error: jwt expired[39m
2026-07-28 14:34:12:3412 [31merror[39m: [31m401 - Invalid or expired security token. Please log in again. - /api/v1/opinions - GET - ::1[39m
2026-07-28 14:34:12:3412 [31merror[39m: [31mJWT Verification Error: jwt expired[39m
2026-07-28 14:34:12:3412 [31merror[39m: [31m401 - Invalid or expired security token. Please log in again. - /api/v1/memberships - GET - ::1[39m
2026-07-28 14:34:12:3412 [31merror[39m: [31mJWT Verification Error: jwt expired[39m
2026-07-28 14:34:12:3412 [31merror[39m: [31m401 - Invalid or expired security token. Please log in again. - /api/v1/acts - GET - ::1[39m
2026-07-28 14:34:12:3412 [31merror[39m: [31mJWT Verification Error: jwt expired[39m
2026-07-28 14:34:12:3412 [31merror[39m: [31m401 - Invalid or expired security token. Please log in again. - /api/v1/amendments - GET - ::1[39m
2026-07-28 14:34:12:3412 [31merror[39m: [31mJWT Verification Error: jwt expired[39m
2026-07-28 14:34:12:3412 [31merror[39m: [31m401 - Invalid or expired security token. Please log in again. - /api/v1/roles/roles - GET - ::1[39m
2026-07-28 14:34:12:3412 [31merror[39m: [31mJWT Verification Error: jwt expired[39m
2026-07-28 14:34:12:3412 [31merror[39m: [31m401 - Invalid or expired security token. Please log in again. - /api/v1/roles/modules - GET - ::1[39m
2026-07-28 14:34:12:3412 [31merror[39m: [31mJWT Verification Error: jwt expired[39m
2026-07-28 14:34:12:3412 [31merror[39m: [31m401 - Invalid or expired security token. Please log in again. - /api/v1/dashboard - GET - ::1[39m
2026-07-28 14:34:12:3412 [31merror[39m: [31mJWT Verification Error: jwt expired[39m
2026-07-28 14:34:12:3412 [31merror[39m: [31m401 - Invalid or expired security token. Please log in again. - /api/v1/cases - GET - ::1[39m
2026-07-28 14:34:12:3412 [31merror[39m: [31mJWT Verification Error: jwt expired[39m
2026-07-28 14:34:12:3412 [31merror[39m: [31m401 - Invalid or expired security token. Please log in again. - /api/v1/clients - GET - ::1[39m
2026-07-28 14:34:12:3412 [31merror[39m: [31mJWT Verification Error: jwt expired[39m
2026-07-28 14:34:12:3412 [31merror[39m: [31m401 - Invalid or expired security token. Please log in again. - /api/v1/advocates - GET - ::1[39m
2026-07-28 14:34:12:3412 [31merror[39m: [31mJWT Verification Error: jwt expired[39m
2026-07-28 14:34:12:3412 [31merror[39m: [31m401 - Invalid or expired security token. Please log in again. - /api/v1/diary - GET - ::1[39m
2026-07-28 14:34:12:3412 [31merror[39m: [31mJWT Verification Error: jwt expired[39m
2026-07-28 14:34:12:3412 [31merror[39m: [31m401 - Invalid or expired security token. Please log in again. - /api/v1/daybook - GET - ::1[39m
2026-07-28 14:34:12:3412 [31merror[39m: [31mJWT Verification Error: jwt expired[39m
2026-07-28 14:34:12:3412 [31merror[39m: [31m401 - Invalid or expired security token. Please log in again. - /api/v1/payments - GET - ::1[39m
2026-07-28 14:34:12:3412 [31merror[39m: [31mJWT Verification Error: jwt expired[39m
2026-07-28 14:34:12:3412 [31merror[39m: [31m401 - Invalid or expired security token. Please log in again. - /api/v1/alerts - GET - ::1[39m
2026-07-28 14:34:12:3412 [31merror[39m: [31mJWT Verification Error: jwt expired[39m
2026-07-28 14:34:12:3412 [31merror[39m: [31m401 - Invalid or expired security token. Please log in again. - /api/v1/memberships - GET - ::1[39m
2026-07-28 14:34:12:3412 [31merror[39m: [31mJWT Verification Error: jwt expired[39m
2026-07-28 14:34:12:3412 [31merror[39m: [31m401 - Invalid or expired security token. Please log in again. - /api/v1/lands - GET - ::1[39m
2026-07-28 14:34:12:3412 [31merror[39m: [31mJWT Verification Error: jwt expired[39m
2026-07-28 14:34:12:3412 [31merror[39m: [31m401 - Invalid or expired security token. Please log in again. - /api/v1/opinions - GET - ::1[39m
2026-07-28 14:34:12:3412 [31merror[39m: [31mJWT Verification Error: jwt expired[39m
2026-07-28 14:34:12:3412 [31merror[39m: [31m401 - Invalid or expired security token. Please log in again. - /api/v1/acts - GET - ::1[39m
2026-07-28 14:34:12:3412 [31merror[39m: [31mJWT Verification Error: jwt expired[39m
2026-07-28 14:34:12:3412 [31merror[39m: [31m401 - Invalid or expired security token. Please log in again. - /api/v1/roles/roles - GET - ::1[39m
2026-07-28 14:34:12:3412 [31merror[39m: [31mJWT Verification Error: jwt expired[39m
2026-07-28 14:34:12:3412 [31merror[39m: [31m401 - Invalid or expired security token. Please log in again. - /api/v1/amendments - GET - ::1[39m
2026-07-28 14:34:12:3412 [31merror[39m: [31mJWT Verification Error: jwt expired[39m
2026-07-28 14:34:12:3412 [31merror[39m: [31m401 - Invalid or expired security token. Please log in again. - /api/v1/roles/modules - GET - ::1[39m
2026-07-28 14:34:12:3412 [31merror[39m: [31mJWT Verification Error: jwt expired[39m
2026-07-28 14:34:12:3412 [31merror[39m: [31m401 - Invalid or expired security token. Please log in again. - /api/v1/dashboard - GET - ::1[39m
2026-07-28 14:34:12:3412 [31merror[39m: [31mJWT Verification Error: jwt expired[39m
2026-07-28 14:34:12:3412 [31merror[39m: [31m401 - Invalid or expired security token. Please log in again. - /api/v1/cases - GET - ::1[39m
2026-07-28 14:34:12:3412 [31merror[39m: [31mJWT Verification Error: jwt expired[39m
2026-07-28 14:34:12:3412 [31merror[39m: [31m401 - Invalid or expired security token. Please log in again. - /api/v1/clients - GET - ::1[39m
2026-07-28 14:34:12:3412 [31merror[39m: [31mJWT Verification Error: jwt expired[39m
2026-07-28 14:34:12:3412 [31merror[39m: [31m401 - Invalid or expired security token. Please log in again. - /api/v1/daybook - GET - ::1[39m
2026-07-28 14:34:13:3413 [31merror[39m: [31mJWT Verification Error: jwt expired[39m
2026-07-28 14:34:13:3413 [31merror[39m: [31m401 - Invalid or expired security token. Please log in again. - /api/v1/advocates - GET - ::1[39m
2026-07-28 14:34:13:3413 [31merror[39m: [31mJWT Verification Error: jwt expired[39m
2026-07-28 14:34:13:3413 [31merror[39m: [31m401 - Invalid or expired security token. Please log in again. - /api/v1/diary - GET - ::1[39m
2026-07-28 14:34:13:3413 [31merror[39m: [31mJWT Verification Error: jwt expired[39m
2026-07-28 14:34:13:3413 [31merror[39m: [31m401 - Invalid or expired security token. Please log in again. - /api/v1/alerts - GET - ::1[39m
2026-07-28 14:34:13:3413 [31merror[39m: [31mJWT Verification Error: jwt expired[39m
2026-07-28 14:34:13:3413 [31merror[39m: [31m401 - Invalid or expired security token. Please log in again. - /api/v1/payments - GET - ::1[39m
2026-07-28 14:34:13:3413 [31merror[39m: [31mJWT Verification Error: jwt expired[39m
2026-07-28 14:34:13:3413 [31merror[39m: [31m401 - Invalid or expired security token. Please log in again. - /api/v1/memberships - GET - ::1[39m
2026-07-28 14:34:13:3413 [31merror[39m: [31mJWT Verification Error: jwt expired[39m
2026-07-28 14:34:13:3413 [31merror[39m: [31m401 - Invalid or expired security token. Please log in again. - /api/v1/lands - GET - ::1[39m
2026-07-28 14:34:13:3413 [31merror[39m: [31mJWT Verification Error: jwt expired[39m
2026-07-28 14:34:13:3413 [31merror[39m: [31m401 - Invalid or expired security token. Please log in again. - /api/v1/opinions - GET - ::1[39m
2026-07-28 14:34:13:3413 [31merror[39m: [31mJWT Verification Error: jwt expired[39m
2026-07-28 14:34:13:3413 [31merror[39m: [31m401 - Invalid or expired security token. Please log in again. - /api/v1/acts - GET - ::1[39m
2026-07-28 14:34:13:3413 [31merror[39m: [31mJWT Verification Error: jwt expired[39m
2026-07-28 14:34:13:3413 [31merror[39m: [31m401 - Invalid or expired security token. Please log in again. - /api/v1/roles/roles - GET - ::1[39m
2026-07-28 14:34:13:3413 [31merror[39m: [31mJWT Verification Error: jwt expired[39m
2026-07-28 14:34:13:3413 [31merror[39m: [31m401 - Invalid or expired security token. Please log in again. - /api/v1/amendments - GET - ::1[39m
2026-07-28 14:34:13:3413 [31merror[39m: [31mJWT Verification Error: jwt expired[39m
2026-07-28 14:34:13:3413 [31merror[39m: [31m401 - Invalid or expired security token. Please log in again. - /api/v1/roles/modules - GET - ::1[39m
2026-07-28 14:34:13:3413 [31merror[39m: [31mJWT Verification Error: jwt expired[39m
2026-07-28 14:34:13:3413 [31merror[39m: [31m401 - Invalid or expired security token. Please log in again. - /api/v1/dashboard - GET - ::1[39m
2026-07-28 14:34:13:3413 [31merror[39m: [31mJWT Verification Error: jwt expired[39m
2026-07-28 14:34:13:3413 [31merror[39m: [31m401 - Invalid or expired security token. Please log in again. - /api/v1/cases - GET - ::1[39m
2026-07-28 14:34:13:3413 [31merror[39m: [31mJWT Verification Error: jwt expired[39m
2026-07-28 14:34:13:3413 [31merror[39m: [31m401 - Invalid or expired security token. Please log in again. - /api/v1/clients - GET - ::1[39m
2026-07-28 14:34:13:3413 [31merror[39m: [31mJWT Verification Error: jwt expired[39m
2026-07-28 14:34:13:3413 [31merror[39m: [31m401 - Invalid or expired security token. Please log in again. - /api/v1/daybook - GET - ::1[39m
2026-07-28 14:34:13:3413 [31merror[39m: [31mJWT Verification Error: jwt expired[39m
2026-07-28 14:34:13:3413 [31merror[39m: [31m401 - Invalid or expired security token. Please log in again. - /api/v1/diary - GET - ::1[39m
2026-07-28 14:34:13:3413 [31merror[39m: [31mJWT Verification Error: jwt expired[39m
2026-07-28 14:34:13:3413 [31merror[39m: [31m401 - Invalid or expired security token. Please log in again. - /api/v1/advocates - GET - ::1[39m
2026-07-28 14:34:13:3413 [31merror[39m: [31mJWT Verification Error: jwt expired[39m
2026-07-28 14:34:13:3413 [31merror[39m: [31m401 - Invalid or expired security token. Please log in again. - /api/v1/alerts - GET - ::1[39m
2026-07-28 14:34:13:3413 [31merror[39m: [31mJWT Verification Error: jwt expired[39m
2026-07-28 14:34:13:3413 [31merror[39m: [31m401 - Invalid or expired security token. Please log in again. - /api/v1/payments - GET - ::1[39m
2026-07-28 14:34:13:3413 [31merror[39m: [31mJWT Verification Error: jwt expired[39m
2026-07-28 14:34:13:3413 [31merror[39m: [31m401 - Invalid or expired security token. Please log in again. - /api/v1/memberships - GET - ::1[39m
2026-07-28 14:34:13:3413 [31merror[39m: [31mJWT Verification Error: jwt expired[39m
2026-07-28 14:34:13:3413 [31merror[39m: [31m401 - Invalid or expired security token. Please log in again. - /api/v1/lands - GET - ::1[39m
2026-07-28 14:34:13:3413 [31merror[39m: [31mJWT Verification Error: jwt expired[39m
2026-07-28 14:34:13:3413 [31merror[39m: [31m401 - Invalid or expired security token. Please log in again. - /api/v1/opinions - GET - ::1[39m
2026-07-28 14:34:13:3413 [31merror[39m: [31mJWT Verification Error: jwt expired[39m
2026-07-28 14:34:13:3413 [31merror[39m: [31m401 - Invalid or expired security token. Please log in again. - /api/v1/acts - GET - ::1[39m
2026-07-28 14:34:13:3413 [31merror[39m: [31mJWT Verification Error: jwt expired[39m
2026-07-28 14:34:13:3413 [31merror[39m: [31m401 - Invalid or expired security token. Please log in again. - /api/v1/roles/roles - GET - ::1[39m
2026-07-28 14:34:13:3413 [31merror[39m: [31mJWT Verification Error: jwt expired[39m
2026-07-28 14:34:13:3413 [31merror[39m: [31m401 - Invalid or expired security token. Please log in again. - /api/v1/amendments - GET - ::1[39m
2026-07-28 14:34:13:3413 [31merror[39m: [31mJWT Verification Error: jwt expired[39m
2026-07-28 14:34:13:3413 [31merror[39m: [31m401 - Invalid or expired security token. Please log in again. - /api/v1/roles/modules - GET - ::1[39m
2026-07-28 14:34:13:3413 [31merror[39m: [31mJWT Verification Error: jwt expired[39m
2026-07-28 14:34:13:3413 [31merror[39m: [31m401 - Invalid or expired security token. Please log in again. - /api/v1/cases - GET - ::1[39m
2026-07-28 14:34:14:3414 [31merror[39m: [31mJWT Verification Error: jwt expired[39m
2026-07-28 14:34:14:3414 [31merror[39m: [31m401 - Invalid or expired security token. Please log in again. - /api/v1/roles/roles - GET - ::1[39m
2026-07-28 14:34:14:3414 [31merror[39m: [31mJWT Verification Error: jwt expired[39m
2026-07-28 14:34:14:3414 [31merror[39m: [31m401 - Invalid or expired security token. Please log in again. - /api/v1/roles/roles - GET - ::1[39m
2026-07-28 14:34:14:3414 [31merror[39m: [31mJWT Verification Error: jwt expired[39m
2026-07-28 14:34:14:3414 [31merror[39m: [31m401 - Invalid or expired security token. Please log in again. - /api/v1/roles/roles - GET - ::1[39m
2026-07-28 14:34:14:3414 [31merror[39m: [31mJWT Verification Error: jwt expired[39m
2026-07-28 14:34:14:3414 [31merror[39m: [31m401 - Invalid or expired security token. Please log in again. - /api/v1/clients - GET - ::1[39m
2026-07-28 14:34:14:3414 [31merror[39m: [31mJWT Verification Error: jwt expired[39m
2026-07-28 14:34:14:3414 [31merror[39m: [31m401 - Invalid or expired security token. Please log in again. - /api/v1/advocates - GET - ::1[39m
2026-07-28 14:34:14:3414 [31merror[39m: [31mJWT Verification Error: jwt expired[39m
2026-07-28 14:34:14:3414 [31merror[39m: [31m401 - Invalid or expired security token. Please log in again. - /api/v1/diary - GET - ::1[39m
2026-07-28 14:34:14:3414 [31merror[39m: [31mJWT Verification Error: jwt expired[39m
2026-07-28 14:34:14:3414 [31merror[39m: [31m401 - Invalid or expired security token. Please log in again. - /api/v1/daybook - GET - ::1[39m
2026-07-28 14:34:14:3414 [31merror[39m: [31mJWT Verification Error: jwt expired[39m
2026-07-28 14:34:14:3414 [31merror[39m: [31m401 - Invalid or expired security token. Please log in again. - /api/v1/roles/roles - GET - ::1[39m
2026-07-28 14:34:15:3415 [31merror[39m: [31mJWT Verification Error: jwt expired[39m
2026-07-28 14:34:15:3415 [31merror[39m: [31m401 - Invalid or expired security token. Please log in again. - /api/v1/payments - GET - ::1[39m
2026-07-28 14:34:15:3415 [31merror[39m: [31mJWT Verification Error: jwt expired[39m
2026-07-28 14:34:15:3415 [31merror[39m: [31m401 - Invalid or expired security token. Please log in again. - /api/v1/alerts - GET - ::1[39m
2026-07-28 14:34:15:3415 [31merror[39m: [31mJWT Verification Error: jwt expired[39m
2026-07-28 14:34:15:3415 [31merror[39m: [31m401 - Invalid or expired security token. Please log in again. - /api/v1/lands - GET - ::1[39m
2026-07-28 14:34:15:3415 [31merror[39m: [31mJWT Verification Error: jwt expired[39m
2026-07-28 14:34:15:3415 [31merror[39m: [31m401 - Invalid or expired security token. Please log in again. - /api/v1/opinions - GET - ::1[39m
2026-07-28 14:34:15:3415 [31merror[39m: [31mJWT Verification Error: jwt expired[39m
2026-07-28 14:34:15:3415 [31merror[39m: [31m401 - Invalid or expired security token. Please log in again. - /api/v1/memberships - GET - ::1[39m
2026-07-28 14:34:15:3415 [31merror[39m: [31mJWT Verification Error: jwt expired[39m
2026-07-28 14:34:15:3415 [31merror[39m: [31m401 - Invalid or expired security token. Please log in again. - /api/v1/acts - GET - ::1[39m
2026-07-28 14:34:15:3415 [31merror[39m: [31mJWT Verification Error: jwt expired[39m
2026-07-28 14:34:15:3415 [31merror[39m: [31m401 - Invalid or expired security token. Please log in again. - /api/v1/amendments - GET - ::1[39m
2026-07-28 14:34:16:3416 [31merror[39m: [31mJWT Verification Error: jwt expired[39m
2026-07-28 14:34:16:3416 [31merror[39m: [31m401 - Invalid or expired security token. Please log in again. - /api/v1/cases - GET - ::1[39m
2026-07-28 14:34:16:3416 [31merror[39m: [31mJWT Verification Error: jwt expired[39m
2026-07-28 14:34:16:3416 [31merror[39m: [31m401 - Invalid or expired security token. Please log in again. - /api/v1/clients - GET - ::1[39m
2026-07-28 14:34:16:3416 [31merror[39m: [31mJWT Verification Error: jwt expired[39m
2026-07-28 14:34:16:3416 [31merror[39m: [31m401 - Invalid or expired security token. Please log in again. - /api/v1/advocates - GET - ::1[39m
2026-07-28 14:34:16:3416 [31merror[39m: [31mJWT Verification Error: jwt expired[39m
2026-07-28 14:34:16:3416 [31merror[39m: [31m401 - Invalid or expired security token. Please log in again. - /api/v1/diary - GET - ::1[39m
2026-07-28 14:34:16:3416 [31merror[39m: [31mJWT Verification Error: jwt expired[39m
2026-07-28 14:34:16:3416 [31merror[39m: [31m401 - Invalid or expired security token. Please log in again. - /api/v1/roles/roles - GET - ::1[39m
2026-07-28 14:34:16:3416 [31merror[39m: [31mJWT Verification Error: jwt expired[39m
2026-07-28 14:34:16:3416 [31merror[39m: [31m401 - Invalid or expired security token. Please log in again. - /api/v1/roles/modules - GET - ::1[39m
2026-07-28 14:34:16:3416 [31merror[39m: [31mJWT Verification Error: jwt expired[39m
2026-07-28 14:34:16:3416 [31merror[39m: [31m401 - Invalid or expired security token. Please log in again. - /api/v1/dashboard - GET - ::1[39m
2026-07-28 14:34:16:3416 [31merror[39m: [31mJWT Verification Error: jwt expired[39m
2026-07-28 14:34:16:3416 [31merror[39m: [31m401 - Invalid or expired security token. Please log in again. - /api/v1/roles/roles - GET - ::1[39m
2026-07-28 14:34:18:3418 [31merror[39m: [31mJWT Verification Error: jwt expired[39m
2026-07-28 14:34:18:3418 [31merror[39m: [31m401 - Invalid or expired security token. Please log in again. - /api/v1/daybook - GET - ::1[39m
2026-07-28 14:34:18:3418 [31merror[39m: [31mJWT Verification Error: jwt expired[39m
2026-07-28 14:34:18:3418 [31merror[39m: [31m401 - Invalid or expired security token. Please log in again. - /api/v1/payments - GET - ::1[39m
2026-07-28 14:34:19:3419 [31merror[39m: [31mJWT Verification Error: jwt expired[39m
2026-07-28 14:34:19:3419 [31merror[39m: [31m401 - Invalid or expired security token. Please log in again. - /api/v1/alerts - GET - ::1[39m
2026-07-28 14:34:19:3419 [31merror[39m: [31mJWT Verification Error: jwt expired[39m
2026-07-28 14:34:19:3419 [31merror[39m: [31m401 - Invalid or expired security token. Please log in again. - /api/v1/lands - GET - ::1[39m
2026-07-28 14:34:19:3419 [31merror[39m: [31mJWT Verification Error: jwt expired[39m
2026-07-28 14:34:19:3419 [31merror[39m: [31m401 - Invalid or expired security token. Please log in again. - /api/v1/opinions - GET - ::1[39m
2026-07-28 14:34:19:3419 [31merror[39m: [31mJWT Verification Error: jwt expired[39m
2026-07-28 14:34:19:3419 [31merror[39m: [31m401 - Invalid or expired security token. Please log in again. - /api/v1/memberships - GET - ::1[39m
2026-07-28 14:34:19:3419 [31merror[39m: [31mJWT Verification Error: jwt expired[39m
2026-07-28 14:34:19:3419 [31merror[39m: [31m401 - Invalid or expired security token. Please log in again. - /api/v1/acts - GET - ::1[39m
2026-07-28 14:34:19:3419 [31merror[39m: [31mJWT Verification Error: jwt expired[39m
2026-07-28 14:34:19:3419 [31merror[39m: [31m401 - Invalid or expired security token. Please log in again. - /api/v1/amendments - GET - ::1[39m
2026-07-28 14:34:19:3419 [31merror[39m: [31mJWT Verification Error: jwt expired[39m
2026-07-28 14:34:19:3419 [31merror[39m: [31m401 - Invalid or expired security token. Please log in again. - /api/v1/roles/roles - GET - ::1[39m
2026-07-28 14:34:20:3420 [31merror[39m: [31mJWT Verification Error: jwt expired[39m
2026-07-28 14:34:20:3420 [31merror[39m: [31m401 - Invalid or expired security token. Please log in again. - /api/v1/roles/modules - GET - ::1[39m
2026-07-28 14:34:20:3420 [31merror[39m: [31mJWT Verification Error: jwt expired[39m
2026-07-28 14:34:20:3420 [31merror[39m: [31m401 - Invalid or expired security token. Please log in again. - /api/v1/roles/roles - GET - ::1[39m
2026-07-28 14:34:20:3420 [31merror[39m: [31m403 - Access Denied: You do not have permission to perform this operation. - /api/v1/daybook - GET - ::1[39m
2026-07-28 14:34:21:3421 [31merror[39m: [31m403 - Access Denied: You do not have permission to perform this operation. - /api/v1/daybook - GET - ::1[39m
2026-07-28 15:00:00:00 [31merror[39m: [31mJWT Verification Error: jwt expired[39m
2026-07-28 15:00:00:00 [31merror[39m: [31m401 - Invalid or expired security token. Please log in again. - /api/v1/dashboard - GET - ::1[39m
2026-07-28 15:00:00:00 [31merror[39m: [31mJWT Verification Error: jwt expired[39m
2026-07-28 15:00:00:00 [31merror[39m: [31m401 - Invalid or expired security token. Please log in again. - /api/v1/cases - GET - ::1[39m
2026-07-28 15:00:00:00 [31merror[39m: [31mJWT Verification Error: jwt expired[39m
2026-07-28 15:00:00:00 [31merror[39m: [31m401 - Invalid or expired security token. Please log in again. - /api/v1/clients - GET - ::1[39m
2026-07-28 15:00:00:00 [31merror[39m: [31mJWT Verification Error: jwt expired[39m
2026-07-28 15:00:00:00 [31merror[39m: [31m401 - Invalid or expired security token. Please log in again. - /api/v1/advocates - GET - ::1[39m
2026-07-28 15:00:00:00 [31merror[39m: [31mJWT Verification Error: jwt expired[39m
2026-07-28 15:00:00:00 [31merror[39m: [31m401 - Invalid or expired security token. Please log in again. - /api/v1/diary - GET - ::1[39m
2026-07-28 15:00:00:00 [31merror[39m: [31mJWT Verification Error: jwt expired[39m
2026-07-28 15:00:00:00 [31merror[39m: [31m401 - Invalid or expired security token. Please log in again. - /api/v1/daybook - GET - ::1[39m
2026-07-28 15:00:00:00 [31merror[39m: [31mJWT Verification Error: jwt expired[39m
2026-07-28 15:00:00:00 [31merror[39m: [31m401 - Invalid or expired security token. Please log in again. - /api/v1/payments - GET - ::1[39m
2026-07-28 15:00:00:00 [31merror[39m: [31mJWT Verification Error: jwt expired[39m
2026-07-28 15:00:00:00 [31merror[39m: [31m401 - Invalid or expired security token. Please log in again. - /api/v1/alerts - GET - ::1[39m
2026-07-28 15:00:00:00 [31merror[39m: [31mJWT Verification Error: jwt expired[39m
2026-07-28 15:00:00:00 [31merror[39m: [31m401 - Invalid or expired security token. Please log in again. - /api/v1/lands - GET - ::1[39m
2026-07-28 15:00:02:02 [31merror[39m: [31mJWT Verification Error: jwt expired[39m
2026-07-28 15:00:02:02 [31merror[39m: [31m401 - Invalid or expired security token. Please log in again. - /api/v1/dashboard - GET - ::1[39m
2026-07-28 15:00:02:02 [31merror[39m: [31mJWT Verification Error: jwt expired[39m
2026-07-28 15:00:02:02 [31merror[39m: [31m401 - Invalid or expired security token. Please log in again. - /api/v1/cases - GET - ::1[39m
2026-07-28 15:00:03:03 [31merror[39m: [31mJWT Verification Error: jwt expired[39m
2026-07-28 15:00:03:03 [31merror[39m: [31m401 - Invalid or expired security token. Please log in again. - /api/v1/clients - GET - ::1[39m
2026-07-28 15:00:03:03 [31merror[39m: [31mJWT Verification Error: jwt expired[39m
2026-07-28 15:00:03:03 [31merror[39m: [31m401 - Invalid or expired security token. Please log in again. - /api/v1/advocates - GET - ::1[39m
2026-07-28 15:00:03:03 [31merror[39m: [31mJWT Verification Error: jwt expired[39m
2026-07-28 15:00:03:03 [31merror[39m: [31m401 - Invalid or expired security token. Please log in again. - /api/v1/diary - GET - ::1[39m
2026-07-28 15:00:03:03 [31merror[39m: [31mJWT Verification Error: jwt expired[39m
2026-07-28 15:00:03:03 [31merror[39m: [31m401 - Invalid or expired security token. Please log in again. - /api/v1/daybook - GET - ::1[39m
2026-07-28 15:00:03:03 [31merror[39m: [31mJWT Verification Error: jwt expired[39m
2026-07-28 15:00:03:03 [31merror[39m: [31m401 - Invalid or expired security token. Please log in again. - /api/v1/payments - GET - ::1[39m
2026-07-28 15:00:03:03 [31merror[39m: [31mJWT Verification Error: jwt expired[39m
2026-07-28 15:00:03:03 [31merror[39m: [31m401 - Invalid or expired security token. Please log in again. - /api/v1/alerts - GET - ::1[39m
2026-07-28 15:00:03:03 [31merror[39m: [31mJWT Verification Error: jwt expired[39m
2026-07-28 15:00:03:03 [31merror[39m: [31m401 - Invalid or expired security token. Please log in again. - /api/v1/lands - GET - ::1[39m
2026-07-28 15:00:03:03 [31merror[39m: [31mJWT Verification Error: jwt expired[39m
2026-07-28 15:00:03:03 [31merror[39m: [31m401 - Invalid or expired security token. Please log in again. - /api/v1/opinions - GET - ::1[39m
2026-07-28 15:00:03:03 [31merror[39m: [31mJWT Verification Error: jwt expired[39m
2026-07-28 15:00:03:03 [31merror[39m: [31m401 - Invalid or expired security token. Please log in again. - /api/v1/cases - GET - ::1[39m
2026-07-28 15:00:03:03 [31merror[39m: [31mJWT Verification Error: jwt expired[39m
2026-07-28 15:00:03:03 [31merror[39m: [31m401 - Invalid or expired security token. Please log in again. - /api/v1/clients - GET - ::1[39m
2026-07-28 15:00:03:03 [31merror[39m: [31mJWT Verification Error: jwt expired[39m
2026-07-28 15:00:03:03 [31merror[39m: [31m401 - Invalid or expired security token. Please log in again. - /api/v1/advocates - GET - ::1[39m
2026-07-28 15:00:03:03 [31merror[39m: [31mJWT Verification Error: jwt expired[39m
2026-07-28 15:00:03:03 [31merror[39m: [31m401 - Invalid or expired security token. Please log in again. - /api/v1/cases - GET - ::1[39m
2026-07-28 15:00:03:03 [31merror[39m: [31mJWT Verification Error: jwt expired[39m
2026-07-28 15:00:03:03 [31merror[39m: [31m401 - Invalid or expired security token. Please log in again. - /api/v1/clients - GET - ::1[39m
2026-07-28 15:00:03:03 [31merror[39m: [31mJWT Verification Error: jwt expired[39m
2026-07-28 15:00:03:03 [31merror[39m: [31m401 - Invalid or expired security token. Please log in again. - /api/v1/advocates - GET - ::1[39m
2026-07-28 15:00:03:03 [31merror[39m: [31mJWT Verification Error: jwt expired[39m
2026-07-28 15:00:03:03 [31merror[39m: [31m401 - Invalid or expired security token. Please log in again. - /api/v1/diary - GET - ::1[39m
2026-07-28 15:00:03:03 [31merror[39m: [31mJWT Verification Error: jwt expired[39m
2026-07-28 15:00:03:03 [31merror[39m: [31m401 - Invalid or expired security token. Please log in again. - /api/v1/daybook - GET - ::1[39m
2026-07-28 15:00:03:03 [31merror[39m: [31mJWT Verification Error: jwt expired[39m
2026-07-28 15:00:03:03 [31merror[39m: [31m401 - Invalid or expired security token. Please log in again. - /api/v1/payments - GET - ::1[39m
2026-07-28 15:00:03:03 [31merror[39m: [31mJWT Verification Error: jwt expired[39m
2026-07-28 15:00:03:03 [31merror[39m: [31m401 - Invalid or expired security token. Please log in again. - /api/v1/alerts - GET - ::1[39m
2026-07-28 15:00:03:03 [31merror[39m: [31mJWT Verification Error: jwt expired[39m
2026-07-28 15:00:03:03 [31merror[39m: [31m401 - Invalid or expired security token. Please log in again. - /api/v1/lands - GET - ::1[39m
2026-07-28 15:00:03:03 [31merror[39m: [31mJWT Verification Error: jwt expired[39m
2026-07-28 15:00:03:03 [31merror[39m: [31m401 - Invalid or expired security token. Please log in again. - /api/v1/opinions - GET - ::1[39m
2026-07-28 15:00:03:03 [31merror[39m: [31mJWT Verification Error: jwt expired[39m
2026-07-28 15:00:03:03 [31merror[39m: [31m401 - Invalid or expired security token. Please log in again. - /api/v1/masters/case-types?activeOnly=true - GET - ::1[39m
2026-07-28 15:00:03:03 [31merror[39m: [31mJWT Verification Error: jwt expired[39m
2026-07-28 15:00:03:03 [31merror[39m: [31m401 - Invalid or expired security token. Please log in again. - /api/v1/masters/case-stages?activeOnly=true - GET - ::1[39m
2026-07-28 15:00:03:03 [31merror[39m: [31mJWT Verification Error: jwt expired[39m
2026-07-28 15:00:03:03 [31merror[39m: [31m401 - Invalid or expired security token. Please log in again. - /api/v1/masters/courts?activeOnly=true - GET - ::1[39m
2026-07-28 15:00:03:03 [31merror[39m: [31mJWT Verification Error: jwt expired[39m
2026-07-28 15:00:03:03 [31merror[39m: [31m401 - Invalid or expired security token. Please log in again. - /api/v1/memberships - GET - ::1[39m
2026-07-28 15:00:03:03 [31merror[39m: [31mJWT Verification Error: jwt expired[39m
2026-07-28 15:00:03:03 [31merror[39m: [31m401 - Invalid or expired security token. Please log in again. - /api/v1/acts - GET - ::1[39m
2026-07-28 15:00:03:03 [31merror[39m: [31mJWT Verification Error: jwt expired[39m
2026-07-28 15:00:03:03 [31merror[39m: [31m401 - Invalid or expired security token. Please log in again. - /api/v1/amendments - GET - ::1[39m
2026-07-28 15:00:04:04 [31merror[39m: [31mJWT Verification Error: jwt expired[39m
2026-07-28 15:00:04:04 [31merror[39m: [31m401 - Invalid or expired security token. Please log in again. - /api/v1/memberships - GET - ::1[39m
2026-07-28 15:00:04:04 [31merror[39m: [31mJWT Verification Error: jwt expired[39m
2026-07-28 15:00:04:04 [31merror[39m: [31m401 - Invalid or expired security token. Please log in again. - /api/v1/opinions - GET - ::1[39m
2026-07-28 15:00:04:04 [31merror[39m: [31mJWT Verification Error: jwt expired[39m
2026-07-28 15:00:04:04 [31merror[39m: [31m401 - Invalid or expired security token. Please log in again. - /api/v1/memberships - GET - ::1[39m
2026-07-28 15:00:05:05 [31merror[39m: [31mJWT Verification Error: jwt expired[39m
2026-07-28 15:00:05:05 [31merror[39m: [31m401 - Invalid or expired security token. Please log in again. - /api/v1/roles/roles - GET - ::1[39m
2026-07-28 15:00:06:06 [31merror[39m: [31mJWT Verification Error: jwt expired[39m
2026-07-28 15:00:06:06 [31merror[39m: [31m401 - Invalid or expired security token. Please log in again. - /api/v1/acts - GET - ::1[39m
2026-07-28 15:00:06:06 [31merror[39m: [31mJWT Verification Error: jwt expired[39m
2026-07-28 15:00:06:06 [31merror[39m: [31m401 - Invalid or expired security token. Please log in again. - /api/v1/amendments - GET - ::1[39m
2026-07-28 15:00:06:06 [31merror[39m: [31mJWT Verification Error: jwt expired[39m
2026-07-28 15:00:06:06 [31merror[39m: [31m401 - Invalid or expired security token. Please log in again. - /api/v1/roles/roles - GET - ::1[39m
2026-07-28 15:00:06:06 [31merror[39m: [31mJWT Verification Error: jwt expired[39m
2026-07-28 15:00:06:06 [31merror[39m: [31m401 - Invalid or expired security token. Please log in again. - /api/v1/roles/modules - GET - ::1[39m
2026-07-28 15:00:06:06 [31merror[39m: [31mJWT Verification Error: jwt expired[39m
2026-07-28 15:00:06:06 [31merror[39m: [31m401 - Invalid or expired security token. Please log in again. - /api/v1/dashboard - GET - ::1[39m
2026-07-28 15:00:06:06 [31merror[39m: [31mJWT Verification Error: jwt expired[39m
2026-07-28 15:00:06:06 [31merror[39m: [31m401 - Invalid or expired security token. Please log in again. - /api/v1/cases - GET - ::1[39m
2026-07-28 15:00:06:06 [31merror[39m: [31mJWT Verification Error: jwt expired[39m
2026-07-28 15:00:06:06 [31merror[39m: [31m401 - Invalid or expired security token. Please log in again. - /api/v1/clients - GET - ::1[39m
2026-07-28 15:00:06:06 [31merror[39m: [31mJWT Verification Error: jwt expired[39m
2026-07-28 15:00:06:06 [31merror[39m: [31m401 - Invalid or expired security token. Please log in again. - /api/v1/advocates - GET - ::1[39m
2026-07-28 15:00:06:06 [31merror[39m: [31mJWT Verification Error: jwt expired[39m
2026-07-28 15:00:06:06 [31merror[39m: [31m401 - Invalid or expired security token. Please log in again. - /api/v1/diary - GET - ::1[39m
2026-07-28 15:00:06:06 [31merror[39m: [31mJWT Verification Error: jwt expired[39m
2026-07-28 15:00:06:06 [31merror[39m: [31m401 - Invalid or expired security token. Please log in again. - /api/v1/roles/roles - GET - ::1[39m
2026-07-28 15:00:07:07 [31merror[39m: [31mJWT Verification Error: jwt expired[39m
2026-07-28 15:00:07:07 [31merror[39m: [31m401 - Invalid or expired security token. Please log in again. - /api/v1/opinions - GET - ::1[39m
2026-07-28 15:00:07:07 [31merror[39m: [31mJWT Verification Error: jwt expired[39m
2026-07-28 15:00:07:07 [31merror[39m: [31m401 - Invalid or expired security token. Please log in again. - /api/v1/memberships - GET - ::1[39m
2026-07-28 15:00:07:07 [31merror[39m: [31mJWT Verification Error: jwt expired[39m
2026-07-28 15:00:07:07 [31merror[39m: [31m401 - Invalid or expired security token. Please log in again. - /api/v1/acts - GET - ::1[39m
2026-07-28 15:00:07:07 [31merror[39m: [31mJWT Verification Error: jwt expired[39m
2026-07-28 15:00:07:07 [31merror[39m: [31m401 - Invalid or expired security token. Please log in again. - /api/v1/daybook - GET - ::1[39m
2026-07-28 15:00:07:07 [31merror[39m: [31mJWT Verification Error: jwt expired[39m
2026-07-28 15:00:07:07 [31merror[39m: [31m401 - Invalid or expired security token. Please log in again. - /api/v1/payments - GET - ::1[39m
2026-07-28 15:00:07:07 [31merror[39m: [31mJWT Verification Error: jwt expired[39m
2026-07-28 15:00:07:07 [31merror[39m: [31m401 - Invalid or expired security token. Please log in again. - /api/v1/alerts - GET - ::1[39m
2026-07-28 15:00:07:07 [31merror[39m: [31mJWT Verification Error: jwt expired[39m
2026-07-28 15:00:07:07 [31merror[39m: [31m401 - Invalid or expired security token. Please log in again. - /api/v1/lands - GET - ::1[39m
2026-07-28 15:00:07:07 [31merror[39m: [31mJWT Verification Error: jwt expired[39m
2026-07-28 15:00:07:07 [31merror[39m: [31m401 - Invalid or expired security token. Please log in again. - /api/v1/amendments - GET - ::1[39m
2026-07-28 15:00:07:07 [31merror[39m: [31mJWT Verification Error: jwt expired[39m
2026-07-28 15:00:07:07 [31merror[39m: [31m401 - Invalid or expired security token. Please log in again. - /api/v1/roles/roles - GET - ::1[39m
2026-07-28 15:00:07:07 [31merror[39m: [31mJWT Verification Error: jwt expired[39m
2026-07-28 15:00:07:07 [31merror[39m: [31m401 - Invalid or expired security token. Please log in again. - /api/v1/roles/modules - GET - ::1[39m
2026-07-28 15:00:07:07 [31merror[39m: [31mJWT Verification Error: jwt expired[39m
2026-07-28 15:00:07:07 [31merror[39m: [31m401 - Invalid or expired security token. Please log in again. - /api/v1/roles/roles - GET - ::1[39m
2026-07-28 15:00:07:07 [31merror[39m: [31mJWT Verification Error: jwt expired[39m
2026-07-28 15:00:07:07 [31merror[39m: [31m401 - Invalid or expired security token. Please log in again. - /api/v1/roles/modules - GET - ::1[39m
2026-07-28 15:00:07:07 [31merror[39m: [31mJWT Verification Error: jwt expired[39m
2026-07-28 15:00:07:07 [31merror[39m: [31m401 - Invalid or expired security token. Please log in again. - /api/v1/roles/roles - GET - ::1[39m
2026-07-28 15:00:07:07 [31merror[39m: [31mJWT Verification Error: jwt expired[39m
2026-07-28 15:00:07:07 [31merror[39m: [31m401 - Invalid or expired security token. Please log in again. - /api/v1/cases - GET - ::1[39m
2026-07-28 15:00:07:07 [31merror[39m: [31mJWT Verification Error: jwt expired[39m
2026-07-28 15:00:07:07 [31merror[39m: [31m401 - Invalid or expired security token. Please log in again. - /api/v1/clients - GET - ::1[39m
2026-07-28 15:00:07:07 [31merror[39m: [31mJWT Verification Error: jwt expired[39m
2026-07-28 15:00:07:07 [31merror[39m: [31m401 - Invalid or expired security token. Please log in again. - /api/v1/advocates - GET - ::1[39m
2026-07-28 15:00:07:07 [31merror[39m: [31mJWT Verification Error: jwt expired[39m
2026-07-28 15:00:07:07 [31merror[39m: [31m401 - Invalid or expired security token. Please log in again. - /api/v1/masters/case-types?activeOnly=true - GET - ::1[39m
2026-07-28 15:00:07:07 [31merror[39m: [31mJWT Verification Error: jwt expired[39m
2026-07-28 15:00:07:07 [31merror[39m: [31m401 - Invalid or expired security token. Please log in again. - /api/v1/acts - GET - ::1[39m
2026-07-28 15:00:07:07 [31merror[39m: [31mJWT Verification Error: jwt expired[39m
2026-07-28 15:00:07:07 [31merror[39m: [31m401 - Invalid or expired security token. Please log in again. - /api/v1/amendments - GET - ::1[39m
2026-07-28 15:00:07:07 [31merror[39m: [31mJWT Verification Error: jwt expired[39m
2026-07-28 15:00:07:07 [31merror[39m: [31m401 - Invalid or expired security token. Please log in again. - /api/v1/roles/roles - GET - ::1[39m
2026-07-28 15:00:07:07 [31merror[39m: [31mJWT Verification Error: jwt expired[39m
2026-07-28 15:00:07:07 [31merror[39m: [31m401 - Invalid or expired security token. Please log in again. - /api/v1/roles/modules - GET - ::1[39m
2026-07-28 15:00:07:07 [31merror[39m: [31mJWT Verification Error: jwt expired[39m
2026-07-28 15:00:07:07 [31merror[39m: [31m401 - Invalid or expired security token. Please log in again. - /api/v1/roles/roles - GET - ::1[39m
2026-07-28 15:00:07:07 [31merror[39m: [31mJWT Verification Error: jwt expired[39m
2026-07-28 15:00:07:07 [31merror[39m: [31m401 - Invalid or expired security token. Please log in again. - /api/v1/dashboard - GET - ::1[39m
2026-07-28 15:00:07:07 [31merror[39m: [31mJWT Verification Error: jwt expired[39m
2026-07-28 15:00:07:07 [31merror[39m: [31m401 - Invalid or expired security token. Please log in again. - /api/v1/cases - GET - ::1[39m
2026-07-28 15:00:07:07 [31merror[39m: [31mJWT Verification Error: jwt expired[39m
2026-07-28 15:00:07:07 [31merror[39m: [31m401 - Invalid or expired security token. Please log in again. - /api/v1/clients - GET - ::1[39m
2026-07-28 15:00:07:07 [31merror[39m: [31mJWT Verification Error: jwt expired[39m
2026-07-28 15:00:07:07 [31merror[39m: [31m401 - Invalid or expired security token. Please log in again. - /api/v1/advocates - GET - ::1[39m
2026-07-28 15:00:07:07 [31merror[39m: [31mJWT Verification Error: jwt expired[39m
2026-07-28 15:00:07:07 [31merror[39m: [31m401 - Invalid or expired security token. Please log in again. - /api/v1/masters/case-stages?activeOnly=true - GET - ::1[39m
2026-07-28 15:00:07:07 [31merror[39m: [31mJWT Verification Error: jwt expired[39m
2026-07-28 15:00:07:07 [31merror[39m: [31m401 - Invalid or expired security token. Please log in again. - /api/v1/masters/courts?activeOnly=true - GET - ::1[39m
2026-07-28 15:00:07:07 [31merror[39m: [31mJWT Verification Error: jwt expired[39m
2026-07-28 15:00:07:07 [31merror[39m: [31m401 - Invalid or expired security token. Please log in again. - /api/v1/cases - GET - ::1[39m
2026-07-28 15:00:07:07 [31merror[39m: [31mJWT Verification Error: jwt expired[39m
2026-07-28 15:00:07:07 [31merror[39m: [31m401 - Invalid or expired security token. Please log in again. - /api/v1/diary - GET - ::1[39m
2026-07-28 15:00:07:07 [31merror[39m: [31mJWT Verification Error: jwt expired[39m
2026-07-28 15:00:07:07 [31merror[39m: [31m401 - Invalid or expired security token. Please log in again. - /api/v1/daybook - GET - ::1[39m
2026-07-28 15:00:07:07 [31merror[39m: [31mJWT Verification Error: jwt expired[39m
2026-07-28 15:00:07:07 [31merror[39m: [31m401 - Invalid or expired security token. Please log in again. - /api/v1/payments - GET - ::1[39m
2026-07-28 15:00:07:07 [31merror[39m: [31mJWT Verification Error: jwt expired[39m
2026-07-28 15:00:07:07 [31merror[39m: [31m401 - Invalid or expired security token. Please log in again. - /api/v1/alerts - GET - ::1[39m
2026-07-28 15:00:07:07 [31merror[39m: [31mJWT Verification Error: jwt expired[39m
2026-07-28 15:00:07:07 [31merror[39m: [31m401 - Invalid or expired security token. Please log in again. - /api/v1/lands - GET - ::1[39m
2026-07-28 15:00:07:07 [31merror[39m: [31mJWT Verification Error: jwt expired[39m
2026-07-28 15:00:07:07 [31merror[39m: [31m401 - Invalid or expired security token. Please log in again. - /api/v1/opinions - GET - ::1[39m
2026-07-28 15:00:07:07 [31merror[39m: [31mJWT Verification Error: jwt expired[39m
2026-07-28 15:00:07:07 [31merror[39m: [31m401 - Invalid or expired security token. Please log in again. - /api/v1/memberships - GET - ::1[39m
2026-07-28 15:00:07:07 [31merror[39m: [31mJWT Verification Error: jwt expired[39m
2026-07-28 15:00:07:07 [31merror[39m: [31m401 - Invalid or expired security token. Please log in again. - /api/v1/acts - GET - ::1[39m
2026-07-28 15:00:07:07 [31merror[39m: [31mJWT Verification Error: jwt expired[39m
2026-07-28 15:00:07:07 [31merror[39m: [31m401 - Invalid or expired security token. Please log in again. - /api/v1/amendments - GET - ::1[39m
2026-07-28 15:00:07:07 [31merror[39m: [31mJWT Verification Error: jwt expired[39m
2026-07-28 15:00:07:07 [31merror[39m: [31m401 - Invalid or expired security token. Please log in again. - /api/v1/roles/modules - GET - ::1[39m
2026-07-28 15:00:07:07 [31merror[39m: [31mJWT Verification Error: jwt expired[39m
2026-07-28 15:00:07:07 [31merror[39m: [31m401 - Invalid or expired security token. Please log in again. - /api/v1/roles/roles - GET - ::1[39m
2026-07-28 15:00:08:08 [31merror[39m: [31mJWT Verification Error: jwt expired[39m
2026-07-28 15:00:08:08 [31merror[39m: [31m401 - Invalid or expired security token. Please log in again. - /api/v1/roles/roles - GET - ::1[39m
2026-07-28 15:00:08:08 [31merror[39m: [31mJWT Verification Error: jwt expired[39m
2026-07-28 15:00:08:08 [31merror[39m: [31m401 - Invalid or expired security token. Please log in again. - /api/v1/clients - GET - ::1[39m
2026-07-28 15:00:08:08 [31merror[39m: [31mJWT Verification Error: jwt expired[39m
2026-07-28 15:00:08:08 [31merror[39m: [31m401 - Invalid or expired security token. Please log in again. - /api/v1/advocates - GET - ::1[39m
2026-07-28 15:00:08:08 [31merror[39m: [31mJWT Verification Error: jwt expired[39m
2026-07-28 15:00:08:08 [31merror[39m: [31m401 - Invalid or expired security token. Please log in again. - /api/v1/diary - GET - ::1[39m
2026-07-28 15:00:08:08 [31merror[39m: [31mJWT Verification Error: jwt expired[39m
2026-07-28 15:00:08:08 [31merror[39m: [31m401 - Invalid or expired security token. Please log in again. - /api/v1/daybook - GET - ::1[39m
2026-07-28 15:00:08:08 [31merror[39m: [31mJWT Verification Error: jwt expired[39m
2026-07-28 15:00:08:08 [31merror[39m: [31m401 - Invalid or expired security token. Please log in again. - /api/v1/payments - GET - ::1[39m
2026-07-28 15:00:08:08 [31merror[39m: [31mJWT Verification Error: jwt expired[39m
2026-07-28 15:00:08:08 [31merror[39m: [31m401 - Invalid or expired security token. Please log in again. - /api/v1/alerts - GET - ::1[39m
2026-07-28 15:00:08:08 [31merror[39m: [31mJWT Verification Error: jwt expired[39m
2026-07-28 15:00:08:08 [31merror[39m: [31m401 - Invalid or expired security token. Please log in again. - /api/v1/lands - GET - ::1[39m
2026-07-28 15:00:08:08 [31merror[39m: [31mJWT Verification Error: jwt expired[39m
2026-07-28 15:00:08:08 [31merror[39m: [31m401 - Invalid or expired security token. Please log in again. - /api/v1/opinions - GET - ::1[39m
2026-07-28 15:00:09:09 [31merror[39m: [31mJWT Verification Error: jwt expired[39m
2026-07-28 15:00:09:09 [31merror[39m: [31m401 - Invalid or expired security token. Please log in again. - /api/v1/roles/modules - GET - ::1[39m
2026-07-28 15:00:09:09 [31merror[39m: [31mJWT Verification Error: jwt expired[39m
2026-07-28 15:00:09:09 [31merror[39m: [31m401 - Invalid or expired security token. Please log in again. - /api/v1/memberships - GET - ::1[39m
2026-07-28 15:00:09:09 [31merror[39m: [31mJWT Verification Error: jwt expired[39m
2026-07-28 15:00:09:09 [31merror[39m: [31m401 - Invalid or expired security token. Please log in again. - /api/v1/acts - GET - ::1[39m
2026-07-28 15:00:09:09 [31merror[39m: [31mJWT Verification Error: jwt expired[39m
2026-07-28 15:00:09:09 [31merror[39m: [31m401 - Invalid or expired security token. Please log in again. - /api/v1/amendments - GET - ::1[39m
2026-07-28 15:00:09:09 [31merror[39m: [31mJWT Verification Error: jwt expired[39m
2026-07-28 15:00:09:09 [31merror[39m: [31m401 - Invalid or expired security token. Please log in again. - /api/v1/roles/roles - GET - ::1[39m
2026-07-28 15:00:09:09 [31merror[39m: [31mJWT Verification Error: jwt expired[39m
2026-07-28 15:00:09:09 [31merror[39m: [31m401 - Invalid or expired security token. Please log in again. - /api/v1/roles/roles - GET - ::1[39m
2026-07-28 15:00:09:09 [31merror[39m: [31m403 - Access Denied: You do not have permission to perform this operation. - /api/v1/daybook - GET - ::1[39m
2026-07-28 15:00:10:010 [31merror[39m: [31m403 - Access Denied: You do not have permission to perform this operation. - /api/v1/daybook - GET - ::1[39m
2026-07-28 15:01:15:115 [32minfo[39m: [32mMySQL database connection established successfully.[39m
2026-07-28 15:01:15:115 [32minfo[39m: [32mAlert scanner scheduled daily at midnight (0 0 * * *).[39m
2026-07-28 15:01:15:115 [32minfo[39m: [32mServer successfully started on port 5000 in development mode.[39m
2026-07-28 15:01:17:117 [32minfo[39m: [32mMySQL database connection established successfully.[39m
2026-07-28 15:01:17:117 [32minfo[39m: [32mAlert scanner scheduled daily at midnight (0 0 * * *).[39m
2026-07-28 15:01:17:117 [32minfo[39m: [32mServer successfully started on port 5000 in development mode.[39m
2026-07-28 15:21:09:219 [31merror[39m: [31mJWT Verification Error: jwt expired[39m
2026-07-28 15:21:09:219 [31merror[39m: [31m401 - Invalid or expired security token. Please log in again. - /api/v1/dashboard - GET - ::1[39m
2026-07-28 15:21:10:2110 [31merror[39m: [31mJWT Verification Error: jwt expired[39m
2026-07-28 15:21:10:2110 [31merror[39m: [31m401 - Invalid or expired security token. Please log in again. - /api/v1/cases - GET - ::1[39m
2026-07-28 15:21:10:2110 [31merror[39m: [31mJWT Verification Error: jwt expired[39m
2026-07-28 15:21:10:2110 [31merror[39m: [31m401 - Invalid or expired security token. Please log in again. - /api/v1/clients - GET - ::1[39m
2026-07-28 15:21:10:2110 [31merror[39m: [31mJWT Verification Error: jwt expired[39m
2026-07-28 15:21:10:2110 [31merror[39m: [31m401 - Invalid or expired security token. Please log in again. - /api/v1/advocates - GET - ::1[39m
2026-07-28 15:21:10:2110 [31merror[39m: [31mJWT Verification Error: jwt expired[39m
2026-07-28 15:21:10:2110 [31merror[39m: [31m401 - Invalid or expired security token. Please log in again. - /api/v1/diary - GET - ::1[39m
2026-07-28 15:21:10:2110 [31merror[39m: [31mJWT Verification Error: jwt expired[39m
2026-07-28 15:21:10:2110 [31merror[39m: [31m401 - Invalid or expired security token. Please log in again. - /api/v1/daybook - GET - ::1[39m
2026-07-28 15:21:10:2110 [31merror[39m: [31mJWT Verification Error: jwt expired[39m
2026-07-28 15:21:10:2110 [31merror[39m: [31m401 - Invalid or expired security token. Please log in again. - /api/v1/payments - GET - ::1[39m
2026-07-28 15:21:10:2110 [31merror[39m: [31mJWT Verification Error: jwt expired[39m
2026-07-28 15:21:10:2110 [31merror[39m: [31m401 - Invalid or expired security token. Please log in again. - /api/v1/alerts - GET - ::1[39m
2026-07-28 15:21:10:2110 [31merror[39m: [31mJWT Verification Error: jwt expired[39m
2026-07-28 15:21:10:2110 [31merror[39m: [31m401 - Invalid or expired security token. Please log in again. - /api/v1/lands - GET - ::1[39m
2026-07-28 15:21:10:2110 [31merror[39m: [31mJWT Verification Error: jwt expired[39m
2026-07-28 15:21:10:2110 [31merror[39m: [31m401 - Invalid or expired security token. Please log in again. - /api/v1/opinions - GET - ::1[39m
2026-07-28 15:21:10:2110 [31merror[39m: [31mJWT Verification Error: jwt expired[39m
2026-07-28 15:21:10:2110 [31merror[39m: [31m401 - Invalid or expired security token. Please log in again. - /api/v1/memberships - GET - ::1[39m
2026-07-28 15:21:10:2110 [31merror[39m: [31mJWT Verification Error: jwt expired[39m
2026-07-28 15:21:10:2110 [31merror[39m: [31m401 - Invalid or expired security token. Please log in again. - /api/v1/acts - GET - ::1[39m
2026-07-28 15:21:10:2110 [31merror[39m: [31mJWT Verification Error: jwt expired[39m
2026-07-28 15:21:10:2110 [31merror[39m: [31m401 - Invalid or expired security token. Please log in again. - /api/v1/amendments - GET - ::1[39m
2026-07-28 15:21:10:2110 [31merror[39m: [31mJWT Verification Error: jwt expired[39m
2026-07-28 15:21:10:2110 [31merror[39m: [31m401 - Invalid or expired security token. Please log in again. - /api/v1/roles/roles - GET - ::1[39m
2026-07-28 15:21:10:2110 [31merror[39m: [31mJWT Verification Error: jwt expired[39m
2026-07-28 15:21:10:2110 [31merror[39m: [31m401 - Invalid or expired security token. Please log in again. - /api/v1/diary - GET - ::1[39m
2026-07-28 15:21:10:2110 [31merror[39m: [31mJWT Verification Error: jwt expired[39m
2026-07-28 15:21:10:2110 [31merror[39m: [31m401 - Invalid or expired security token. Please log in again. - /api/v1/cases - GET - ::1[39m
2026-07-28 15:21:10:2110 [31merror[39m: [31mJWT Verification Error: jwt expired[39m
2026-07-28 15:21:10:2110 [31merror[39m: [31m401 - Invalid or expired security token. Please log in again. - /api/v1/advocates - GET - ::1[39m
2026-07-28 15:21:10:2110 [31merror[39m: [31mJWT Verification Error: jwt expired[39m
2026-07-28 15:21:10:2110 [31merror[39m: [31m401 - Invalid or expired security token. Please log in again. - /api/v1/masters/courts?activeOnly=true - GET - ::1[39m
2026-07-28 15:21:10:2110 [31merror[39m: [31mJWT Verification Error: jwt expired[39m
2026-07-28 15:21:10:2110 [31merror[39m: [31m401 - Invalid or expired security token. Please log in again. - /api/v1/clients - GET - ::1[39m
2026-07-28 15:21:10:2110 [31merror[39m: [31mJWT Verification Error: jwt expired[39m
2026-07-28 15:21:10:2110 [31merror[39m: [31m401 - Invalid or expired security token. Please log in again. - /api/v1/daybook - GET - ::1[39m
2026-07-28 15:21:10:2110 [31merror[39m: [31mJWT Verification Error: jwt expired[39m
2026-07-28 15:21:11:2111 [31merror[39m: [31m401 - Invalid or expired security token. Please log in again. - /api/v1/payments - GET - ::1[39m
2026-07-28 15:21:11:2111 [31merror[39m: [31mJWT Verification Error: jwt expired[39m
2026-07-28 15:21:11:2111 [31merror[39m: [31m401 - Invalid or expired security token. Please log in again. - /api/v1/alerts - GET - ::1[39m
2026-07-28 15:21:11:2111 [31merror[39m: [31mJWT Verification Error: jwt expired[39m
2026-07-28 15:21:11:2111 [31merror[39m: [31m401 - Invalid or expired security token. Please log in again. - /api/v1/lands - GET - ::1[39m
2026-07-28 15:21:11:2111 [31merror[39m: [31mJWT Verification Error: jwt expired[39m
2026-07-28 15:21:11:2111 [31merror[39m: [31m401 - Invalid or expired security token. Please log in again. - /api/v1/cases - GET - ::1[39m
2026-07-28 15:21:11:2111 [31merror[39m: [31mJWT Verification Error: jwt expired[39m
2026-07-28 15:21:11:2111 [31merror[39m: [31m401 - Invalid or expired security token. Please log in again. - /api/v1/diary - GET - ::1[39m
2026-07-28 15:21:11:2111 [31merror[39m: [31mJWT Verification Error: jwt expired[39m
2026-07-28 15:21:11:2111 [31merror[39m: [31m401 - Invalid or expired security token. Please log in again. - /api/v1/advocates - GET - ::1[39m
2026-07-28 15:21:12:2112 [31merror[39m: [31mJWT Verification Error: jwt expired[39m
2026-07-28 15:21:12:2112 [31merror[39m: [31m401 - Invalid or expired security token. Please log in again. - /api/v1/opinions - GET - ::1[39m
2026-07-28 15:21:12:2112 [31merror[39m: [31mJWT Verification Error: jwt expired[39m
2026-07-28 15:21:12:2112 [31merror[39m: [31m401 - Invalid or expired security token. Please log in again. - /api/v1/memberships - GET - ::1[39m
2026-07-28 15:21:12:2112 [31merror[39m: [31mJWT Verification Error: jwt expired[39m
2026-07-28 15:21:12:2112 [31merror[39m: [31m401 - Invalid or expired security token. Please log in again. - /api/v1/acts - GET - ::1[39m
2026-07-28 15:21:12:2112 [31merror[39m: [31mJWT Verification Error: jwt expired[39m
2026-07-28 15:21:12:2112 [31merror[39m: [31m401 - Invalid or expired security token. Please log in again. - /api/v1/amendments - GET - ::1[39m
2026-07-28 15:21:12:2112 [31merror[39m: [31mJWT Verification Error: jwt expired[39m
2026-07-28 15:21:12:2112 [31merror[39m: [31m401 - Invalid or expired security token. Please log in again. - /api/v1/roles/roles - GET - ::1[39m
2026-07-28 15:21:12:2112 [31merror[39m: [31mJWT Verification Error: jwt expired[39m
2026-07-28 15:21:12:2112 [31merror[39m: [31m401 - Invalid or expired security token. Please log in again. - /api/v1/dashboard - GET - ::1[39m
2026-07-28 15:21:12:2112 [31merror[39m: [31mJWT Verification Error: jwt expired[39m
2026-07-28 15:21:12:2112 [31merror[39m: [31m401 - Invalid or expired security token. Please log in again. - /api/v1/cases - GET - ::1[39m
2026-07-28 15:21:12:2112 [31merror[39m: [31mJWT Verification Error: jwt expired[39m
2026-07-28 15:21:12:2112 [31merror[39m: [31m401 - Invalid or expired security token. Please log in again. - /api/v1/clients - GET - ::1[39m
2026-07-28 15:21:12:2112 [31merror[39m: [31mJWT Verification Error: jwt expired[39m
2026-07-28 15:21:12:2112 [31merror[39m: [31m401 - Invalid or expired security token. Please log in again. - /api/v1/advocates - GET - ::1[39m
2026-07-28 15:21:12:2112 [31merror[39m: [31mJWT Verification Error: jwt expired[39m
2026-07-28 15:21:12:2112 [31merror[39m: [31m401 - Invalid or expired security token. Please log in again. - /api/v1/diary - GET - ::1[39m
2026-07-28 15:21:12:2112 [31merror[39m: [31mJWT Verification Error: jwt expired[39m
2026-07-28 15:21:12:2112 [31merror[39m: [31m401 - Invalid or expired security token. Please log in again. - /api/v1/roles/modules - GET - ::1[39m
2026-07-28 15:21:12:2112 [31merror[39m: [31mJWT Verification Error: jwt expired[39m
2026-07-28 15:21:12:2112 [31merror[39m: [31m401 - Invalid or expired security token. Please log in again. - /api/v1/daybook - GET - ::1[39m
2026-07-28 15:21:12:2112 [31merror[39m: [31mJWT Verification Error: jwt expired[39m
2026-07-28 15:21:12:2112 [31merror[39m: [31m401 - Invalid or expired security token. Please log in again. - /api/v1/payments - GET - ::1[39m
2026-07-28 15:21:12:2112 [31merror[39m: [31mJWT Verification Error: jwt expired[39m
2026-07-28 15:21:12:2112 [31merror[39m: [31m401 - Invalid or expired security token. Please log in again. - /api/v1/alerts - GET - ::1[39m
2026-07-28 15:21:12:2112 [31merror[39m: [31mJWT Verification Error: jwt expired[39m
2026-07-28 15:21:12:2112 [31merror[39m: [31m401 - Invalid or expired security token. Please log in again. - /api/v1/lands - GET - ::1[39m
2026-07-28 15:21:12:2112 [31merror[39m: [31mJWT Verification Error: jwt expired[39m
2026-07-28 15:21:12:2112 [31merror[39m: [31m401 - Invalid or expired security token. Please log in again. - /api/v1/opinions - GET - ::1[39m
2026-07-28 15:21:12:2112 [31merror[39m: [31mJWT Verification Error: jwt expired[39m
2026-07-28 15:21:12:2112 [31merror[39m: [31m401 - Invalid or expired security token. Please log in again. - /api/v1/memberships - GET - ::1[39m
2026-07-28 15:21:12:2112 [31merror[39m: [31mJWT Verification Error: jwt expired[39m
2026-07-28 15:21:12:2112 [31merror[39m: [31m401 - Invalid or expired security token. Please log in again. - /api/v1/acts - GET - ::1[39m
2026-07-28 15:21:15:2115 [31merror[39m: [31mJWT Verification Error: jwt expired[39m
2026-07-28 15:21:15:2115 [31merror[39m: [31m401 - Invalid or expired security token. Please log in again. - /api/v1/roles/roles - GET - ::1[39m
2026-07-28 15:21:15:2115 [31merror[39m: [31mJWT Verification Error: jwt expired[39m
2026-07-28 15:21:15:2115 [31merror[39m: [31m401 - Invalid or expired security token. Please log in again. - /api/v1/roles/modules - GET - ::1[39m
2026-07-28 15:21:15:2115 [31merror[39m: [31mJWT Verification Error: jwt expired[39m
2026-07-28 15:21:15:2115 [31merror[39m: [31m401 - Invalid or expired security token. Please log in again. - /api/v1/roles/roles - GET - ::1[39m
2026-07-28 15:21:15:2115 [31merror[39m: [31mJWT Verification Error: jwt expired[39m
2026-07-28 15:21:15:2115 [31merror[39m: [31m401 - Invalid or expired security token. Please log in again. - /api/v1/amendments - GET - ::1[39m
2026-07-28 15:21:15:2115 [31merror[39m: [31mJWT Verification Error: jwt expired[39m
2026-07-28 15:21:15:2115 [31merror[39m: [31m401 - Invalid or expired security token. Please log in again. - /api/v1/roles/roles - GET - ::1[39m
2026-07-28 15:21:15:2115 [31merror[39m: [31mJWT Verification Error: jwt expired[39m
2026-07-28 15:21:15:2115 [31merror[39m: [31m401 - Invalid or expired security token. Please log in again. - /api/v1/roles/modules - GET - ::1[39m
2026-07-28 15:21:15:2115 [31merror[39m: [31mJWT Verification Error: jwt expired[39m
2026-07-28 15:21:15:2115 [31merror[39m: [31m401 - Invalid or expired security token. Please log in again. - /api/v1/diary - GET - ::1[39m
2026-07-28 15:21:15:2115 [31merror[39m: [31mJWT Verification Error: jwt expired[39m
2026-07-28 15:21:15:2115 [31merror[39m: [31m401 - Invalid or expired security token. Please log in again. - /api/v1/cases - GET - ::1[39m
2026-07-28 15:21:15:2115 [31merror[39m: [31mJWT Verification Error: jwt expired[39m
2026-07-28 15:21:15:2115 [31merror[39m: [31m401 - Invalid or expired security token. Please log in again. - /api/v1/advocates - GET - ::1[39m
2026-07-28 15:21:15:2115 [31merror[39m: [31mJWT Verification Error: jwt expired[39m
2026-07-28 15:21:15:2115 [31merror[39m: [31m401 - Invalid or expired security token. Please log in again. - /api/v1/masters/courts?activeOnly=true - GET - ::1[39m
2026-07-28 15:21:15:2115 [31merror[39m: [31mJWT Verification Error: jwt expired[39m
2026-07-28 15:21:15:2115 [31merror[39m: [31m401 - Invalid or expired security token. Please log in again. - /api/v1/roles/roles - GET - ::1[39m
2026-07-28 15:21:15:2115 [31merror[39m: [31mJWT Verification Error: jwt expired[39m
2026-07-28 15:21:15:2115 [31merror[39m: [31m401 - Invalid or expired security token. Please log in again. - /api/v1/cases - GET - ::1[39m
2026-07-28 15:21:15:2115 [31merror[39m: [31mJWT Verification Error: jwt expired[39m
2026-07-28 15:21:15:2115 [31merror[39m: [31m401 - Invalid or expired security token. Please log in again. - /api/v1/clients - GET - ::1[39m
2026-07-28 15:21:15:2115 [31merror[39m: [31mJWT Verification Error: jwt expired[39m
2026-07-28 15:21:15:2115 [31merror[39m: [31m401 - Invalid or expired security token. Please log in again. - /api/v1/advocates - GET - ::1[39m
2026-07-28 15:21:15:2115 [31merror[39m: [31mJWT Verification Error: jwt expired[39m
2026-07-28 15:21:15:2115 [31merror[39m: [31m401 - Invalid or expired security token. Please log in again. - /api/v1/diary - GET - ::1[39m
2026-07-28 15:21:15:2115 [31merror[39m: [31mJWT Verification Error: jwt expired[39m
2026-07-28 15:21:15:2115 [31merror[39m: [31m401 - Invalid or expired security token. Please log in again. - /api/v1/daybook - GET - ::1[39m
2026-07-28 15:21:15:2115 [31merror[39m: [31mJWT Verification Error: jwt expired[39m
2026-07-28 15:21:15:2115 [31merror[39m: [31m401 - Invalid or expired security token. Please log in again. - /api/v1/payments - GET - ::1[39m
2026-07-28 15:21:15:2115 [31merror[39m: [31mJWT Verification Error: jwt expired[39m
2026-07-28 15:21:15:2115 [31merror[39m: [31m401 - Invalid or expired security token. Please log in again. - /api/v1/alerts - GET - ::1[39m
2026-07-28 15:21:15:2115 [31merror[39m: [31mJWT Verification Error: jwt expired[39m
2026-07-28 15:21:15:2115 [31merror[39m: [31m401 - Invalid or expired security token. Please log in again. - /api/v1/lands - GET - ::1[39m
2026-07-28 15:21:16:2116 [31merror[39m: [31mJWT Verification Error: jwt expired[39m
2026-07-28 15:21:16:2116 [31merror[39m: [31m401 - Invalid or expired security token. Please log in again. - /api/v1/opinions - GET - ::1[39m
2026-07-28 15:21:17:2117 [31merror[39m: [31mJWT Verification Error: jwt expired[39m
2026-07-28 15:21:17:2117 [31merror[39m: [31m401 - Invalid or expired security token. Please log in again. - /api/v1/memberships - GET - ::1[39m
2026-07-28 15:21:17:2117 [31merror[39m: [31mJWT Verification Error: jwt expired[39m
2026-07-28 15:21:17:2117 [31merror[39m: [31m401 - Invalid or expired security token. Please log in again. - /api/v1/acts - GET - ::1[39m
2026-07-28 15:21:17:2117 [31merror[39m: [31mJWT Verification Error: jwt expired[39m
2026-07-28 15:21:17:2117 [31merror[39m: [31m401 - Invalid or expired security token. Please log in again. - /api/v1/roles/roles - GET - ::1[39m
2026-07-28 15:21:17:2117 [31merror[39m: [31mJWT Verification Error: jwt expired[39m
2026-07-28 15:21:17:2117 [31merror[39m: [31m401 - Invalid or expired security token. Please log in again. - /api/v1/roles/modules - GET - ::1[39m
2026-07-28 15:21:17:2117 [31merror[39m: [31mJWT Verification Error: jwt expired[39m
2026-07-28 15:21:17:2117 [31merror[39m: [31m401 - Invalid or expired security token. Please log in again. - /api/v1/amendments - GET - ::1[39m
2026-07-28 15:21:17:2117 [31merror[39m: [31mJWT Verification Error: jwt expired[39m
2026-07-28 15:21:17:2117 [31merror[39m: [31m401 - Invalid or expired security token. Please log in again. - /api/v1/roles/roles - GET - ::1[39m
2026-07-28 15:21:17:2117 [31merror[39m: [31m403 - Access Denied: You do not have permission to perform this operation. - /api/v1/daybook - GET - ::1[39m
2026-07-28 15:21:19:2119 [31merror[39m: [31m403 - Access Denied: You do not have permission to perform this operation. - /api/v1/daybook - GET - ::1[39m
2026-07-28 15:21:20:2120 [31merror[39m: [31mJWT Verification Error: jwt expired[39m
2026-07-28 15:21:20:2120 [31merror[39m: [31m401 - Invalid or expired security token. Please log in again. - /api/v1/cases - GET - ::1[39m
2026-07-28 15:21:20:2120 [31merror[39m: [31mJWT Verification Error: jwt expired[39m
2026-07-28 15:21:20:2120 [31merror[39m: [31m401 - Invalid or expired security token. Please log in again. - /api/v1/clients - GET - ::1[39m
2026-07-28 15:21:20:2120 [31merror[39m: [31mJWT Verification Error: jwt expired[39m
2026-07-28 15:21:20:2120 [31merror[39m: [31m401 - Invalid or expired security token. Please log in again. - /api/v1/advocates - GET - ::1[39m
2026-07-28 15:21:20:2120 [31merror[39m: [31mJWT Verification Error: jwt expired[39m
2026-07-28 15:21:20:2120 [31merror[39m: [31m401 - Invalid or expired security token. Please log in again. - /api/v1/masters/case-types?activeOnly=true - GET - ::1[39m
2026-07-28 15:21:20:2120 [31merror[39m: [31mJWT Verification Error: jwt expired[39m
2026-07-28 15:21:20:2120 [31merror[39m: [31m401 - Invalid or expired security token. Please log in again. - /api/v1/cases - GET - ::1[39m
2026-07-28 15:21:20:2120 [31merror[39m: [31mJWT Verification Error: jwt expired[39m
2026-07-28 15:21:20:2120 [31merror[39m: [31m401 - Invalid or expired security token. Please log in again. - /api/v1/masters/case-stages?activeOnly=true - GET - ::1[39m
2026-07-28 15:21:20:2120 [31merror[39m: [31mJWT Verification Error: jwt expired[39m
2026-07-28 15:21:20:2120 [31merror[39m: [31m401 - Invalid or expired security token. Please log in again. - /api/v1/masters/courts?activeOnly=true - GET - ::1[39m
2026-07-28 15:21:20:2120 [31merror[39m: [31mJWT Verification Error: jwt expired[39m
2026-07-28 15:21:20:2120 [31merror[39m: [31m401 - Invalid or expired security token. Please log in again. - /api/v1/clients - GET - ::1[39m
2026-07-28 15:21:20:2120 [31merror[39m: [31mJWT Verification Error: jwt expired[39m
2026-07-28 15:21:20:2120 [31merror[39m: [31m401 - Invalid or expired security token. Please log in again. - /api/v1/advocates - GET - ::1[39m
2026-07-28 15:21:20:2120 [31merror[39m: [31mJWT Verification Error: jwt expired[39m
2026-07-28 15:21:20:2120 [31merror[39m: [31m401 - Invalid or expired security token. Please log in again. - /api/v1/diary - GET - ::1[39m
2026-07-28 15:21:20:2120 [31merror[39m: [31mJWT Verification Error: jwt expired[39m
2026-07-28 15:21:20:2120 [31merror[39m: [31m401 - Invalid or expired security token. Please log in again. - /api/v1/daybook - GET - ::1[39m
2026-07-28 15:21:20:2120 [31merror[39m: [31mJWT Verification Error: jwt expired[39m
2026-07-28 15:21:20:2120 [31merror[39m: [31m401 - Invalid or expired security token. Please log in again. - /api/v1/payments - GET - ::1[39m
2026-07-28 15:21:20:2120 [31merror[39m: [31mJWT Verification Error: jwt expired[39m
2026-07-28 15:21:20:2120 [31merror[39m: [31m401 - Invalid or expired security token. Please log in again. - /api/v1/alerts - GET - ::1[39m
2026-07-28 15:21:20:2120 [31merror[39m: [31mJWT Verification Error: jwt expired[39m
2026-07-28 15:21:20:2120 [31merror[39m: [31m401 - Invalid or expired security token. Please log in again. - /api/v1/lands - GET - ::1[39m
2026-07-28 15:21:20:2120 [31merror[39m: [31mJWT Verification Error: jwt expired[39m
2026-07-28 15:21:20:2120 [31merror[39m: [31m401 - Invalid or expired security token. Please log in again. - /api/v1/amendments - GET - ::1[39m
2026-07-28 15:21:20:2120 [31merror[39m: [31mJWT Verification Error: jwt expired[39m
2026-07-28 15:21:20:2120 [31merror[39m: [31m401 - Invalid or expired security token. Please log in again. - /api/v1/opinions - GET - ::1[39m
2026-07-28 15:21:20:2120 [31merror[39m: [31mJWT Verification Error: jwt expired[39m
2026-07-28 15:21:20:2120 [31merror[39m: [31m401 - Invalid or expired security token. Please log in again. - /api/v1/memberships - GET - ::1[39m
2026-07-28 15:21:20:2120 [31merror[39m: [31mJWT Verification Error: jwt expired[39m
2026-07-28 15:21:20:2120 [31merror[39m: [31m401 - Invalid or expired security token. Please log in again. - /api/v1/acts - GET - ::1[39m
2026-07-28 15:21:20:2120 [31merror[39m: [31mJWT Verification Error: jwt expired[39m
2026-07-28 15:21:20:2120 [31merror[39m: [31m401 - Invalid or expired security token. Please log in again. - /api/v1/roles/roles - GET - ::1[39m
2026-07-28 15:21:20:2120 [31merror[39m: [31mJWT Verification Error: jwt expired[39m
2026-07-28 15:21:20:2120 [31merror[39m: [31m401 - Invalid or expired security token. Please log in again. - /api/v1/roles/roles - GET - ::1[39m
2026-07-28 15:21:20:2120 [31merror[39m: [31mJWT Verification Error: jwt expired[39m
2026-07-28 15:21:20:2120 [31merror[39m: [31m401 - Invalid or expired security token. Please log in again. - /api/v1/roles/modules - GET - ::1[39m
2026-07-28 15:21:20:2120 [31merror[39m: [31mJWT Verification Error: jwt expired[39m
2026-07-28 15:21:20:2120 [31merror[39m: [31m401 - Invalid or expired security token. Please log in again. - /api/v1/cases - GET - ::1[39m
2026-07-28 15:21:20:2120 [31merror[39m: [31mJWT Verification Error: jwt expired[39m
2026-07-28 15:21:20:2120 [31merror[39m: [31m401 - Invalid or expired security token. Please log in again. - /api/v1/clients - GET - ::1[39m
2026-07-28 15:21:20:2120 [31merror[39m: [31mJWT Verification Error: jwt expired[39m
2026-07-28 15:21:20:2120 [31merror[39m: [31m401 - Invalid or expired security token. Please log in again. - /api/v1/advocates - GET - ::1[39m
2026-07-28 15:21:20:2120 [31merror[39m: [31mJWT Verification Error: jwt expired[39m
2026-07-28 15:21:20:2120 [31merror[39m: [31m401 - Invalid or expired security token. Please log in again. - /api/v1/masters/case-types?activeOnly=true - GET - ::1[39m
2026-07-28 15:21:20:2120 [31merror[39m: [31mJWT Verification Error: jwt expired[39m
2026-07-28 15:21:20:2120 [31merror[39m: [31m401 - Invalid or expired security token. Please log in again. - /api/v1/masters/case-stages?activeOnly=true - GET - ::1[39m
2026-07-28 15:21:20:2120 [31merror[39m: [31mJWT Verification Error: jwt expired[39m
2026-07-28 15:21:20:2120 [31merror[39m: [31m401 - Invalid or expired security token. Please log in again. - /api/v1/masters/courts?activeOnly=true - GET - ::1[39m
2026-07-28 15:21:20:2120 [31merror[39m: [31mJWT Verification Error: jwt expired[39m
2026-07-28 15:21:20:2120 [31merror[39m: [31m401 - Invalid or expired security token. Please log in again. - /api/v1/cases - GET - ::1[39m
2026-07-28 15:21:20:2120 [31merror[39m: [31mJWT Verification Error: jwt expired[39m
2026-07-28 15:21:20:2120 [31merror[39m: [31m401 - Invalid or expired security token. Please log in again. - /api/v1/clients - GET - ::1[39m
2026-07-28 15:21:21:2121 [31merror[39m: [31mJWT Verification Error: jwt expired[39m
2026-07-28 15:21:21:2121 [31merror[39m: [31m401 - Invalid or expired security token. Please log in again. - /api/v1/advocates - GET - ::1[39m
2026-07-28 15:21:21:2121 [31merror[39m: [31mJWT Verification Error: jwt expired[39m
2026-07-28 15:21:21:2121 [31merror[39m: [31m401 - Invalid or expired security token. Please log in again. - /api/v1/diary - GET - ::1[39m
2026-07-28 15:21:21:2121 [31merror[39m: [31mJWT Verification Error: jwt expired[39m
2026-07-28 15:21:21:2121 [31merror[39m: [31m401 - Invalid or expired security token. Please log in again. - /api/v1/daybook - GET - ::1[39m
2026-07-28 15:21:21:2121 [31merror[39m: [31mJWT Verification Error: jwt expired[39m
2026-07-28 15:21:21:2121 [31merror[39m: [31m401 - Invalid or expired security token. Please log in again. - /api/v1/payments - GET - ::1[39m
2026-07-28 15:21:21:2121 [31merror[39m: [31mJWT Verification Error: jwt expired[39m
2026-07-28 15:21:21:2121 [31merror[39m: [31m401 - Invalid or expired security token. Please log in again. - /api/v1/alerts - GET - ::1[39m
2026-07-28 15:21:21:2121 [31merror[39m: [31mJWT Verification Error: jwt expired[39m
2026-07-28 15:21:21:2121 [31merror[39m: [31m401 - Invalid or expired security token. Please log in again. - /api/v1/lands - GET - ::1[39m
2026-07-28 15:21:21:2121 [31merror[39m: [31mJWT Verification Error: jwt expired[39m
2026-07-28 15:21:21:2121 [31merror[39m: [31m401 - Invalid or expired security token. Please log in again. - /api/v1/opinions - GET - ::1[39m
2026-07-28 15:21:21:2121 [31merror[39m: [31mJWT Verification Error: jwt expired[39m
2026-07-28 15:21:21:2121 [31merror[39m: [31m401 - Invalid or expired security token. Please log in again. - /api/v1/memberships - GET - ::1[39m
2026-07-28 15:21:21:2121 [31merror[39m: [31mJWT Verification Error: jwt expired[39m
2026-07-28 15:21:21:2121 [31merror[39m: [31m401 - Invalid or expired security token. Please log in again. - /api/v1/acts - GET - ::1[39m
2026-07-28 15:21:21:2121 [31merror[39m: [31mJWT Verification Error: jwt expired[39m
2026-07-28 15:21:21:2121 [31merror[39m: [31m401 - Invalid or expired security token. Please log in again. - /api/v1/amendments - GET - ::1[39m
2026-07-28 15:21:21:2121 [31merror[39m: [31mJWT Verification Error: jwt expired[39m
2026-07-28 15:21:21:2121 [31merror[39m: [31m401 - Invalid or expired security token. Please log in again. - /api/v1/roles/roles - GET - ::1[39m
2026-07-28 15:21:21:2121 [31merror[39m: [31mJWT Verification Error: jwt expired[39m
2026-07-28 15:21:21:2121 [31merror[39m: [31m401 - Invalid or expired security token. Please log in again. - /api/v1/roles/modules - GET - ::1[39m
2026-07-28 15:21:21:2121 [31merror[39m: [31mJWT Verification Error: jwt expired[39m
2026-07-28 15:21:21:2121 [31merror[39m: [31m401 - Invalid or expired security token. Please log in again. - /api/v1/roles/roles - GET - ::1[39m
2026-07-28 15:25:40:2540 [31merror[39m: [31m403 - Access Denied: You do not have permission to perform this operation. - /api/v1/daybook - GET - ::1[39m
2026-07-28 15:25:41:2541 [31merror[39m: [31m403 - Access Denied: You do not have permission to perform this operation. - /api/v1/daybook - GET - ::1[39m
2026-07-28 15:36:37:3637 [31merror[39m: [31mJWT Verification Error: jwt expired[39m
2026-07-28 15:36:37:3637 [31merror[39m: [31m401 - Invalid or expired security token. Please log in again. - /api/v1/dashboard - GET - ::1[39m
2026-07-28 15:36:37:3637 [31merror[39m: [31mJWT Verification Error: jwt expired[39m
2026-07-28 15:36:37:3637 [31merror[39m: [31m401 - Invalid or expired security token. Please log in again. - /api/v1/cases - GET - ::1[39m
2026-07-28 15:36:37:3637 [31merror[39m: [31mJWT Verification Error: jwt expired[39m
2026-07-28 15:36:37:3637 [31merror[39m: [31m401 - Invalid or expired security token. Please log in again. - /api/v1/clients - GET - ::1[39m
2026-07-28 15:36:39:3639 [31merror[39m: [31mJWT Verification Error: jwt expired[39m
2026-07-28 15:36:39:3639 [31merror[39m: [31m401 - Invalid or expired security token. Please log in again. - /api/v1/cases - GET - ::1[39m
2026-07-28 15:36:39:3639 [31merror[39m: [31mJWT Verification Error: jwt expired[39m
2026-07-28 15:36:39:3639 [31merror[39m: [31m401 - Invalid or expired security token. Please log in again. - /api/v1/diary - GET - ::1[39m
2026-07-28 15:36:39:3639 [31merror[39m: [31mJWT Verification Error: jwt expired[39m
2026-07-28 15:36:39:3639 [31merror[39m: [31m401 - Invalid or expired security token. Please log in again. - /api/v1/clients - GET - ::1[39m
2026-07-28 15:36:39:3639 [31merror[39m: [31mJWT Verification Error: jwt expired[39m
2026-07-28 15:36:39:3639 [31merror[39m: [31m401 - Invalid or expired security token. Please log in again. - /api/v1/advocates - GET - ::1[39m
2026-07-28 15:36:39:3639 [31merror[39m: [31mJWT Verification Error: jwt expired[39m
2026-07-28 15:36:39:3639 [31merror[39m: [31m401 - Invalid or expired security token. Please log in again. - /api/v1/masters/case-types?activeOnly=true - GET - ::1[39m
2026-07-28 15:36:40:3640 [31merror[39m: [31mJWT Verification Error: jwt expired[39m
2026-07-28 15:36:40:3640 [31merror[39m: [31m401 - Invalid or expired security token. Please log in again. - /api/v1/masters/case-stages?activeOnly=true - GET - ::1[39m
2026-07-28 15:36:40:3640 [31merror[39m: [31mJWT Verification Error: jwt expired[39m
2026-07-28 15:36:40:3640 [31merror[39m: [31m401 - Invalid or expired security token. Please log in again. - /api/v1/masters/courts?activeOnly=true - GET - ::1[39m
2026-07-28 15:36:40:3640 [31merror[39m: [31mJWT Verification Error: jwt expired[39m
2026-07-28 15:36:40:3640 [31merror[39m: [31m401 - Invalid or expired security token. Please log in again. - /api/v1/lands - GET - ::1[39m
2026-07-28 15:36:40:3640 [31merror[39m: [31mJWT Verification Error: jwt expired[39m
2026-07-28 15:36:40:3640 [31merror[39m: [31m401 - Invalid or expired security token. Please log in again. - /api/v1/memberships - GET - ::1[39m
2026-07-28 15:36:40:3640 [31merror[39m: [31mJWT Verification Error: jwt expired[39m
2026-07-28 15:36:40:3640 [31merror[39m: [31m401 - Invalid or expired security token. Please log in again. - /api/v1/daybook - GET - ::1[39m
2026-07-28 15:36:40:3640 [31merror[39m: [31mJWT Verification Error: jwt expired[39m
2026-07-28 15:36:40:3640 [31merror[39m: [31m401 - Invalid or expired security token. Please log in again. - /api/v1/payments - GET - ::1[39m
2026-07-28 15:36:40:3640 [31merror[39m: [31mJWT Verification Error: jwt expired[39m
2026-07-28 15:36:40:3640 [31merror[39m: [31m401 - Invalid or expired security token. Please log in again. - /api/v1/alerts - GET - ::1[39m
2026-07-28 15:36:40:3640 [31merror[39m: [31mJWT Verification Error: jwt expired[39m
2026-07-28 15:36:40:3640 [31merror[39m: [31m401 - Invalid or expired security token. Please log in again. - /api/v1/opinions - GET - ::1[39m
2026-07-28 15:36:40:3640 [31merror[39m: [31mJWT Verification Error: jwt expired[39m
2026-07-28 15:36:40:3640 [31merror[39m: [31m401 - Invalid or expired security token. Please log in again. - /api/v1/amendments - GET - ::1[39m
2026-07-28 15:36:40:3640 [31merror[39m: [31mJWT Verification Error: jwt expired[39m
2026-07-28 15:36:40:3640 [31merror[39m: [31m401 - Invalid or expired security token. Please log in again. - /api/v1/roles/modules - GET - ::1[39m
2026-07-28 15:36:40:3640 [31merror[39m: [31mJWT Verification Error: jwt expired[39m
2026-07-28 15:36:40:3640 [31merror[39m: [31m401 - Invalid or expired security token. Please log in again. - /api/v1/acts - GET - ::1[39m
2026-07-28 15:36:40:3640 [31merror[39m: [31mJWT Verification Error: jwt expired[39m
2026-07-28 15:36:40:3640 [31merror[39m: [31m401 - Invalid or expired security token. Please log in again. - /api/v1/roles/roles - GET - ::1[39m
2026-07-28 15:36:40:3640 [31merror[39m: [31mJWT Verification Error: jwt expired[39m
2026-07-28 15:36:40:3640 [31merror[39m: [31m401 - Invalid or expired security token. Please log in again. - /api/v1/cases - GET - ::1[39m
2026-07-28 15:36:40:3640 [31merror[39m: [31mJWT Verification Error: jwt expired[39m
2026-07-28 15:36:40:3640 [31merror[39m: [31m401 - Invalid or expired security token. Please log in again. - /api/v1/diary - GET - ::1[39m
2026-07-28 15:36:40:3640 [31merror[39m: [31mJWT Verification Error: jwt expired[39m
2026-07-28 15:36:40:3640 [31merror[39m: [31m401 - Invalid or expired security token. Please log in again. - /api/v1/clients - GET - ::1[39m
2026-07-28 15:36:40:3640 [31merror[39m: [31mJWT Verification Error: jwt expired[39m
2026-07-28 15:36:41:3641 [31merror[39m: [31m401 - Invalid or expired security token. Please log in again. - /api/v1/advocates - GET - ::1[39m
2026-07-28 15:36:41:3641 [31merror[39m: [31mJWT Verification Error: jwt expired[39m
2026-07-28 15:36:41:3641 [31merror[39m: [31m401 - Invalid or expired security token. Please log in again. - /api/v1/masters/case-types?activeOnly=true - GET - ::1[39m
2026-07-28 15:36:41:3641 [31merror[39m: [31mJWT Verification Error: jwt expired[39m
2026-07-28 15:36:41:3641 [31merror[39m: [31m401 - Invalid or expired security token. Please log in again. - /api/v1/masters/case-stages?activeOnly=true - GET - ::1[39m
2026-07-28 15:36:41:3641 [31merror[39m: [31mJWT Verification Error: jwt expired[39m
2026-07-28 15:36:41:3641 [31merror[39m: [31m401 - Invalid or expired security token. Please log in again. - /api/v1/daybook - GET - ::1[39m
2026-07-28 15:36:41:3641 [31merror[39m: [31mJWT Verification Error: jwt expired[39m
2026-07-28 15:36:41:3641 [31merror[39m: [31m401 - Invalid or expired security token. Please log in again. - /api/v1/payments - GET - ::1[39m
2026-07-28 15:36:41:3641 [31merror[39m: [31mJWT Verification Error: jwt expired[39m
2026-07-28 15:36:41:3641 [31merror[39m: [31m401 - Invalid or expired security token. Please log in again. - /api/v1/masters/courts?activeOnly=true - GET - ::1[39m
2026-07-28 15:36:41:3641 [31merror[39m: [31mJWT Verification Error: jwt expired[39m
2026-07-28 15:36:41:3641 [31merror[39m: [31m401 - Invalid or expired security token. Please log in again. - /api/v1/alerts - GET - ::1[39m
2026-07-28 15:36:41:3641 [31merror[39m: [31mJWT Verification Error: jwt expired[39m
2026-07-28 15:36:41:3641 [31merror[39m: [31m401 - Invalid or expired security token. Please log in again. - /api/v1/lands - GET - ::1[39m
2026-07-28 15:36:41:3641 [31merror[39m: [31mJWT Verification Error: jwt expired[39m
2026-07-28 15:36:41:3641 [31merror[39m: [31m401 - Invalid or expired security token. Please log in again. - /api/v1/memberships - GET - ::1[39m
2026-07-28 15:36:41:3641 [31merror[39m: [31mJWT Verification Error: jwt expired[39m
2026-07-28 15:36:41:3641 [31merror[39m: [31m401 - Invalid or expired security token. Please log in again. - /api/v1/roles/modules - GET - ::1[39m
2026-07-28 15:36:41:3641 [31merror[39m: [31mJWT Verification Error: jwt expired[39m
2026-07-28 15:36:41:3641 [31merror[39m: [31m401 - Invalid or expired security token. Please log in again. - /api/v1/opinions - GET - ::1[39m
2026-07-28 15:36:41:3641 [31merror[39m: [31mJWT Verification Error: jwt expired[39m
2026-07-28 15:36:41:3641 [31merror[39m: [31m401 - Invalid or expired security token. Please log in again. - /api/v1/roles/roles - GET - ::1[39m
2026-07-28 15:36:41:3641 [31merror[39m: [31mJWT Verification Error: jwt expired[39m
2026-07-28 15:36:41:3641 [31merror[39m: [31m401 - Invalid or expired security token. Please log in again. - /api/v1/acts - GET - ::1[39m
2026-07-28 15:36:41:3641 [31merror[39m: [31mJWT Verification Error: jwt expired[39m
2026-07-28 15:36:41:3641 [31merror[39m: [31m401 - Invalid or expired security token. Please log in again. - /api/v1/amendments - GET - ::1[39m
2026-07-28 15:36:41:3641 [31merror[39m: [31mJWT Verification Error: jwt expired[39m
2026-07-28 15:36:41:3641 [31merror[39m: [31m401 - Invalid or expired security token. Please log in again. - /api/v1/cases - GET - ::1[39m
2026-07-28 15:36:41:3641 [31merror[39m: [31mJWT Verification Error: jwt expired[39m
2026-07-28 15:36:41:3641 [31merror[39m: [31m401 - Invalid or expired security token. Please log in again. - /api/v1/diary - GET - ::1[39m
2026-07-28 15:36:41:3641 [31merror[39m: [31mJWT Verification Error: jwt expired[39m
2026-07-28 15:36:41:3641 [31merror[39m: [31m401 - Invalid or expired security token. Please log in again. - /api/v1/clients - GET - ::1[39m
2026-07-28 15:36:41:3641 [31merror[39m: [31mJWT Verification Error: jwt expired[39m
2026-07-28 15:36:42:3642 [31merror[39m: [31m401 - Invalid or expired security token. Please log in again. - /api/v1/advocates - GET - ::1[39m
2026-07-28 15:36:42:3642 [31merror[39m: [31mJWT Verification Error: jwt expired[39m
2026-07-28 15:36:42:3642 [31merror[39m: [31m401 - Invalid or expired security token. Please log in again. - /api/v1/daybook - GET - ::1[39m
2026-07-28 15:36:42:3642 [31merror[39m: [31mJWT Verification Error: jwt expired[39m
2026-07-28 15:36:42:3642 [31merror[39m: [31m401 - Invalid or expired security token. Please log in again. - /api/v1/masters/courts?activeOnly=true - GET - ::1[39m
2026-07-28 15:36:42:3642 [31merror[39m: [31mJWT Verification Error: jwt expired[39m
2026-07-28 15:36:42:3642 [31merror[39m: [31m401 - Invalid or expired security token. Please log in again. - /api/v1/payments - GET - ::1[39m
2026-07-28 15:36:42:3642 [31merror[39m: [31mJWT Verification Error: jwt expired[39m
2026-07-28 15:36:42:3642 [31merror[39m: [31m401 - Invalid or expired security token. Please log in again. - /api/v1/alerts - GET - ::1[39m
2026-07-28 15:36:42:3642 [31merror[39m: [31mJWT Verification Error: jwt expired[39m
2026-07-28 15:36:42:3642 [31merror[39m: [31m401 - Invalid or expired security token. Please log in again. - /api/v1/lands - GET - ::1[39m
2026-07-28 15:36:42:3642 [31merror[39m: [31mJWT Verification Error: jwt expired[39m
2026-07-28 15:36:42:3642 [31merror[39m: [31m401 - Invalid or expired security token. Please log in again. - /api/v1/memberships - GET - ::1[39m
2026-07-28 15:36:42:3642 [31merror[39m: [31mJWT Verification Error: jwt expired[39m
2026-07-28 15:36:42:3642 [31merror[39m: [31m401 - Invalid or expired security token. Please log in again. - /api/v1/roles/modules - GET - ::1[39m
2026-07-28 15:36:42:3642 [31merror[39m: [31mJWT Verification Error: jwt expired[39m
2026-07-28 15:36:42:3642 [31merror[39m: [31m401 - Invalid or expired security token. Please log in again. - /api/v1/opinions - GET - ::1[39m
2026-07-28 15:36:42:3642 [31merror[39m: [31mJWT Verification Error: jwt expired[39m
2026-07-28 15:36:42:3642 [31merror[39m: [31m401 - Invalid or expired security token. Please log in again. - /api/v1/roles/roles - GET - ::1[39m
2026-07-28 15:36:42:3642 [31merror[39m: [31mJWT Verification Error: jwt expired[39m
2026-07-28 15:36:42:3642 [31merror[39m: [31m401 - Invalid or expired security token. Please log in again. - /api/v1/cases - GET - ::1[39m
2026-07-28 15:36:42:3642 [31merror[39m: [31mJWT Verification Error: jwt expired[39m
2026-07-28 15:36:43:3643 [31merror[39m: [31m401 - Invalid or expired security token. Please log in again. - /api/v1/acts - GET - ::1[39m
2026-07-28 15:36:43:3643 [31merror[39m: [31mJWT Verification Error: jwt expired[39m
2026-07-28 15:36:43:3643 [31merror[39m: [31m401 - Invalid or expired security token. Please log in again. - /api/v1/amendments - GET - ::1[39m
2026-07-28 15:36:43:3643 [31merror[39m: [31mJWT Verification Error: jwt expired[39m
2026-07-28 15:36:43:3643 [31merror[39m: [31m401 - Invalid or expired security token. Please log in again. - /api/v1/advocates - GET - ::1[39m
2026-07-28 15:36:43:3643 [31merror[39m: [31mJWT Verification Error: jwt expired[39m
2026-07-28 15:36:43:3643 [31merror[39m: [31m401 - Invalid or expired security token. Please log in again. - /api/v1/diary - GET - ::1[39m
2026-07-28 15:36:43:3643 [31merror[39m: [31mJWT Verification Error: jwt expired[39m
2026-07-28 15:36:43:3643 [31merror[39m: [31m401 - Invalid or expired security token. Please log in again. - /api/v1/daybook - GET - ::1[39m
2026-07-28 15:36:43:3643 [31merror[39m: [31mJWT Verification Error: jwt expired[39m
2026-07-28 15:36:43:3643 [31merror[39m: [31m401 - Invalid or expired security token. Please log in again. - /api/v1/clients - GET - ::1[39m
2026-07-28 15:36:43:3643 [31merror[39m: [31mJWT Verification Error: jwt expired[39m
2026-07-28 15:36:43:3643 [31merror[39m: [31m401 - Invalid or expired security token. Please log in again. - /api/v1/masters/courts?activeOnly=true - GET - ::1[39m
2026-07-28 15:36:44:3644 [31merror[39m: [31mJWT Verification Error: jwt expired[39m
2026-07-28 15:36:44:3644 [31merror[39m: [31m401 - Invalid or expired security token. Please log in again. - /api/v1/payments - GET - ::1[39m
2026-07-28 15:36:44:3644 [31merror[39m: [31mJWT Verification Error: jwt expired[39m
2026-07-28 15:36:44:3644 [31merror[39m: [31m401 - Invalid or expired security token. Please log in again. - /api/v1/alerts - GET - ::1[39m
2026-07-28 15:36:44:3644 [31merror[39m: [31mJWT Verification Error: jwt expired[39m
2026-07-28 15:36:44:3644 [31merror[39m: [31m401 - Invalid or expired security token. Please log in again. - /api/v1/lands - GET - ::1[39m
2026-07-28 15:36:44:3644 [31merror[39m: [31mJWT Verification Error: jwt expired[39m
2026-07-28 15:36:44:3644 [31merror[39m: [31m401 - Invalid or expired security token. Please log in again. - /api/v1/memberships - GET - ::1[39m
2026-07-28 15:36:44:3644 [31merror[39m: [31mJWT Verification Error: jwt expired[39m
2026-07-28 15:36:44:3644 [31merror[39m: [31m401 - Invalid or expired security token. Please log in again. - /api/v1/roles/modules - GET - ::1[39m
2026-07-28 15:36:44:3644 [31merror[39m: [31mJWT Verification Error: jwt expired[39m
2026-07-28 15:36:44:3644 [31merror[39m: [31m401 - Invalid or expired security token. Please log in again. - /api/v1/opinions - GET - ::1[39m
2026-07-28 15:36:44:3644 [31merror[39m: [31mJWT Verification Error: jwt expired[39m
2026-07-28 15:36:44:3644 [31merror[39m: [31m401 - Invalid or expired security token. Please log in again. - /api/v1/roles/roles - GET - ::1[39m
2026-07-28 15:36:44:3644 [31merror[39m: [31mJWT Verification Error: jwt expired[39m
2026-07-28 15:36:44:3644 [31merror[39m: [31m401 - Invalid or expired security token. Please log in again. - /api/v1/cases - GET - ::1[39m
2026-07-28 15:36:44:3644 [31merror[39m: [31mJWT Verification Error: jwt expired[39m
2026-07-28 15:36:44:3644 [31merror[39m: [31m401 - Invalid or expired security token. Please log in again. - /api/v1/acts - GET - ::1[39m
2026-07-28 15:36:44:3644 [31merror[39m: [31mJWT Verification Error: jwt expired[39m
2026-07-28 15:36:44:3644 [31merror[39m: [31m401 - Invalid or expired security token. Please log in again. - /api/v1/advocates - GET - ::1[39m
2026-07-28 15:36:44:3644 [31merror[39m: [31mJWT Verification Error: jwt expired[39m
2026-07-28 15:36:44:3644 [31merror[39m: [31m401 - Invalid or expired security token. Please log in again. - /api/v1/amendments - GET - ::1[39m
2026-07-28 15:36:44:3644 [31merror[39m: [31mJWT Verification Error: jwt expired[39m
2026-07-28 15:36:44:3644 [31merror[39m: [31m401 - Invalid or expired security token. Please log in again. - /api/v1/diary - GET - ::1[39m
2026-07-28 15:36:44:3644 [31merror[39m: [31mJWT Verification Error: jwt expired[39m
2026-07-28 15:36:44:3644 [31merror[39m: [31m401 - Invalid or expired security token. Please log in again. - /api/v1/clients - GET - ::1[39m
2026-07-28 15:36:44:3644 [31merror[39m: [31mJWT Verification Error: jwt expired[39m
2026-07-28 15:36:44:3644 [31merror[39m: [31m401 - Invalid or expired security token. Please log in again. - /api/v1/masters/courts?activeOnly=true - GET - ::1[39m
2026-07-28 15:36:45:3645 [31merror[39m: [31mJWT Verification Error: jwt expired[39m
2026-07-28 15:36:45:3645 [31merror[39m: [31m401 - Invalid or expired security token. Please log in again. - /api/v1/roles/roles - GET - ::1[39m
2026-07-28 15:36:45:3645 [31merror[39m: [31mJWT Verification Error: jwt expired[39m
2026-07-28 15:36:45:3645 [31merror[39m: [31m401 - Invalid or expired security token. Please log in again. - /api/v1/cases - GET - ::1[39m
2026-07-28 15:36:45:3645 [31merror[39m: [31mJWT Verification Error: jwt expired[39m
2026-07-28 15:36:45:3645 [31merror[39m: [31m401 - Invalid or expired security token. Please log in again. - /api/v1/advocates - GET - ::1[39m
2026-07-28 15:36:45:3645 [31merror[39m: [31mJWT Verification Error: jwt expired[39m
2026-07-28 15:36:45:3645 [31merror[39m: [31m401 - Invalid or expired security token. Please log in again. - /api/v1/diary - GET - ::1[39m
2026-07-28 15:36:45:3645 [31merror[39m: [31mJWT Verification Error: jwt expired[39m
2026-07-28 15:36:45:3645 [31merror[39m: [31m401 - Invalid or expired security token. Please log in again. - /api/v1/clients - GET - ::1[39m
2026-07-28 15:36:45:3645 [31merror[39m: [31mJWT Verification Error: jwt expired[39m
2026-07-28 15:36:45:3645 [31merror[39m: [31m401 - Invalid or expired security token. Please log in again. - /api/v1/masters/courts?activeOnly=true - GET - ::1[39m
2026-07-28 15:36:45:3645 [31merror[39m: [31mJWT Verification Error: jwt expired[39m
2026-07-28 15:36:45:3645 [31merror[39m: [31m401 - Invalid or expired security token. Please log in again. - /api/v1/roles/roles - GET - ::1[39m
2026-07-28 15:36:46:3646 [31merror[39m: [31mJWT Verification Error: jwt expired[39m
2026-07-28 15:36:46:3646 [31merror[39m: [31m401 - Invalid or expired security token. Please log in again. - /api/v1/cases - GET - ::1[39m
2026-07-28 15:36:46:3646 [31merror[39m: [31mJWT Verification Error: jwt expired[39m
2026-07-28 15:36:46:3646 [31merror[39m: [31m401 - Invalid or expired security token. Please log in again. - /api/v1/advocates - GET - ::1[39m
2026-07-28 15:36:46:3646 [31merror[39m: [31mJWT Verification Error: jwt expired[39m
2026-07-28 15:36:46:3646 [31merror[39m: [31m401 - Invalid or expired security token. Please log in again. - /api/v1/diary - GET - ::1[39m
2026-07-28 15:36:46:3646 [31merror[39m: [31mJWT Verification Error: jwt expired[39m
2026-07-28 15:36:46:3646 [31merror[39m: [31m401 - Invalid or expired security token. Please log in again. - /api/v1/roles/roles - GET - ::1[39m
2026-07-28 15:36:46:3646 [31merror[39m: [31mJWT Verification Error: jwt expired[39m
2026-07-28 15:36:46:3646 [31merror[39m: [31m401 - Invalid or expired security token. Please log in again. - /api/v1/cases - GET - ::1[39m
2026-07-28 15:36:46:3646 [31merror[39m: [31mJWT Verification Error: jwt expired[39m
2026-07-28 15:36:46:3646 [31merror[39m: [31m401 - Invalid or expired security token. Please log in again. - /api/v1/advocates - GET - ::1[39m
2026-07-28 15:36:46:3646 [31merror[39m: [31mJWT Verification Error: jwt expired[39m
2026-07-28 15:36:46:3646 [31merror[39m: [31m401 - Invalid or expired security token. Please log in again. - /api/v1/diary - GET - ::1[39m
2026-07-28 15:36:46:3646 [31merror[39m: [31mJWT Verification Error: jwt expired[39m
2026-07-28 15:36:46:3646 [31merror[39m: [31m401 - Invalid or expired security token. Please log in again. - /api/v1/roles/roles - GET - ::1[39m
2026-07-28 15:36:46:3646 [31merror[39m: [31mJWT Verification Error: jwt expired[39m
2026-07-28 15:36:46:3646 [31merror[39m: [31m401 - Invalid or expired security token. Please log in again. - /api/v1/cases - GET - ::1[39m
2026-07-28 15:36:46:3646 [31merror[39m: [31mJWT Verification Error: jwt expired[39m
2026-07-28 15:36:46:3646 [31merror[39m: [31m401 - Invalid or expired security token. Please log in again. - /api/v1/advocates - GET - ::1[39m
2026-07-28 15:36:46:3646 [31merror[39m: [31mJWT Verification Error: jwt expired[39m
2026-07-28 15:36:46:3646 [31merror[39m: [31m401 - Invalid or expired security token. Please log in again. - /api/v1/advocates - GET - ::1[39m
2026-07-28 15:36:46:3646 [31merror[39m: [31mJWT Verification Error: jwt expired[39m
2026-07-28 15:36:46:3646 [31merror[39m: [31m401 - Invalid or expired security token. Please log in again. - /api/v1/cases - GET - ::1[39m
2026-07-28 15:36:46:3646 [31merror[39m: [31mJWT Verification Error: jwt expired[39m
2026-07-28 15:36:46:3646 [31merror[39m: [31m401 - Invalid or expired security token. Please log in again. - /api/v1/advocates - GET - ::1[39m
2026-07-28 15:36:46:3646 [31merror[39m: [31mJWT Verification Error: jwt expired[39m
2026-07-28 15:36:46:3646 [31merror[39m: [31m401 - Invalid or expired security token. Please log in again. - /api/v1/diary - GET - ::1[39m
2026-07-28 15:36:46:3646 [31merror[39m: [31mJWT Verification Error: jwt expired[39m
2026-07-28 15:36:46:3646 [31merror[39m: [31m401 - Invalid or expired security token. Please log in again. - /api/v1/daybook - GET - ::1[39m
2026-07-28 15:36:46:3646 [31merror[39m: [31mJWT Verification Error: jwt expired[39m
2026-07-28 15:36:46:3646 [31merror[39m: [31m401 - Invalid or expired security token. Please log in again. - /api/v1/payments - GET - ::1[39m
2026-07-28 15:36:46:3646 [31merror[39m: [31mJWT Verification Error: jwt expired[39m
2026-07-28 15:36:46:3646 [31merror[39m: [31m401 - Invalid or expired security token. Please log in again. - /api/v1/alerts - GET - ::1[39m
2026-07-28 15:36:46:3646 [31merror[39m: [31mJWT Verification Error: jwt expired[39m
2026-07-28 15:36:46:3646 [31merror[39m: [31m401 - Invalid or expired security token. Please log in again. - /api/v1/lands - GET - ::1[39m
2026-07-28 15:36:46:3646 [31merror[39m: [31mJWT Verification Error: jwt expired[39m
2026-07-28 15:36:46:3646 [31merror[39m: [31m401 - Invalid or expired security token. Please log in again. - /api/v1/opinions - GET - ::1[39m
2026-07-28 15:36:46:3646 [31merror[39m: [31mJWT Verification Error: jwt expired[39m
2026-07-28 15:36:46:3646 [31merror[39m: [31m401 - Invalid or expired security token. Please log in again. - /api/v1/memberships - GET - ::1[39m
2026-07-28 15:36:46:3646 [31merror[39m: [31mJWT Verification Error: jwt expired[39m
2026-07-28 15:36:46:3646 [31merror[39m: [31m401 - Invalid or expired security token. Please log in again. - /api/v1/acts - GET - ::1[39m
2026-07-28 15:36:46:3646 [31merror[39m: [31mJWT Verification Error: jwt expired[39m
2026-07-28 15:36:46:3646 [31merror[39m: [31m401 - Invalid or expired security token. Please log in again. - /api/v1/amendments - GET - ::1[39m
2026-07-28 15:36:46:3646 [31merror[39m: [31mJWT Verification Error: jwt expired[39m
2026-07-28 15:36:46:3646 [31merror[39m: [31m401 - Invalid or expired security token. Please log in again. - /api/v1/roles/roles - GET - ::1[39m
2026-07-28 15:36:46:3646 [31merror[39m: [31mJWT Verification Error: jwt expired[39m
2026-07-28 15:36:46:3646 [31merror[39m: [31m401 - Invalid or expired security token. Please log in again. - /api/v1/roles/modules - GET - ::1[39m
2026-07-28 15:36:49:3649 [31merror[39m: [31mJWT Verification Error: jwt expired[39m
2026-07-28 15:36:49:3649 [31merror[39m: [31m401 - Invalid or expired security token. Please log in again. - /api/v1/roles/roles - GET - ::1[39m
2026-07-28 15:36:49:3649 [31merror[39m: [31mJWT Verification Error: jwt expired[39m
2026-07-28 15:36:49:3649 [31merror[39m: [31m401 - Invalid or expired security token. Please log in again. - /api/v1/advocates - GET - ::1[39m
2026-07-28 15:36:49:3649 [31merror[39m: [31mJWT Verification Error: jwt expired[39m
2026-07-28 15:36:49:3649 [31merror[39m: [31m401 - Invalid or expired security token. Please log in again. - /api/v1/diary - GET - ::1[39m
2026-07-28 15:36:49:3649 [31merror[39m: [31mJWT Verification Error: jwt expired[39m
2026-07-28 15:36:49:3649 [31merror[39m: [31m401 - Invalid or expired security token. Please log in again. - /api/v1/dashboard - GET - ::1[39m
2026-07-28 15:36:49:3649 [31merror[39m: [31mJWT Verification Error: jwt expired[39m
2026-07-28 15:36:49:3649 [31merror[39m: [31m401 - Invalid or expired security token. Please log in again. - /api/v1/cases - GET - ::1[39m
2026-07-28 15:36:49:3649 [31merror[39m: [31mJWT Verification Error: jwt expired[39m
2026-07-28 15:36:49:3649 [31merror[39m: [31m401 - Invalid or expired security token. Please log in again. - /api/v1/clients - GET - ::1[39m
2026-07-28 15:36:52:3652 [31merror[39m: [31mJWT Verification Error: jwt expired[39m
2026-07-28 15:36:52:3652 [31merror[39m: [31m401 - Invalid or expired security token. Please log in again. - /api/v1/daybook - GET - ::1[39m
2026-07-28 15:36:52:3652 [31merror[39m: [31mJWT Verification Error: jwt expired[39m
2026-07-28 15:36:52:3652 [31merror[39m: [31m401 - Invalid or expired security token. Please log in again. - /api/v1/payments - GET - ::1[39m
2026-07-28 15:36:52:3652 [31merror[39m: [31mJWT Verification Error: jwt expired[39m
2026-07-28 15:36:52:3652 [31merror[39m: [31m401 - Invalid or expired security token. Please log in again. - /api/v1/alerts - GET - ::1[39m
2026-07-28 15:36:52:3652 [31merror[39m: [31mJWT Verification Error: jwt expired[39m
2026-07-28 15:36:52:3652 [31merror[39m: [31m401 - Invalid or expired security token. Please log in again. - /api/v1/lands - GET - ::1[39m
2026-07-28 15:36:53:3653 [31merror[39m: [31mJWT Verification Error: jwt expired[39m
2026-07-28 15:36:53:3653 [31merror[39m: [31m401 - Invalid or expired security token. Please log in again. - /api/v1/opinions - GET - ::1[39m
2026-07-28 15:36:53:3653 [31merror[39m: [31mJWT Verification Error: jwt expired[39m
2026-07-28 15:36:53:3653 [31merror[39m: [31m401 - Invalid or expired security token. Please log in again. - /api/v1/memberships - GET - ::1[39m
2026-07-28 15:36:53:3653 [31merror[39m: [31mJWT Verification Error: jwt expired[39m
2026-07-28 15:36:53:3653 [31merror[39m: [31m401 - Invalid or expired security token. Please log in again. - /api/v1/acts - GET - ::1[39m
2026-07-28 15:36:53:3653 [31merror[39m: [31mJWT Verification Error: jwt expired[39m
2026-07-28 15:36:53:3653 [31merror[39m: [31m401 - Invalid or expired security token. Please log in again. - /api/v1/amendments - GET - ::1[39m
2026-07-28 15:36:53:3653 [31merror[39m: [31mJWT Verification Error: jwt expired[39m
2026-07-28 15:36:53:3653 [31merror[39m: [31m401 - Invalid or expired security token. Please log in again. - /api/v1/roles/roles - GET - ::1[39m
2026-07-28 15:36:53:3653 [31merror[39m: [31mJWT Verification Error: jwt expired[39m
2026-07-28 15:36:53:3653 [31merror[39m: [31m401 - Invalid or expired security token. Please log in again. - /api/v1/roles/modules - GET - ::1[39m
2026-07-28 15:36:53:3653 [31merror[39m: [31mJWT Verification Error: jwt expired[39m
2026-07-28 15:36:53:3653 [31merror[39m: [31m401 - Invalid or expired security token. Please log in again. - /api/v1/roles/roles - GET - ::1[39m
2026-07-28 15:36:54:3654 [31merror[39m: [31m403 - Access Denied: You do not have permission to perform this operation. - /api/v1/daybook - GET - ::1[39m
2026-07-28 15:36:54:3654 [31merror[39m: [31m403 - Access Denied: You do not have permission to perform this operation. - /api/v1/daybook - GET - ::1[39m
2026-07-28 15:38:45:3845 [31merror[39m: [31m401 - Incorrect email or password - /api/v1/auth/login - POST - ::1[39m
2026-07-28 15:38:50:3850 [31merror[39m: [31m401 - Incorrect email or password - /api/v1/auth/login - POST - ::1[39m
2026-07-28 15:39:08:398 [31merror[39m: [31m401 - You are not logged in. Please sign in to access. - /api/v1/advocates - GET - ::1[39m
2026-07-28 15:39:08:398 [31merror[39m: [31m401 - You are not logged in. Please sign in to access. - /api/v1/cases - GET - ::1[39m
2026-07-28 15:39:08:398 [31merror[39m: [31m401 - You are not logged in. Please sign in to access. - /api/v1/advocates - GET - ::1[39m
2026-07-28 15:39:08:398 [31merror[39m: [31m401 - You are not logged in. Please sign in to access. - /api/v1/cases - GET - ::1[39m
2026-07-28 15:39:08:398 [31merror[39m: [31m401 - No refresh token provided - /api/v1/auth/refresh - POST - ::1[39m
2026-07-28 15:42:23:4223 [32minfo[39m: [32mMySQL database connection established successfully.[39m
2026-07-28 15:42:23:4223 [32minfo[39m: [32mAlert scanner scheduled daily at midnight (0 0 * * *).[39m
2026-07-28 15:42:23:4223 [32minfo[39m: [32mServer successfully started on port 5000 in development mode.[39m
2026-07-28 15:49:52:4952 [32minfo[39m: [32mShutting down server gracefully...[39m
2026-07-29 09:31:32:3132 [32minfo[39m: [32mMySQL database connection established successfully.[39m
2026-07-29 09:31:32:3132 [32minfo[39m: [32mAlert scanner scheduled daily at midnight (0 0 * * *).[39m
2026-07-29 09:31:32:3132 [32minfo[39m: [32mServer successfully started on port 5000 in development mode.[39m
2026-07-29 09:31:35:3135 [32minfo[39m: [32mMySQL database connection established successfully.[39m
2026-07-29 09:31:36:3136 [32minfo[39m: [32mAlert scanner scheduled daily at midnight (0 0 * * *).[39m
2026-07-29 09:31:36:3136 [32minfo[39m: [32mServer successfully started on port 5000 in development mode.[39m
2026-07-29 09:31:53:3153 [31merror[39m: [31mJWT Verification Error: jwt expired[39m
2026-07-29 09:31:53:3153 [31merror[39m: [31m401 - Invalid or expired security token. Please log in again. - /api/v1/dashboard - GET - ::1[39m
2026-07-29 09:31:53:3153 [31merror[39m: [31mJWT Verification Error: jwt expired[39m
2026-07-29 09:31:53:3153 [31merror[39m: [31m401 - Invalid or expired security token. Please log in again. - /api/v1/roles/roles/1 - GET - ::1[39m
2026-07-29 09:31:53:3153 [31merror[39m: [31mJWT Verification Error: jwt expired[39m
2026-07-29 09:31:53:3153 [31merror[39m: [31m401 - Invalid or expired security token. Please log in again. - /api/v1/roles/roles/2 - GET - ::1[39m
2026-07-29 09:31:53:3153 [31merror[39m: [31mJWT Verification Error: jwt expired[39m
2026-07-29 09:31:53:3153 [31merror[39m: [31m401 - Invalid or expired security token. Please log in again. - /api/v1/roles/roles/4 - GET - ::1[39m
2026-07-29 09:31:53:3153 [31merror[39m: [31mJWT Verification Error: jwt expired[39m
2026-07-29 09:31:53:3153 [31merror[39m: [31m401 - Invalid or expired security token. Please log in again. - /api/v1/roles/roles/3 - GET - ::1[39m
2026-07-29 09:31:53:3153 [31merror[39m: [31mJWT Verification Error: jwt expired[39m
2026-07-29 09:31:53:3153 [31merror[39m: [31m401 - Invalid or expired security token. Please log in again. - /api/v1/roles/roles/5 - GET - ::1[39m
2026-07-29 09:31:53:3153 [31merror[39m: [31mJWT Verification Error: jwt expired[39m
2026-07-29 09:31:53:3153 [31merror[39m: [31m401 - Invalid or expired security token. Please log in again. - /api/v1/dashboard - GET - ::1[39m
2026-07-29 09:31:53:3153 [31merror[39m: [31mJWT Verification Error: jwt expired[39m
2026-07-29 09:31:53:3153 [31merror[39m: [31m401 - Invalid or expired security token. Please log in again. - /api/v1/roles/roles/1 - GET - ::1[39m
2026-07-29 09:31:53:3153 [31merror[39m: [31mJWT Verification Error: jwt expired[39m
2026-07-29 09:31:53:3153 [31merror[39m: [31m401 - Invalid or expired security token. Please log in again. - /api/v1/roles/roles/2 - GET - ::1[39m
2026-07-29 09:31:53:3153 [31merror[39m: [31mJWT Verification Error: jwt expired[39m
2026-07-29 09:31:53:3153 [31merror[39m: [31m401 - Invalid or expired security token. Please log in again. - /api/v1/roles/roles/4 - GET - ::1[39m
2026-07-29 09:31:53:3153 [31merror[39m: [31mJWT Verification Error: jwt expired[39m
2026-07-29 09:31:53:3153 [31merror[39m: [31m401 - Invalid or expired security token. Please log in again. - /api/v1/roles/roles/3 - GET - ::1[39m
2026-07-29 09:31:53:3153 [31merror[39m: [31mJWT Verification Error: jwt expired[39m
2026-07-29 09:31:53:3153 [31merror[39m: [31m401 - Invalid or expired security token. Please log in again. - /api/v1/roles/roles/5 - GET - ::1[39m
2026-07-29 09:31:53:3153 [31merror[39m: [31mJWT Verification Error: jwt expired[39m
2026-07-29 09:31:53:3153 [31merror[39m: [31m401 - Invalid or expired security token. Please log in again. - /api/v1/roles/roles/1 - GET - ::1[39m
2026-07-29 09:31:53:3153 [31merror[39m: [31mJWT Verification Error: jwt expired[39m
2026-07-29 09:31:53:3153 [31merror[39m: [31m401 - Invalid or expired security token. Please log in again. - /api/v1/roles/roles/2 - GET - ::1[39m
2026-07-29 09:31:53:3153 [31merror[39m: [31mJWT Verification Error: jwt expired[39m
2026-07-29 09:31:53:3153 [31merror[39m: [31m401 - Invalid or expired security token. Please log in again. - /api/v1/roles/roles/4 - GET - ::1[39m
2026-07-29 09:31:53:3153 [31merror[39m: [31mJWT Verification Error: jwt expired[39m
2026-07-29 09:31:53:3153 [31merror[39m: [31m401 - Invalid or expired security token. Please log in again. - /api/v1/roles/roles/3 - GET - ::1[39m
2026-07-29 09:31:53:3153 [31merror[39m: [31mJWT Verification Error: jwt expired[39m
2026-07-29 09:31:53:3153 [31merror[39m: [31m401 - Invalid or expired security token. Please log in again. - /api/v1/roles/roles/5 - GET - ::1[39m
2026-07-29 09:31:53:3153 [31merror[39m: [31mJWT Verification Error: jwt expired[39m
2026-07-29 09:31:53:3153 [31merror[39m: [31m401 - Invalid or expired security token. Please log in again. - /api/v1/roles/roles/2 - GET - ::1[39m
2026-07-29 09:31:53:3153 [31merror[39m: [31mJWT Verification Error: jwt expired[39m
2026-07-29 09:31:53:3153 [31merror[39m: [31m401 - Invalid or expired security token. Please log in again. - /api/v1/roles/roles/3 - GET - ::1[39m
2026-07-29 09:31:53:3153 [31merror[39m: [31mJWT Verification Error: jwt expired[39m
2026-07-29 09:31:53:3153 [31merror[39m: [31m401 - Invalid or expired security token. Please log in again. - /api/v1/roles/roles/4 - GET - ::1[39m
2026-07-29 09:31:53:3153 [31merror[39m: [31mJWT Verification Error: jwt expired[39m
2026-07-29 09:31:53:3153 [31merror[39m: [31m401 - Invalid or expired security token. Please log in again. - /api/v1/roles/roles/1 - GET - ::1[39m
2026-07-29 09:31:53:3153 [31merror[39m: [31mJWT Verification Error: jwt expired[39m
2026-07-29 09:31:53:3153 [31merror[39m: [31m401 - Invalid or expired security token. Please log in again. - /api/v1/roles/roles/5 - GET - ::1[39m
2026-07-29 09:59:15:5915 [31merror[39m: [31mJWT Verification Error: jwt expired[39m
2026-07-29 09:59:15:5915 [31merror[39m: [31m401 - Invalid or expired security token. Please log in again. - /api/v1/cases - GET - ::1[39m
2026-07-29 09:59:15:5915 [31merror[39m: [31mJWT Verification Error: jwt expired[39m
2026-07-29 09:59:15:5915 [31merror[39m: [31m401 - Invalid or expired security token. Please log in again. - /api/v1/clients - GET - ::1[39m
2026-07-29 09:59:15:5915 [31merror[39m: [31mJWT Verification Error: jwt expired[39m
2026-07-29 09:59:15:5915 [31merror[39m: [31m401 - Invalid or expired security token. Please log in again. - /api/v1/cases - GET - ::1[39m
2026-07-29 09:59:15:5915 [31merror[39m: [31mJWT Verification Error: jwt expired[39m
2026-07-29 09:59:15:5915 [31merror[39m: [31m401 - Invalid or expired security token. Please log in again. - /api/v1/clients - GET - ::1[39m
2026-07-29 10:10:11:1011 [31merror[39m: [31mJWT Verification Error: jwt expired[39m
2026-07-29 10:10:11:1011 [31merror[39m: [31m401 - Invalid or expired security token. Please log in again. - /api/v1/dashboard - GET - ::1[39m
2026-07-29 10:10:11:1011 [31merror[39m: [31mJWT Verification Error: jwt expired[39m
2026-07-29 10:10:11:1011 [31merror[39m: [31m401 - Invalid or expired security token. Please log in again. - /api/v1/cases - GET - ::1[39m
2026-07-29 10:10:11:1011 [31merror[39m: [31mJWT Verification Error: jwt expired[39m
2026-07-29 10:10:11:1011 [31merror[39m: [31m401 - Invalid or expired security token. Please log in again. - /api/v1/clients - GET - ::1[39m
2026-07-29 10:10:11:1011 [31merror[39m: [31mJWT Verification Error: jwt expired[39m
2026-07-29 10:10:11:1011 [31merror[39m: [31m401 - Invalid or expired security token. Please log in again. - /api/v1/advocates - GET - ::1[39m
2026-07-29 10:10:11:1011 [31merror[39m: [31mJWT Verification Error: jwt expired[39m
2026-07-29 10:10:11:1011 [31merror[39m: [31m401 - Invalid or expired security token. Please log in again. - /api/v1/diary - GET - ::1[39m
2026-07-29 10:10:11:1011 [31merror[39m: [31mJWT Verification Error: jwt expired[39m
2026-07-29 10:10:11:1011 [31merror[39m: [31m401 - Invalid or expired security token. Please log in again. - /api/v1/daybook - GET - ::1[39m
2026-07-29 10:10:11:1011 [31merror[39m: [31mJWT Verification Error: jwt expired[39m
2026-07-29 10:10:11:1011 [31merror[39m: [31m401 - Invalid or expired security token. Please log in again. - /api/v1/payments - GET - ::1[39m
2026-07-29 10:10:11:1011 [31merror[39m: [31mJWT Verification Error: jwt expired[39m
2026-07-29 10:10:11:1011 [31merror[39m: [31m401 - Invalid or expired security token. Please log in again. - /api/v1/alerts - GET - ::1[39m
2026-07-29 10:10:11:1011 [31merror[39m: [31mJWT Verification Error: jwt expired[39m
2026-07-29 10:10:11:1011 [31merror[39m: [31m401 - Invalid or expired security token. Please log in again. - /api/v1/lands - GET - ::1[39m
2026-07-29 10:10:11:1011 [31merror[39m: [31mJWT Verification Error: jwt expired[39m
2026-07-29 10:10:11:1011 [31merror[39m: [31m401 - Invalid or expired security token. Please log in again. - /api/v1/opinions - GET - ::1[39m
2026-07-29 10:10:11:1011 [31merror[39m: [31mJWT Verification Error: jwt expired[39m
2026-07-29 10:10:11:1011 [31merror[39m: [31m401 - Invalid or expired security token. Please log in again. - /api/v1/memberships - GET - ::1[39m
2026-07-29 10:10:11:1011 [31merror[39m: [31mJWT Verification Error: jwt expired[39m
2026-07-29 10:10:11:1011 [31merror[39m: [31m401 - Invalid or expired security token. Please log in again. - /api/v1/acts - GET - ::1[39m
2026-07-29 10:10:11:1011 [31merror[39m: [31mJWT Verification Error: jwt expired[39m
2026-07-29 10:10:11:1011 [31merror[39m: [31m401 - Invalid or expired security token. Please log in again. - /api/v1/amendments - GET - ::1[39m
2026-07-29 10:10:11:1011 [31merror[39m: [31mJWT Verification Error: jwt expired[39m
2026-07-29 10:10:11:1011 [31merror[39m: [31m401 - Invalid or expired security token. Please log in again. - /api/v1/roles/roles - GET - ::1[39m
2026-07-29 10:10:11:1011 [31merror[39m: [31mJWT Verification Error: jwt expired[39m
2026-07-29 10:10:11:1011 [31merror[39m: [31m401 - Invalid or expired security token. Please log in again. - /api/v1/roles/modules - GET - ::1[39m
2026-07-29 10:10:11:1011 [31merror[39m: [31mJWT Verification Error: jwt expired[39m
2026-07-29 10:10:11:1011 [31merror[39m: [31m401 - Invalid or expired security token. Please log in again. - /api/v1/dashboard - GET - ::1[39m
2026-07-29 10:10:11:1011 [31merror[39m: [31mJWT Verification Error: jwt expired[39m
2026-07-29 10:10:11:1011 [31merror[39m: [31m401 - Invalid or expired security token. Please log in again. - /api/v1/daybook - GET - ::1[39m
2026-07-29 10:10:11:1011 [31merror[39m: [31mJWT Verification Error: jwt expired[39m
2026-07-29 10:10:11:1011 [31merror[39m: [31m401 - Invalid or expired security token. Please log in again. - /api/v1/cases - GET - ::1[39m
2026-07-29 10:10:11:1011 [31merror[39m: [31mJWT Verification Error: jwt expired[39m
2026-07-29 10:10:11:1011 [31merror[39m: [31m401 - Invalid or expired security token. Please log in again. - /api/v1/clients - GET - ::1[39m
2026-07-29 10:10:11:1011 [31merror[39m: [31mJWT Verification Error: jwt expired[39m
2026-07-29 10:10:12:1012 [31merror[39m: [31m401 - Invalid or expired security token. Please log in again. - /api/v1/advocates - GET - ::1[39m
2026-07-29 10:10:12:1012 [31merror[39m: [31mJWT Verification Error: jwt expired[39m
2026-07-29 10:10:12:1012 [31merror[39m: [31m401 - Invalid or expired security token. Please log in again. - /api/v1/diary - GET - ::1[39m
2026-07-29 10:10:12:1012 [31merror[39m: [31mJWT Verification Error: jwt expired[39m
2026-07-29 10:10:12:1012 [31merror[39m: [31m401 - Invalid or expired security token. Please log in again. - /api/v1/payments - GET - ::1[39m
2026-07-29 10:10:12:1012 [31merror[39m: [31mJWT Verification Error: jwt expired[39m
2026-07-29 10:10:12:1012 [31merror[39m: [31m401 - Invalid or expired security token. Please log in again. - /api/v1/alerts - GET - ::1[39m
2026-07-29 10:10:12:1012 [31merror[39m: [31mJWT Verification Error: jwt expired[39m
2026-07-29 10:10:12:1012 [31merror[39m: [31m401 - Invalid or expired security token. Please log in again. - /api/v1/lands - GET - ::1[39m
2026-07-29 10:10:12:1012 [31merror[39m: [31mJWT Verification Error: jwt expired[39m
2026-07-29 10:10:12:1012 [31merror[39m: [31m401 - Invalid or expired security token. Please log in again. - /api/v1/opinions - GET - ::1[39m
2026-07-29 10:10:12:1012 [31merror[39m: [31mJWT Verification Error: jwt expired[39m
2026-07-29 10:10:12:1012 [31merror[39m: [31m401 - Invalid or expired security token. Please log in again. - /api/v1/memberships - GET - ::1[39m
2026-07-29 10:10:12:1012 [31merror[39m: [31mJWT Verification Error: jwt expired[39m
2026-07-29 10:10:12:1012 [31merror[39m: [31m401 - Invalid or expired security token. Please log in again. - /api/v1/acts - GET - ::1[39m
2026-07-29 10:10:12:1012 [31merror[39m: [31mJWT Verification Error: jwt expired[39m
2026-07-29 10:10:12:1012 [31merror[39m: [31m401 - Invalid or expired security token. Please log in again. - /api/v1/roles/roles - GET - ::1[39m
2026-07-29 10:10:12:1012 [31merror[39m: [31mJWT Verification Error: jwt expired[39m
2026-07-29 10:10:12:1012 [31merror[39m: [31m401 - Invalid or expired security token. Please log in again. - /api/v1/amendments - GET - ::1[39m
2026-07-29 10:10:12:1012 [31merror[39m: [31mJWT Verification Error: jwt expired[39m
2026-07-29 10:10:12:1012 [31merror[39m: [31m401 - Invalid or expired security token. Please log in again. - /api/v1/roles/modules - GET - ::1[39m
2026-07-29 10:10:12:1012 [31merror[39m: [31mJWT Verification Error: jwt expired[39m
2026-07-29 10:10:12:1012 [31merror[39m: [31m401 - Invalid or expired security token. Please log in again. - /api/v1/roles/roles - GET - ::1[39m
2026-07-29 10:10:12:1012 [31merror[39m: [31mJWT Verification Error: jwt expired[39m
2026-07-29 10:10:12:1012 [31merror[39m: [31m401 - Invalid or expired security token. Please log in again. - /api/v1/roles/roles - GET - ::1[39m
2026-07-29 10:10:12:1012 [31merror[39m: [31m403 - Access Denied: You do not have permission to perform this operation. - /api/v1/daybook - GET - ::1[39m
2026-07-29 10:10:12:1012 [31merror[39m: [31m403 - Access Denied: You do not have permission to perform this operation. - /api/v1/daybook - GET - ::1[39m
2026-07-29 10:14:27:1427 [31merror[39m: [31m403 - Access Denied: You do not have permission to perform this operation. - /api/v1/advocates - GET - ::1[39m
2026-07-29 10:14:27:1427 [31merror[39m: [31m403 - Access Denied: You do not have permission to perform this operation. - /api/v1/payments - GET - ::1[39m
2026-07-29 10:14:27:1427 [31merror[39m: [31m403 - Access Denied: You do not have permission to perform this operation. - /api/v1/opinions - GET - ::1[39m
2026-07-29 10:14:27:1427 [31merror[39m: [31m403 - Access Denied: You do not have permission to perform this operation. - /api/v1/memberships - GET - ::1[39m
2026-07-29 10:14:29:1429 [31merror[39m: [31m403 - Access Denied: You do not have permission to perform this operation. - /api/v1/advocates - GET - ::1[39m
2026-07-29 10:14:29:1429 [31merror[39m: [31m403 - Access Denied: You do not have permission to perform this operation. - /api/v1/advocates - GET - ::1[39m
2026-07-29 10:22:44:2244 [31merror[39m: [31mJWT Verification Error: jwt expired[39m
2026-07-29 10:22:44:2244 [31merror[39m: [31m401 - Invalid or expired security token. Please log in again. - /api/v1/acts/1/pdf - GET - ::1[39m
2026-07-29 10:22:44:2244 [32minfo[39m: [32mStreaming real PDF file from disk for act: Bharatiya Nyaya Sanhita, 2023 at path: D:\THEJA\ADVOCATE MANAGEMENT SYSTEM\Backend\static\acts\BNS.pdf[39m
2026-07-29 10:23:03:233 [32minfo[39m: [32mStreaming real PDF file from disk for act: Bharatiya Nyaya Sanhita, 2023 at path: D:\THEJA\ADVOCATE MANAGEMENT SYSTEM\Backend\static\acts\BNS.pdf[39m
2026-07-29 10:23:04:234 [32minfo[39m: [32mStreaming real PDF file from disk for act: Bharatiya Nyaya Sanhita, 2023 at path: D:\THEJA\ADVOCATE MANAGEMENT SYSTEM\Backend\static\acts\BNS.pdf[39m
2026-07-29 10:36:45:3645 [32minfo[39m: [32mShutting down server gracefully...[39m
2026-07-29 10:47:57:4757 [32minfo[39m: [32mMySQL database connection established successfully.[39m
2026-07-29 10:47:57:4757 [32minfo[39m: [32mAlert scanner scheduled daily at midnight (0 0 * * *).[39m
2026-07-29 10:47:57:4757 [32minfo[39m: [32mServer successfully started on port 5000 in development mode.[39m
2026-07-29 10:47:58:4758 [32minfo[39m: [32mMySQL database connection established successfully.[39m
2026-07-29 10:47:58:4758 [32minfo[39m: [32mAlert scanner scheduled daily at midnight (0 0 * * *).[39m
2026-07-29 10:47:58:4758 [32minfo[39m: [32mServer successfully started on port 5000 in development mode.[39m
2026-07-29 10:48:06:486 [31merror[39m: [31mJWT Verification Error: jwt expired[39m
2026-07-29 10:48:06:486 [31merror[39m: [31m401 - Invalid or expired security token. Please log in again. - /api/v1/payments - GET - ::1[39m
2026-07-29 10:48:06:486 [31merror[39m: [31mJWT Verification Error: jwt expired[39m
2026-07-29 10:48:06:486 [31merror[39m: [31m401 - Invalid or expired security token. Please log in again. - /api/v1/cases - GET - ::1[39m
2026-07-29 10:48:06:486 [31merror[39m: [31mJWT Verification Error: jwt expired[39m
2026-07-29 10:48:06:486 [31merror[39m: [31m401 - Invalid or expired security token. Please log in again. - /api/v1/clients - GET - ::1[39m
2026-07-29 10:48:06:486 [31merror[39m: [31mJWT Verification Error: jwt expired[39m
2026-07-29 10:48:06:486 [31merror[39m: [31m401 - Invalid or expired security token. Please log in again. - /api/v1/advocates - GET - ::1[39m
2026-07-29 10:48:06:486 [31merror[39m: [31mJWT Verification Error: jwt expired[39m
2026-07-29 10:48:06:486 [31merror[39m: [31m401 - Invalid or expired security token. Please log in again. - /api/v1/diary - GET - ::1[39m
2026-07-29 10:48:06:486 [31merror[39m: [31mJWT Verification Error: jwt expired[39m
2026-07-29 10:48:06:486 [31merror[39m: [31m401 - Invalid or expired security token. Please log in again. - /api/v1/daybook - GET - ::1[39m
2026-07-29 10:48:06:486 [31merror[39m: [31mJWT Verification Error: jwt expired[39m
2026-07-29 10:48:06:486 [31merror[39m: [31m401 - Invalid or expired security token. Please log in again. - /api/v1/alerts - GET - ::1[39m
2026-07-29 10:48:06:486 [31merror[39m: [31mJWT Verification Error: jwt expired[39m
2026-07-29 10:48:06:486 [31merror[39m: [31m401 - Invalid or expired security token. Please log in again. - /api/v1/lands - GET - ::1[39m
2026-07-29 10:48:06:486 [31merror[39m: [31mJWT Verification Error: jwt expired[39m
2026-07-29 10:48:06:486 [31merror[39m: [31m401 - Invalid or expired security token. Please log in again. - /api/v1/opinions - GET - ::1[39m
2026-07-29 10:48:06:486 [31merror[39m: [31mJWT Verification Error: jwt expired[39m
2026-07-29 10:48:06:486 [31merror[39m: [31m401 - Invalid or expired security token. Please log in again. - /api/v1/memberships - GET - ::1[39m
2026-07-29 10:48:06:486 [31merror[39m: [31mJWT Verification Error: jwt expired[39m
2026-07-29 10:48:06:486 [31merror[39m: [31m401 - Invalid or expired security token. Please log in again. - /api/v1/acts - GET - ::1[39m
2026-07-29 10:48:06:486 [31merror[39m: [31mJWT Verification Error: jwt expired[39m
2026-07-29 10:48:06:486 [31merror[39m: [31m401 - Invalid or expired security token. Please log in again. - /api/v1/amendments - GET - ::1[39m
2026-07-29 10:48:06:486 [31merror[39m: [31mJWT Verification Error: jwt expired[39m
2026-07-29 10:48:06:486 [31merror[39m: [31m401 - Invalid or expired security token. Please log in again. - /api/v1/roles/roles - GET - ::1[39m
2026-07-29 10:48:06:486 [31merror[39m: [31mJWT Verification Error: jwt expired[39m
2026-07-29 10:48:06:486 [31merror[39m: [31m401 - Invalid or expired security token. Please log in again. - /api/v1/roles/modules - GET - ::1[39m
2026-07-29 10:48:06:486 [31merror[39m: [31mJWT Verification Error: jwt expired[39m
2026-07-29 10:48:06:486 [31merror[39m: [31m401 - Invalid or expired security token. Please log in again. - /api/v1/payments - GET - ::1[39m
2026-07-29 10:48:06:486 [31merror[39m: [31mJWT Verification Error: jwt expired[39m
2026-07-29 10:48:06:486 [31merror[39m: [31m401 - Invalid or expired security token. Please log in again. - /api/v1/cases - GET - ::1[39m
2026-07-29 10:48:06:486 [31merror[39m: [31mJWT Verification Error: jwt expired[39m
2026-07-29 10:48:06:486 [31merror[39m: [31m401 - Invalid or expired security token. Please log in again. - /api/v1/clients - GET - ::1[39m
2026-07-29 10:48:06:486 [31merror[39m: [31mJWT Verification Error: jwt expired[39m
2026-07-29 10:48:06:486 [31merror[39m: [31m401 - Invalid or expired security token. Please log in again. - /api/v1/advocates - GET - ::1[39m
2026-07-29 10:48:06:486 [31merror[39m: [31mJWT Verification Error: jwt expired[39m
2026-07-29 10:48:06:486 [31merror[39m: [31m401 - Invalid or expired security token. Please log in again. - /api/v1/diary - GET - ::1[39m
2026-07-29 10:48:06:486 [31merror[39m: [31mJWT Verification Error: jwt expired[39m
2026-07-29 10:48:06:486 [31merror[39m: [31m401 - Invalid or expired security token. Please log in again. - /api/v1/daybook - GET - ::1[39m
2026-07-29 10:48:06:486 [31merror[39m: [31mJWT Verification Error: jwt expired[39m
2026-07-29 10:48:06:486 [31merror[39m: [31m401 - Invalid or expired security token. Please log in again. - /api/v1/alerts - GET - ::1[39m
2026-07-29 10:48:06:486 [31merror[39m: [31mJWT Verification Error: jwt expired[39m
2026-07-29 10:48:06:486 [31merror[39m: [31m401 - Invalid or expired security token. Please log in again. - /api/v1/lands - GET - ::1[39m
2026-07-29 10:48:06:486 [31merror[39m: [31mJWT Verification Error: jwt expired[39m
2026-07-29 10:48:06:486 [31merror[39m: [31m401 - Invalid or expired security token. Please log in again. - /api/v1/opinions - GET - ::1[39m
2026-07-29 10:48:06:486 [31merror[39m: [31mJWT Verification Error: jwt expired[39m
2026-07-29 10:48:06:486 [31merror[39m: [31m401 - Invalid or expired security token. Please log in again. - /api/v1/acts - GET - ::1[39m
2026-07-29 10:48:06:486 [31merror[39m: [31mJWT Verification Error: jwt expired[39m
2026-07-29 10:48:06:486 [31merror[39m: [31m401 - Invalid or expired security token. Please log in again. - /api/v1/amendments - GET - ::1[39m
2026-07-29 10:48:06:486 [31merror[39m: [31mJWT Verification Error: jwt expired[39m
2026-07-29 10:48:06:486 [31merror[39m: [31m401 - Invalid or expired security token. Please log in again. - /api/v1/memberships - GET - ::1[39m
2026-07-29 10:48:06:486 [31merror[39m: [31mJWT Verification Error: jwt expired[39m
2026-07-29 10:48:06:486 [31merror[39m: [31m401 - Invalid or expired security token. Please log in again. - /api/v1/roles/roles - GET - ::1[39m
2026-07-29 10:48:06:486 [31merror[39m: [31mJWT Verification Error: jwt expired[39m
2026-07-29 10:48:06:486 [31merror[39m: [31m401 - Invalid or expired security token. Please log in again. - /api/v1/payments - GET - ::1[39m
2026-07-29 10:48:06:486 [31merror[39m: [31mJWT Verification Error: jwt expired[39m
2026-07-29 10:48:06:486 [31merror[39m: [31m401 - Invalid or expired security token. Please log in again. - /api/v1/roles/modules - GET - ::1[39m
2026-07-29 10:48:06:486 [31merror[39m: [31mJWT Verification Error: jwt expired[39m
2026-07-29 10:48:06:486 [31merror[39m: [31m401 - Invalid or expired security token. Please log in again. - /api/v1/cases - GET - ::1[39m
2026-07-29 10:48:06:486 [31merror[39m: [31mJWT Verification Error: jwt expired[39m
2026-07-29 10:48:06:486 [31merror[39m: [31m401 - Invalid or expired security token. Please log in again. - /api/v1/clients - GET - ::1[39m
2026-07-29 10:48:06:486 [31merror[39m: [31mJWT Verification Error: jwt expired[39m
2026-07-29 10:48:06:486 [31merror[39m: [31m401 - Invalid or expired security token. Please log in again. - /api/v1/advocates - GET - ::1[39m
2026-07-29 10:48:06:486 [31merror[39m: [31mJWT Verification Error: jwt expired[39m
2026-07-29 10:48:06:486 [31merror[39m: [31m401 - Invalid or expired security token. Please log in again. - /api/v1/roles/roles - GET - ::1[39m
2026-07-29 10:48:06:486 [31merror[39m: [31mJWT Verification Error: jwt expired[39m
2026-07-29 10:48:06:486 [31merror[39m: [31m401 - Invalid or expired security token. Please log in again. - /api/v1/payments - GET - ::1[39m
2026-07-29 10:48:07:487 [31merror[39m: [31mJWT Verification Error: jwt expired[39m
2026-07-29 10:48:07:487 [31merror[39m: [31m401 - Invalid or expired security token. Please log in again. - /api/v1/cases - GET - ::1[39m
2026-07-29 10:48:07:487 [31merror[39m: [31mJWT Verification Error: jwt expired[39m
2026-07-29 10:48:07:487 [31merror[39m: [31m401 - Invalid or expired security token. Please log in again. - /api/v1/clients - GET - ::1[39m
2026-07-29 10:48:07:487 [31merror[39m: [31mJWT Verification Error: jwt expired[39m
2026-07-29 10:48:07:487 [31merror[39m: [31m401 - Invalid or expired security token. Please log in again. - /api/v1/advocates - GET - ::1[39m
2026-07-29 10:48:07:487 [31merror[39m: [31mJWT Verification Error: jwt expired[39m
2026-07-29 10:48:07:487 [31merror[39m: [31m401 - Invalid or expired security token. Please log in again. - /api/v1/roles/roles - GET - ::1[39m
2026-07-29 11:15:34:1534 [31merror[39m: [31mJWT Verification Error: jwt expired[39m
2026-07-29 11:15:34:1534 [31merror[39m: [31m401 - Invalid or expired security token. Please log in again. - /api/v1/masters/case-stages - POST - ::1[39m
2026-07-29 11:25:28:2528 [32minfo[39m: [32mShutting down server gracefully...[39m
2026-07-29 11:27:56:2756 [32minfo[39m: [32mMySQL database connection established successfully.[39m
2026-07-29 11:27:56:2756 [32minfo[39m: [32mAlert scanner scheduled daily at midnight (0 0 * * *).[39m
2026-07-29 11:27:56:2756 [32minfo[39m: [32mServer successfully started on port 5000 in development mode.[39m
2026-07-29 11:31:41:3141 [31merror[39m: [31mJWT Verification Error: jwt expired[39m
2026-07-29 11:31:41:3141 [31merror[39m: [31m401 - Invalid or expired security token. Please log in again. - /api/v1/payments - GET - ::1[39m
2026-07-29 11:31:41:3141 [31merror[39m: [31mJWT Verification Error: jwt expired[39m
2026-07-29 11:31:41:3141 [31merror[39m: [31m401 - Invalid or expired security token. Please log in again. - /api/v1/cases - GET - ::1[39m
2026-07-29 11:31:41:3141 [31merror[39m: [31mJWT Verification Error: jwt expired[39m
2026-07-29 11:31:41:3141 [31merror[39m: [31m401 - Invalid or expired security token. Please log in again. - /api/v1/clients - GET - ::1[39m
2026-07-29 11:31:41:3141 [31merror[39m: [31mJWT Verification Error: jwt expired[39m
2026-07-29 11:31:41:3141 [31merror[39m: [31m401 - Invalid or expired security token. Please log in again. - /api/v1/advocates - GET - ::1[39m
2026-07-29 11:43:24:4324 [32minfo[39m: [32mMySQL database connection established successfully.[39m
2026-07-29 11:43:24:4324 [32minfo[39m: [32mAlert scanner scheduled daily at midnight (0 0 * * *).[39m
2026-07-29 11:43:24:4324 [32minfo[39m: [32mServer successfully started on port 5000 in development mode.[39m
2026-07-29 11:43:27:4327 [32minfo[39m: [32mMySQL database connection established successfully.[39m
2026-07-29 11:43:27:4327 [32minfo[39m: [32mAlert scanner scheduled daily at midnight (0 0 * * *).[39m
2026-07-29 11:43:27:4327 [32minfo[39m: [32mServer successfully started on port 5000 in development mode.[39m
2026-07-29 11:43:29:4329 [32minfo[39m: [32mMySQL database connection established successfully.[39m
2026-07-29 11:43:29:4329 [32minfo[39m: [32mAlert scanner scheduled daily at midnight (0 0 * * *).[39m
2026-07-29 11:43:29:4329 [32minfo[39m: [32mServer successfully started on port 5000 in development mode.[39m
2026-07-29 11:43:32:4332 [32minfo[39m: [32mMySQL database connection established successfully.[39m
2026-07-29 11:43:33:4333 [32minfo[39m: [32mAlert scanner scheduled daily at midnight (0 0 * * *).[39m
2026-07-29 11:43:33:4333 [32minfo[39m: [32mServer successfully started on port 5000 in development mode.[39m
2026-07-29 11:47:20:4720 [32minfo[39m: [32mMySQL database connection established successfully.[39m
2026-07-29 11:47:20:4720 [32minfo[39m: [32mAlert scanner scheduled daily at midnight (0 0 * * *).[39m
2026-07-29 11:47:20:4720 [32minfo[39m: [32mServer successfully started on port 5000 in development mode.[39m
2026-07-29 11:47:27:4727 [32minfo[39m: [32mMySQL database connection established successfully.[39m
2026-07-29 11:47:27:4727 [32minfo[39m: [32mAlert scanner scheduled daily at midnight (0 0 * * *).[39m
2026-07-29 11:47:27:4727 [32minfo[39m: [32mServer successfully started on port 5000 in development mode.[39m
2026-07-29 11:47:40:4740 [32minfo[39m: [32mMySQL database connection established successfully.[39m
2026-07-29 11:47:40:4740 [32minfo[39m: [32mAlert scanner scheduled daily at midnight (0 0 * * *).[39m
2026-07-29 11:47:40:4740 [32minfo[39m: [32mServer successfully started on port 5000 in development mode.[39m
2026-07-29 11:47:46:4746 [32minfo[39m: [32mMySQL database connection established successfully.[39m
2026-07-29 11:47:47:4747 [32minfo[39m: [32mSynced Task table.[39m
2026-07-29 11:47:47:4747 [32minfo[39m: [32mAlert scanner scheduled daily at midnight (0 0 * * *).[39m
2026-07-29 11:47:47:4747 [32minfo[39m: [32mServer successfully started on port 5000 in development mode.[39m
2026-07-29 11:48:11:4811 [32minfo[39m: [32mMySQL database connection established successfully.[39m
2026-07-29 11:48:11:4811 [32minfo[39m: [32mSynced Task table.[39m
2026-07-29 11:48:11:4811 [32minfo[39m: [32mAlert scanner scheduled daily at midnight (0 0 * * *).[39m
2026-07-29 11:48:11:4811 [32minfo[39m: [32mServer successfully started on port 5000 in development mode.[39m
2026-07-29 11:48:13:4813 [32minfo[39m: [32mMySQL database connection established successfully.[39m
2026-07-29 11:48:13:4813 [32minfo[39m: [32mSynced Task table.[39m
2026-07-29 11:48:13:4813 [32minfo[39m: [32mAlert scanner scheduled daily at midnight (0 0 * * *).[39m
2026-07-29 11:48:13:4813 [32minfo[39m: [32mServer successfully started on port 5000 in development mode.[39m
2026-07-29 11:48:50:4850 [31merror[39m: [31mJWT Verification Error: jwt expired[39m
2026-07-29 11:48:50:4850 [31merror[39m: [31m401 - Invalid or expired security token. Please log in again. - /api/v1/cases - GET - ::1[39m
2026-07-29 11:48:50:4850 [31merror[39m: [31mJWT Verification Error: jwt expired[39m
2026-07-29 11:48:50:4850 [31merror[39m: [31m401 - Invalid or expired security token. Please log in again. - /api/v1/clients - GET - ::1[39m
2026-07-29 11:48:50:4850 [31merror[39m: [31mJWT Verification Error: jwt expired[39m
2026-07-29 11:48:50:4850 [31merror[39m: [31m401 - Invalid or expired security token. Please log in again. - /api/v1/alerts - GET - ::1[39m
2026-07-29 11:48:50:4850 [31merror[39m: [31mJWT Verification Error: jwt expired[39m
2026-07-29 11:48:50:4850 [31merror[39m: [31m401 - Invalid or expired security token. Please log in again. - /api/v1/advocates - GET - ::1[39m
2026-07-29 11:48:50:4850 [31merror[39m: [31mJWT Verification Error: jwt expired[39m
2026-07-29 11:48:50:4850 [31merror[39m: [31m401 - Invalid or expired security token. Please log in again. - /api/v1/diary - GET - ::1[39m
2026-07-29 11:48:50:4850 [31merror[39m: [31mJWT Verification Error: jwt expired[39m
2026-07-29 11:48:50:4850 [31merror[39m: [31m401 - Invalid or expired security token. Please log in again. - /api/v1/daybook - GET - ::1[39m
2026-07-29 11:48:50:4850 [31merror[39m: [31mJWT Verification Error: jwt expired[39m
2026-07-29 11:48:50:4850 [31merror[39m: [31m401 - Invalid or expired security token. Please log in again. - /api/v1/payments - GET - ::1[39m
2026-07-29 11:48:50:4850 [31merror[39m: [31mJWT Verification Error: jwt expired[39m
2026-07-29 11:48:50:4850 [31merror[39m: [31m401 - Invalid or expired security token. Please log in again. - /api/v1/lands - GET - ::1[39m
2026-07-29 11:48:50:4850 [31merror[39m: [31mJWT Verification Error: jwt expired[39m
2026-07-29 11:48:50:4850 [31merror[39m: [31m401 - Invalid or expired security token. Please log in again. - /api/v1/opinions - GET - ::1[39m
2026-07-29 11:48:50:4850 [31merror[39m: [31mJWT Verification Error: jwt expired[39m
2026-07-29 11:48:50:4850 [31merror[39m: [31m401 - Invalid or expired security token. Please log in again. - /api/v1/memberships - GET - ::1[39m
2026-07-29 11:48:50:4850 [31merror[39m: [31mJWT Verification Error: jwt expired[39m
2026-07-29 11:48:50:4850 [31merror[39m: [31m401 - Invalid or expired security token. Please log in again. - /api/v1/acts - GET - ::1[39m
2026-07-29 11:48:50:4850 [31merror[39m: [31mJWT Verification Error: jwt expired[39m
2026-07-29 11:48:50:4850 [31merror[39m: [31m401 - Invalid or expired security token. Please log in again. - /api/v1/amendments - GET - ::1[39m
2026-07-29 11:48:50:4850 [31merror[39m: [31mJWT Verification Error: jwt expired[39m
2026-07-29 11:48:50:4850 [31merror[39m: [31m401 - Invalid or expired security token. Please log in again. - /api/v1/roles/roles - GET - ::1[39m
2026-07-29 11:48:50:4850 [31merror[39m: [31mJWT Verification Error: jwt expired[39m
2026-07-29 11:48:50:4850 [31merror[39m: [31m401 - Invalid or expired security token. Please log in again. - /api/v1/roles/modules - GET - ::1[39m
2026-07-29 11:48:50:4850 [31merror[39m: [31mJWT Verification Error: jwt expired[39m
2026-07-29 11:48:50:4850 [31merror[39m: [31m401 - Invalid or expired security token. Please log in again. - /api/v1/cases - GET - ::1[39m
2026-07-29 11:48:50:4850 [31merror[39m: [31mJWT Verification Error: jwt expired[39m
2026-07-29 11:48:50:4850 [31merror[39m: [31m401 - Invalid or expired security token. Please log in again. - /api/v1/alerts - GET - ::1[39m
2026-07-29 11:48:50:4850 [31merror[39m: [31mJWT Verification Error: jwt expired[39m
2026-07-29 11:48:50:4850 [31merror[39m: [31m401 - Invalid or expired security token. Please log in again. - /api/v1/clients - GET - ::1[39m
2026-07-29 11:48:50:4850 [31merror[39m: [31mJWT Verification Error: jwt expired[39m
2026-07-29 11:48:50:4850 [31merror[39m: [31m401 - Invalid or expired security token. Please log in again. - /api/v1/advocates - GET - ::1[39m
2026-07-29 11:48:50:4850 [31merror[39m: [31mJWT Verification Error: jwt expired[39m
2026-07-29 11:48:50:4850 [31merror[39m: [31m401 - Invalid or expired security token. Please log in again. - /api/v1/daybook - GET - ::1[39m
2026-07-29 11:48:50:4850 [31merror[39m: [31mJWT Verification Error: jwt expired[39m
2026-07-29 11:48:50:4850 [31merror[39m: [31m401 - Invalid or expired security token. Please log in again. - /api/v1/diary - GET - ::1[39m
2026-07-29 11:48:50:4850 [31merror[39m: [31mJWT Verification Error: jwt expired[39m
2026-07-29 11:48:50:4850 [31merror[39m: [31m401 - Invalid or expired security token. Please log in again. - /api/v1/payments - GET - ::1[39m
2026-07-29 11:48:50:4850 [31merror[39m: [31mJWT Verification Error: jwt expired[39m
2026-07-29 11:48:50:4850 [31merror[39m: [31m401 - Invalid or expired security token. Please log in again. - /api/v1/lands - GET - ::1[39m
2026-07-29 11:48:50:4850 [31merror[39m: [31mJWT Verification Error: jwt expired[39m
2026-07-29 11:48:50:4850 [31merror[39m: [31m401 - Invalid or expired security token. Please log in again. - /api/v1/opinions - GET - ::1[39m
2026-07-29 11:48:50:4850 [31merror[39m: [31mJWT Verification Error: jwt expired[39m
2026-07-29 11:48:50:4850 [31merror[39m: [31m401 - Invalid or expired security token. Please log in again. - /api/v1/memberships - GET - ::1[39m
2026-07-29 11:48:50:4850 [31merror[39m: [31mJWT Verification Error: jwt expired[39m
2026-07-29 11:48:50:4850 [31merror[39m: [31m401 - Invalid or expired security token. Please log in again. - /api/v1/amendments - GET - ::1[39m
2026-07-29 11:48:50:4850 [31merror[39m: [31mJWT Verification Error: jwt expired[39m
2026-07-29 11:48:50:4850 [31merror[39m: [31m401 - Invalid or expired security token. Please log in again. - /api/v1/acts - GET - ::1[39m
2026-07-29 11:48:50:4850 [31merror[39m: [31mJWT Verification Error: jwt expired[39m
2026-07-29 11:48:50:4850 [31merror[39m: [31m401 - Invalid or expired security token. Please log in again. - /api/v1/roles/roles - GET - ::1[39m
2026-07-29 11:48:50:4850 [31merror[39m: [31mJWT Verification Error: jwt expired[39m
2026-07-29 11:48:50:4850 [31merror[39m: [31m401 - Invalid or expired security token. Please log in again. - /api/v1/roles/modules - GET - ::1[39m
2026-07-29 11:48:50:4850 [31merror[39m: [31mJWT Verification Error: jwt expired[39m
2026-07-29 11:48:50:4850 [31merror[39m: [31m401 - Invalid or expired security token. Please log in again. - /api/v1/roles/roles - GET - ::1[39m
2026-07-29 11:48:50:4850 [31merror[39m: [31mJWT Verification Error: jwt expired[39m
2026-07-29 11:48:50:4850 [31merror[39m: [31m401 - Invalid or expired security token. Please log in again. - /api/v1/roles/roles - GET - ::1[39m
2026-07-29 11:49:53:4953 [32minfo[39m: [32mMySQL database connection established successfully.[39m
2026-07-29 11:49:53:4953 [32minfo[39m: [32mSynced Task table.[39m
2026-07-29 11:49:53:4953 [32minfo[39m: [32mAlert scanner scheduled daily at midnight (0 0 * * *).[39m
2026-07-29 11:49:53:4953 [32minfo[39m: [32mServer successfully started on port 5000 in development mode.[39m
2026-07-29 11:49:57:4957 [32minfo[39m: [32mMySQL database connection established successfully.[39m
2026-07-29 11:49:57:4957 [32minfo[39m: [32mSynced Task table.[39m
2026-07-29 11:49:57:4957 [32minfo[39m: [32mAlert scanner scheduled daily at midnight (0 0 * * *).[39m
2026-07-29 11:49:57:4957 [32minfo[39m: [32mServer successfully started on port 5000 in development mode.[39m
2026-07-29 11:50:01:501 [32minfo[39m: [32mMySQL database connection established successfully.[39m
2026-07-29 11:50:01:501 [32minfo[39m: [32mSynced Task table.[39m
2026-07-29 11:50:01:501 [32minfo[39m: [32mAlert scanner scheduled daily at midnight (0 0 * * *).[39m
2026-07-29 11:50:01:501 [32minfo[39m: [32mServer successfully started on port 5000 in development mode.[39m
2026-07-29 11:50:07:507 [32minfo[39m: [32mMySQL database connection established successfully.[39m
2026-07-29 11:50:07:507 [32minfo[39m: [32mSynced Task table.[39m
2026-07-29 11:50:07:507 [32minfo[39m: [32mAlert scanner scheduled daily at midnight (0 0 * * *).[39m
2026-07-29 11:50:07:507 [32minfo[39m: [32mServer successfully started on port 5000 in development mode.[39m
2026-07-29 11:51:52:5152 [32minfo[39m: [32mMySQL database connection established successfully.[39m
2026-07-29 11:51:52:5152 [32minfo[39m: [32mSynced Task table.[39m
2026-07-29 11:51:52:5152 [32minfo[39m: [32mAlert scanner scheduled daily at midnight (0 0 * * *).[39m
2026-07-29 11:51:52:5152 [32minfo[39m: [32mServer successfully started on port 5000 in development mode.[39m
2026-07-29 11:52:00:520 [32minfo[39m: [32mMySQL database connection established successfully.[39m
2026-07-29 11:52:00:520 [32minfo[39m: [32mSynced Task table.[39m
2026-07-29 11:52:00:520 [32minfo[39m: [32mAlert scanner scheduled daily at midnight (0 0 * * *).[39m
2026-07-29 11:52:00:520 [32minfo[39m: [32mServer successfully started on port 5000 in development mode.[39m
2026-07-29 11:55:16:5516 [32minfo[39m: [32mMySQL database connection established successfully.[39m
2026-07-29 11:55:16:5516 [32minfo[39m: [32mSynced Task table.[39m
2026-07-29 11:55:16:5516 [32minfo[39m: [32mAlert scanner scheduled daily at midnight (0 0 * * *).[39m
2026-07-29 11:55:16:5516 [32minfo[39m: [32mServer successfully started on port 5000 in development mode.[39m
2026-07-29 11:55:22:5522 [32minfo[39m: [32mMySQL database connection established successfully.[39m
2026-07-29 11:55:22:5522 [32minfo[39m: [32mSynced Task table.[39m
2026-07-29 11:55:22:5522 [32minfo[39m: [32mAlert scanner scheduled daily at midnight (0 0 * * *).[39m
2026-07-29 11:55:22:5522 [32minfo[39m: [32mServer successfully started on port 5000 in development mode.[39m
2026-07-29 11:58:18:5818 [32minfo[39m: [32mMySQL database connection established successfully.[39m
2026-07-29 11:58:18:5818 [32minfo[39m: [32mSynced Task table.[39m
2026-07-29 11:58:18:5818 [32minfo[39m: [32mAlert scanner scheduled daily at midnight (0 0 * * *).[39m
2026-07-29 11:58:18:5818 [32minfo[39m: [32mServer successfully started on port 5000 in development mode.[39m
2026-07-29 11:58:28:5828 [32minfo[39m: [32mMySQL database connection established successfully.[39m
2026-07-29 11:58:28:5828 [32minfo[39m: [32mSynced Task table.[39m
2026-07-29 11:58:28:5828 [32minfo[39m: [32mAlert scanner scheduled daily at midnight (0 0 * * *).[39m
2026-07-29 11:58:28:5828 [32minfo[39m: [32mServer successfully started on port 5000 in development mode.[39m
2026-07-29 11:59:01:591 [32minfo[39m: [32mMySQL database connection established successfully.[39m
2026-07-29 11:59:01:591 [32minfo[39m: [32mSynced Task table.[39m
2026-07-29 11:59:01:591 [32minfo[39m: [32mAlert scanner scheduled daily at midnight (0 0 * * *).[39m
2026-07-29 11:59:01:591 [32minfo[39m: [32mServer successfully started on port 5000 in development mode.[39m
2026-07-29 11:59:08:598 [32minfo[39m: [32mMySQL database connection established successfully.[39m
2026-07-29 11:59:08:598 [32minfo[39m: [32mSynced Task table.[39m
2026-07-29 11:59:08:598 [32minfo[39m: [32mAlert scanner scheduled daily at midnight (0 0 * * *).[39m
2026-07-29 11:59:08:598 [32minfo[39m: [32mServer successfully started on port 5000 in development mode.[39m
2026-07-29 11:59:14:5914 [32minfo[39m: [32mMySQL database connection established successfully.[39m
2026-07-29 11:59:14:5914 [32minfo[39m: [32mSynced Task table.[39m
2026-07-29 11:59:14:5914 [32minfo[39m: [32mAlert scanner scheduled daily at midnight (0 0 * * *).[39m
2026-07-29 11:59:14:5914 [32minfo[39m: [32mServer successfully started on port 5000 in development mode.[39m
2026-07-29 11:59:51:5951 [32minfo[39m: [32mMySQL database connection established successfully.[39m
2026-07-29 11:59:51:5951 [32minfo[39m: [32mSynced Task table.[39m
2026-07-29 11:59:51:5951 [32minfo[39m: [32mAlert scanner scheduled daily at midnight (0 0 * * *).[39m
2026-07-29 11:59:51:5951 [32minfo[39m: [32mServer successfully started on port 5000 in development mode.[39m
2026-07-29 12:00:02:02 [32minfo[39m: [32mMySQL database connection established successfully.[39m
2026-07-29 12:00:02:02 [32minfo[39m: [32mSynced Task table.[39m
2026-07-29 12:00:02:02 [32minfo[39m: [32mAlert scanner scheduled daily at midnight (0 0 * * *).[39m
2026-07-29 12:00:02:02 [32minfo[39m: [32mServer successfully started on port 5000 in development mode.[39m
2026-07-29 12:00:20:020 [32minfo[39m: [32mMySQL database connection established successfully.[39m
2026-07-29 12:00:20:020 [32minfo[39m: [32mSynced Task table.[39m
2026-07-29 12:00:20:020 [32minfo[39m: [32mAlert scanner scheduled daily at midnight (0 0 * * *).[39m
2026-07-29 12:00:20:020 [32minfo[39m: [32mServer successfully started on port 5000 in development mode.[39m
2026-07-29 12:02:02:22 [32minfo[39m: [32mMySQL database connection established successfully.[39m
2026-07-29 12:02:02:22 [32minfo[39m: [32mSynced Task table.[39m
2026-07-29 12:02:02:22 [32minfo[39m: [32mAlert scanner scheduled daily at midnight (0 0 * * *).[39m
2026-07-29 12:02:02:22 [32minfo[39m: [32mServer successfully started on port 5000 in development mode.[39m
2026-07-29 12:02:05:25 [32minfo[39m: [32mMySQL database connection established successfully.[39m
2026-07-29 12:02:05:25 [32minfo[39m: [32mSynced Task table.[39m
2026-07-29 12:02:05:25 [32minfo[39m: [32mAlert scanner scheduled daily at midnight (0 0 * * *).[39m
2026-07-29 12:02:05:25 [32minfo[39m: [32mServer successfully started on port 5000 in development mode.[39m
2026-07-29 12:02:13:213 [32minfo[39m: [32mMySQL database connection established successfully.[39m
2026-07-29 12:02:13:213 [33mwarn[39m: [33mensureTasksTable / ensureAmendmentTable failed:[39m
2026-07-29 12:02:13:213 [32minfo[39m: [32mAlert scanner scheduled daily at midnight (0 0 * * *).[39m
2026-07-29 12:02:13:213 [32minfo[39m: [32mServer successfully started on port 5000 in development mode.[39m
2026-07-29 12:02:21:221 [32minfo[39m: [32mMySQL database connection established successfully.[39m
2026-07-29 12:02:21:221 [33mwarn[39m: [33mensureTasksTable / ensureAmendmentTable failed:[39m
2026-07-29 12:02:21:221 [32minfo[39m: [32mAlert scanner scheduled daily at midnight (0 0 * * *).[39m
2026-07-29 12:02:21:221 [32minfo[39m: [32mServer successfully started on port 5000 in development mode.[39m
2026-07-29 12:02:29:229 [32minfo[39m: [32mMySQL database connection established successfully.[39m
2026-07-29 12:02:29:229 [33mwarn[39m: [33mensureTasksTable / ensureAmendmentTable failed:[39m
2026-07-29 12:02:29:229 [32minfo[39m: [32mAlert scanner scheduled daily at midnight (0 0 * * *).[39m
2026-07-29 12:02:29:229 [32minfo[39m: [32mServer successfully started on port 5000 in development mode.[39m
2026-07-29 12:02:35:235 [32minfo[39m: [32mMySQL database connection established successfully.[39m
2026-07-29 12:02:36:236 [33mwarn[39m: [33mensureTasksTable / ensureAmendmentTable failed:[39m
2026-07-29 12:02:36:236 [32minfo[39m: [32mAlert scanner scheduled daily at midnight (0 0 * * *).[39m
2026-07-29 12:02:36:236 [32minfo[39m: [32mServer successfully started on port 5000 in development mode.[39m
2026-07-29 12:02:45:245 [32minfo[39m: [32mMySQL database connection established successfully.[39m
2026-07-29 12:02:46:246 [33mwarn[39m: [33mensureTasksTable / ensureAmendmentTable failed:[39m
2026-07-29 12:02:46:246 [32minfo[39m: [32mAlert scanner scheduled daily at midnight (0 0 * * *).[39m
2026-07-29 12:02:46:246 [32minfo[39m: [32mServer successfully started on port 5000 in development mode.[39m
2026-07-29 12:02:46:246 [31merror[39m: [31mGetAllAmendments error: Unknown column 'Amendment.createdAt' in 'field list'[39m
2026-07-29 12:02:46:246 [31merror[39m: [31m500 - Unknown column 'Amendment.createdAt' in 'field list' - /api/v1/amendments?limit=10&offset=0 - GET - ::1[39m
2026-07-29 12:02:46:246 [31merror[39m: [31mGetAllAmendments error: Unknown column 'Amendment.createdAt' in 'field list'[39m
2026-07-29 12:02:46:246 [31merror[39m: [31m500 - Unknown column 'Amendment.createdAt' in 'field list' - /api/v1/amendments?limit=10&offset=0 - GET - ::1[39m
2026-07-29 12:02:52:252 [32minfo[39m: [32mMySQL database connection established successfully.[39m
2026-07-29 12:02:53:253 [33mwarn[39m: [33mensureTasksTable / ensureAmendmentTable failed:[39m
2026-07-29 12:02:53:253 [32minfo[39m: [32mAlert scanner scheduled daily at midnight (0 0 * * *).[39m
2026-07-29 12:02:53:253 [32minfo[39m: [32mServer successfully started on port 5000 in development mode.[39m
2026-07-29 12:03:01:31 [32minfo[39m: [32mMySQL database connection established successfully.[39m
2026-07-29 12:03:02:32 [33mwarn[39m: [33mensureTasksTable / ensureAmendmentTable failed:[39m
2026-07-29 12:03:02:32 [32minfo[39m: [32mAlert scanner scheduled daily at midnight (0 0 * * *).[39m
2026-07-29 12:03:02:32 [32minfo[39m: [32mServer successfully started on port 5000 in development mode.[39m
2026-07-29 12:03:12:312 [32minfo[39m: [32mMySQL database connection established successfully.[39m
2026-07-29 12:03:12:312 [33mwarn[39m: [33mensureTasksTable / ensureAmendmentTable failed:[39m
2026-07-29 12:03:12:312 [32minfo[39m: [32mAlert scanner scheduled daily at midnight (0 0 * * *).[39m
2026-07-29 12:03:12:312 [32minfo[39m: [32mServer successfully started on port 5000 in development mode.[39m
2026-07-29 12:03:16:316 [31merror[39m: [31mGetAllAmendments error: Unknown column 'Amendment.createdAt' in 'field list'[39m
2026-07-29 12:03:16:316 [31merror[39m: [31m500 - Unknown column 'Amendment.createdAt' in 'field list' - /api/v1/amendments?limit=10&offset=0 - GET - ::1[39m
2026-07-29 12:03:16:316 [31merror[39m: [31mGetAllAmendments error: Unknown column 'Amendment.createdAt' in 'field list'[39m
2026-07-29 12:03:16:316 [31merror[39m: [31m500 - Unknown column 'Amendment.createdAt' in 'field list' - /api/v1/amendments?limit=10&offset=0 - GET - ::1[39m
2026-07-29 12:03:31:331 [31merror[39m: [31mGetAllAmendments error: Unknown column 'Amendment.createdAt' in 'field list'[39m
2026-07-29 12:03:31:331 [31merror[39m: [31m500 - Unknown column 'Amendment.createdAt' in 'field list' - /api/v1/amendments?limit=10&offset=0 - GET - ::1[39m
2026-07-29 12:03:31:331 [31merror[39m: [31mGetAllAmendments error: Unknown column 'Amendment.createdAt' in 'field list'[39m
2026-07-29 12:03:31:331 [31merror[39m: [31m500 - Unknown column 'Amendment.createdAt' in 'field list' - /api/v1/amendments?limit=10&offset=0 - GET - ::1[39m
2026-07-29 12:03:36:336 [31merror[39m: [31mGetAllAmendments error: Unknown column 'Amendment.createdAt' in 'field list'[39m
2026-07-29 12:03:36:336 [31merror[39m: [31m500 - Unknown column 'Amendment.createdAt' in 'field list' - /api/v1/amendments?limit=10&offset=0 - GET - ::1[39m
2026-07-29 12:03:36:336 [31merror[39m: [31mGetAllAmendments error: Unknown column 'Amendment.createdAt' in 'field list'[39m
2026-07-29 12:03:36:336 [31merror[39m: [31m500 - Unknown column 'Amendment.createdAt' in 'field list' - /api/v1/amendments?limit=10&offset=0 - GET - ::1[39m
2026-07-29 12:03:56:356 [31merror[39m: [31mJWT Verification Error: jwt expired[39m
2026-07-29 12:03:56:356 [31merror[39m: [31m401 - Invalid or expired security token. Please log in again. - /api/v1/amendments?limit=10&offset=0 - GET - ::1[39m
2026-07-29 12:03:56:356 [31merror[39m: [31mJWT Verification Error: jwt expired[39m
2026-07-29 12:03:56:356 [31merror[39m: [31m401 - Invalid or expired security token. Please log in again. - /api/v1/cases - GET - ::1[39m
2026-07-29 12:03:56:356 [31merror[39m: [31mJWT Verification Error: jwt expired[39m
2026-07-29 12:03:56:356 [31merror[39m: [31m401 - Invalid or expired security token. Please log in again. - /api/v1/clients - GET - ::1[39m
2026-07-29 12:03:56:356 [31merror[39m: [31mJWT Verification Error: jwt expired[39m
2026-07-29 12:03:56:356 [31merror[39m: [31m401 - Invalid or expired security token. Please log in again. - /api/v1/advocates - GET - ::1[39m
2026-07-29 12:03:56:356 [31merror[39m: [31mJWT Verification Error: jwt expired[39m
2026-07-29 12:03:56:356 [31merror[39m: [31m401 - Invalid or expired security token. Please log in again. - /api/v1/diary - GET - ::1[39m
2026-07-29 12:03:56:356 [31merror[39m: [31mJWT Verification Error: jwt expired[39m
2026-07-29 12:03:56:356 [31merror[39m: [31m401 - Invalid or expired security token. Please log in again. - /api/v1/daybook - GET - ::1[39m
2026-07-29 12:03:57:357 [31merror[39m: [31mJWT Verification Error: jwt expired[39m
2026-07-29 12:03:57:357 [31merror[39m: [31m401 - Invalid or expired security token. Please log in again. - /api/v1/payments - GET - ::1[39m
2026-07-29 12:03:57:357 [31merror[39m: [31mJWT Verification Error: jwt expired[39m
2026-07-29 12:03:57:357 [31merror[39m: [31m401 - Invalid or expired security token. Please log in again. - /api/v1/alerts - GET - ::1[39m
2026-07-29 12:03:57:357 [31merror[39m: [31mJWT Verification Error: jwt expired[39m
2026-07-29 12:03:57:357 [31merror[39m: [31m401 - Invalid or expired security token. Please log in again. - /api/v1/lands - GET - ::1[39m
2026-07-29 12:03:57:357 [31merror[39m: [31mJWT Verification Error: jwt expired[39m
2026-07-29 12:03:57:357 [31merror[39m: [31m401 - Invalid or expired security token. Please log in again. - /api/v1/opinions - GET - ::1[39m
2026-07-29 12:03:57:357 [31merror[39m: [31mJWT Verification Error: jwt expired[39m
2026-07-29 12:03:57:357 [31merror[39m: [31m401 - Invalid or expired security token. Please log in again. - /api/v1/memberships - GET - ::1[39m
2026-07-29 12:03:57:357 [31merror[39m: [31mJWT Verification Error: jwt expired[39m
2026-07-29 12:03:57:357 [31merror[39m: [31m401 - Invalid or expired security token. Please log in again. - /api/v1/acts - GET - ::1[39m
2026-07-29 12:03:57:357 [31merror[39m: [31mJWT Verification Error: jwt expired[39m
2026-07-29 12:03:57:357 [31merror[39m: [31m401 - Invalid or expired security token. Please log in again. - /api/v1/amendments - GET - ::1[39m
2026-07-29 12:03:57:357 [31merror[39m: [31mJWT Verification Error: jwt expired[39m
2026-07-29 12:03:57:357 [31merror[39m: [31m401 - Invalid or expired security token. Please log in again. - /api/v1/roles/roles - GET - ::1[39m
2026-07-29 12:03:57:357 [31merror[39m: [31mJWT Verification Error: jwt expired[39m
2026-07-29 12:03:57:357 [31merror[39m: [31m401 - Invalid or expired security token. Please log in again. - /api/v1/roles/modules - GET - ::1[39m
2026-07-29 12:03:57:357 [31merror[39m: [31mJWT Verification Error: jwt expired[39m
2026-07-29 12:03:57:357 [31merror[39m: [31m401 - Invalid or expired security token. Please log in again. - /api/v1/clients - GET - ::1[39m
2026-07-29 12:03:57:357 [31merror[39m: [31mJWT Verification Error: jwt expired[39m
2026-07-29 12:03:57:357 [31merror[39m: [31m401 - Invalid or expired security token. Please log in again. - /api/v1/cases - GET - ::1[39m
2026-07-29 12:03:57:357 [31merror[39m: [31mJWT Verification Error: jwt expired[39m
2026-07-29 12:03:57:357 [31merror[39m: [31m401 - Invalid or expired security token. Please log in again. - /api/v1/amendments?limit=10&offset=0 - GET - ::1[39m
2026-07-29 12:03:57:357 [31merror[39m: [31mJWT Verification Error: jwt expired[39m
2026-07-29 12:03:57:357 [31merror[39m: [31m401 - Invalid or expired security token. Please log in again. - /api/v1/advocates - GET - ::1[39m
2026-07-29 12:03:57:357 [31merror[39m: [31mJWT Verification Error: jwt expired[39m
2026-07-29 12:03:57:357 [31merror[39m: [31m401 - Invalid or expired security token. Please log in again. - /api/v1/diary - GET - ::1[39m
2026-07-29 12:03:57:357 [31merror[39m: [31mJWT Verification Error: jwt expired[39m
2026-07-29 12:03:57:357 [31merror[39m: [31m401 - Invalid or expired security token. Please log in again. - /api/v1/daybook - GET - ::1[39m
2026-07-29 12:03:57:357 [31merror[39m: [31mJWT Verification Error: jwt expired[39m
2026-07-29 12:03:57:357 [31merror[39m: [31m401 - Invalid or expired security token. Please log in again. - /api/v1/payments - GET - ::1[39m
2026-07-29 12:03:57:357 [31merror[39m: [31mJWT Verification Error: jwt expired[39m
2026-07-29 12:03:57:357 [31merror[39m: [31m401 - Invalid or expired security token. Please log in again. - /api/v1/alerts - GET - ::1[39m
2026-07-29 12:03:57:357 [31merror[39m: [31mJWT Verification Error: jwt expired[39m
2026-07-29 12:03:57:357 [31merror[39m: [31m401 - Invalid or expired security token. Please log in again. - /api/v1/lands - GET - ::1[39m
2026-07-29 12:03:57:357 [31merror[39m: [31mJWT Verification Error: jwt expired[39m
2026-07-29 12:03:57:357 [31merror[39m: [31m401 - Invalid or expired security token. Please log in again. - /api/v1/acts - GET - ::1[39m
2026-07-29 12:03:57:357 [31merror[39m: [31mJWT Verification Error: jwt expired[39m
2026-07-29 12:03:57:357 [31merror[39m: [31m401 - Invalid or expired security token. Please log in again. - /api/v1/opinions - GET - ::1[39m
2026-07-29 12:03:57:357 [31merror[39m: [31mJWT Verification Error: jwt expired[39m
2026-07-29 12:03:57:357 [31merror[39m: [31m401 - Invalid or expired security token. Please log in again. - /api/v1/memberships - GET - ::1[39m
2026-07-29 12:03:57:357 [31merror[39m: [31mJWT Verification Error: jwt expired[39m
2026-07-29 12:03:57:357 [31merror[39m: [31m401 - Invalid or expired security token. Please log in again. - /api/v1/amendments - GET - ::1[39m
2026-07-29 12:03:57:357 [31merror[39m: [31mJWT Verification Error: jwt expired[39m
2026-07-29 12:03:57:357 [31merror[39m: [31m401 - Invalid or expired security token. Please log in again. - /api/v1/roles/roles - GET - ::1[39m
2026-07-29 12:03:57:357 [31merror[39m: [31mJWT Verification Error: jwt expired[39m
2026-07-29 12:03:57:357 [31merror[39m: [31m401 - Invalid or expired security token. Please log in again. - /api/v1/roles/modules - GET - ::1[39m
2026-07-29 12:03:57:357 [31merror[39m: [31mGetAllAmendments error: Unknown column 'Amendment.createdAt' in 'field list'[39m
2026-07-29 12:03:57:357 [31merror[39m: [31m500 - Unknown column 'Amendment.createdAt' in 'field list' - /api/v1/amendments?limit=10&offset=0 - GET - ::1[39m
2026-07-29 12:03:58:358 [31merror[39m: [31mJWT Verification Error: jwt expired[39m
2026-07-29 12:03:58:358 [31merror[39m: [31m401 - Invalid or expired security token. Please log in again. - /api/v1/roles/roles - GET - ::1[39m
2026-07-29 12:03:58:358 [31merror[39m: [31mGetAllAmendments error: Unknown column 'Amendment.createdAt' in 'field list'[39m
2026-07-29 12:03:58:358 [31merror[39m: [31m500 - Unknown column 'Amendment.createdAt' in 'field list' - /api/v1/amendments - GET - ::1[39m
2026-07-29 12:03:58:358 [31merror[39m: [31mGetAllAmendments error: Unknown column 'Amendment.createdAt' in 'field list'[39m
2026-07-29 12:03:58:358 [31merror[39m: [31m500 - Unknown column 'Amendment.createdAt' in 'field list' - /api/v1/amendments?limit=10&offset=0 - GET - ::1[39m
2026-07-29 12:03:58:358 [31merror[39m: [31mJWT Verification Error: jwt expired[39m
2026-07-29 12:03:58:358 [31merror[39m: [31m401 - Invalid or expired security token. Please log in again. - /api/v1/roles/roles - GET - ::1[39m
2026-07-29 12:03:58:358 [31merror[39m: [31mGetAllAmendments error: Unknown column 'Amendment.createdAt' in 'field list'[39m
2026-07-29 12:03:58:358 [31merror[39m: [31m500 - Unknown column 'Amendment.createdAt' in 'field list' - /api/v1/amendments - GET - ::1[39m
2026-07-29 12:04:38:438 [31merror[39m: [31mGetAllAmendments error: Unknown column 'Amendment.createdAt' in 'field list'[39m
2026-07-29 12:04:38:438 [31merror[39m: [31m500 - Unknown column 'Amendment.createdAt' in 'field list' - /api/v1/amendments?limit=10&offset=0 - GET - ::1[39m
2026-07-29 12:04:38:438 [31merror[39m: [31mGetAllAmendments error: Unknown column 'Amendment.createdAt' in 'field list'[39m
2026-07-29 12:04:38:438 [31merror[39m: [31m500 - Unknown column 'Amendment.createdAt' in 'field list' - /api/v1/amendments?limit=10&offset=0 - GET - ::1[39m
2026-07-29 12:04:58:458 [31merror[39m: [31mGetAllAmendments error: Unknown column 'Amendment.createdAt' in 'field list'[39m
2026-07-29 12:04:58:458 [31merror[39m: [31m500 - Unknown column 'Amendment.createdAt' in 'field list' - /api/v1/amendments?limit=10&offset=0 - GET - ::1[39m
2026-07-29 12:04:58:458 [31merror[39m: [31mGetAllAmendments error: Unknown column 'Amendment.createdAt' in 'field list'[39m
2026-07-29 12:04:58:458 [31merror[39m: [31m500 - Unknown column 'Amendment.createdAt' in 'field list' - /api/v1/amendments - GET - ::1[39m
2026-07-29 12:04:58:458 [31merror[39m: [31mGetAllAmendments error: Unknown column 'Amendment.createdAt' in 'field list'[39m
2026-07-29 12:04:58:458 [31merror[39m: [31m500 - Unknown column 'Amendment.createdAt' in 'field list' - /api/v1/amendments?limit=10&offset=0 - GET - ::1[39m
2026-07-29 12:04:58:458 [31merror[39m: [31mGetAllAmendments error: Unknown column 'Amendment.createdAt' in 'field list'[39m
2026-07-29 12:04:58:458 [31merror[39m: [31m500 - Unknown column 'Amendment.createdAt' in 'field list' - /api/v1/amendments - GET - ::1[39m
2026-07-29 12:05:09:59 [32minfo[39m: [32mMySQL database connection established successfully.[39m
2026-07-29 12:05:10:510 [33mwarn[39m: [33mensureTasksTable / ensureAmendmentTable failed:[39m
2026-07-29 12:05:10:510 [32minfo[39m: [32mAlert scanner scheduled daily at midnight (0 0 * * *).[39m
2026-07-29 12:05:10:510 [32minfo[39m: [32mServer successfully started on port 5000 in development mode.[39m
2026-07-29 12:05:16:516 [31merror[39m: [31mGetAllAmendments error: Unknown column 'Amendment.createdAt' in 'field list'[39m
2026-07-29 12:05:16:516 [31merror[39m: [31m500 - Unknown column 'Amendment.createdAt' in 'field list' - /api/v1/amendments?limit=10&offset=0 - GET - ::1[39m
2026-07-29 12:05:16:516 [31merror[39m: [31mGetAllAmendments error: Unknown column 'Amendment.createdAt' in 'field list'[39m
2026-07-29 12:05:16:516 [31merror[39m: [31m500 - Unknown column 'Amendment.createdAt' in 'field list' - /api/v1/amendments - GET - ::1[39m
2026-07-29 12:05:16:516 [31merror[39m: [31mGetAllAmendments error: Unknown column 'Amendment.createdAt' in 'field list'[39m
2026-07-29 12:05:16:516 [31merror[39m: [31m500 - Unknown column 'Amendment.createdAt' in 'field list' - /api/v1/amendments?limit=10&offset=0 - GET - ::1[39m
2026-07-29 12:05:16:516 [31merror[39m: [31mGetAllAmendments error: Unknown column 'Amendment.createdAt' in 'field list'[39m
2026-07-29 12:05:16:516 [31merror[39m: [31m500 - Unknown column 'Amendment.createdAt' in 'field list' - /api/v1/amendments - GET - ::1[39m
2026-07-29 12:05:55:555 [32minfo[39m: [32mMySQL database connection established successfully.[39m
2026-07-29 12:05:55:555 [33mwarn[39m: [33mensureTasksTable / ensureAmendmentTable failed:[39m
2026-07-29 12:05:55:555 [32minfo[39m: [32mAlert scanner scheduled daily at midnight (0 0 * * *).[39m
2026-07-29 12:05:55:555 [32minfo[39m: [32mServer successfully started on port 5000 in development mode.[39m
2026-07-29 12:05:59:559 [32minfo[39m: [32mMySQL database connection established successfully.[39m
2026-07-29 12:05:59:559 [33mwarn[39m: [33mensureTasksTable / ensureAmendmentTable failed:[39m
2026-07-29 12:05:59:559 [32minfo[39m: [32mAlert scanner scheduled daily at midnight (0 0 * * *).[39m
2026-07-29 12:05:59:559 [32minfo[39m: [32mServer successfully started on port 5000 in development mode.[39m
2026-07-29 12:19:09:199 [31merror[39m: [31mJWT Verification Error: jwt expired[39m
2026-07-29 12:19:09:199 [31merror[39m: [31m401 - Invalid or expired security token. Please log in again. - /api/v1/cases - GET - ::1[39m
2026-07-29 12:19:09:199 [31merror[39m: [31mJWT Verification Error: jwt expired[39m
2026-07-29 12:19:09:199 [31merror[39m: [31m401 - Invalid or expired security token. Please log in again. - /api/v1/clients - GET - ::1[39m
2026-07-29 12:19:09:199 [31merror[39m: [31mJWT Verification Error: jwt expired[39m
2026-07-29 12:19:09:199 [31merror[39m: [31m401 - Invalid or expired security token. Please log in again. - /api/v1/advocates - GET - ::1[39m
2026-07-29 12:19:09:199 [31merror[39m: [31mJWT Verification Error: jwt expired[39m
2026-07-29 12:19:09:199 [31merror[39m: [31m401 - Invalid or expired security token. Please log in again. - /api/v1/masters/case-types?activeOnly=true - GET - ::1[39m
2026-07-29 12:19:09:199 [31merror[39m: [31mJWT Verification Error: jwt expired[39m
2026-07-29 12:19:09:199 [31merror[39m: [31m401 - Invalid or expired security token. Please log in again. - /api/v1/masters/case-stages?activeOnly=true - GET - ::1[39m
2026-07-29 12:19:09:199 [31merror[39m: [31mJWT Verification Error: jwt expired[39m
2026-07-29 12:19:09:199 [31merror[39m: [31m401 - Invalid or expired security token. Please log in again. - /api/v1/masters/courts?activeOnly=true - GET - ::1[39m
2026-07-29 12:19:09:199 [31merror[39m: [31mJWT Verification Error: jwt expired[39m
2026-07-29 12:19:09:199 [31merror[39m: [31m401 - Invalid or expired security token. Please log in again. - /api/v1/cases - GET - ::1[39m
2026-07-29 12:19:09:199 [31merror[39m: [31mJWT Verification Error: jwt expired[39m
2026-07-29 12:19:09:199 [31merror[39m: [31m401 - Invalid or expired security token. Please log in again. - /api/v1/clients - GET - ::1[39m
2026-07-29 12:19:09:199 [31merror[39m: [31mJWT Verification Error: jwt expired[39m
2026-07-29 12:19:09:199 [31merror[39m: [31m401 - Invalid or expired security token. Please log in again. - /api/v1/advocates - GET - ::1[39m
2026-07-29 12:19:09:199 [31merror[39m: [31mJWT Verification Error: jwt expired[39m
2026-07-29 12:19:09:199 [31merror[39m: [31m401 - Invalid or expired security token. Please log in again. - /api/v1/masters/case-types?activeOnly=true - GET - ::1[39m
2026-07-29 12:19:09:199 [31merror[39m: [31mJWT Verification Error: jwt expired[39m
2026-07-29 12:19:09:199 [31merror[39m: [31m401 - Invalid or expired security token. Please log in again. - /api/v1/masters/case-stages?activeOnly=true - GET - ::1[39m
2026-07-29 12:19:09:199 [31merror[39m: [31mJWT Verification Error: jwt expired[39m
2026-07-29 12:19:09:199 [31merror[39m: [31m401 - Invalid or expired security token. Please log in again. - /api/v1/masters/courts?activeOnly=true - GET - ::1[39m
2026-07-29 12:26:28:2628 [31merror[39m: [31mJWT Verification Error: jwt expired[39m
2026-07-29 12:26:28:2628 [31merror[39m: [31m401 - Invalid or expired security token. Please log in again. - /api/v1/cases - GET - ::1[39m
2026-07-29 12:26:28:2628 [31merror[39m: [31mJWT Verification Error: jwt expired[39m
2026-07-29 12:26:28:2628 [31merror[39m: [31m401 - Invalid or expired security token. Please log in again. - /api/v1/clients - GET - ::1[39m
2026-07-29 12:26:28:2628 [31merror[39m: [31mJWT Verification Error: jwt expired[39m
2026-07-29 12:26:28:2628 [31merror[39m: [31m401 - Invalid or expired security token. Please log in again. - /api/v1/advocates - GET - ::1[39m
2026-07-29 12:26:28:2628 [31merror[39m: [31mJWT Verification Error: jwt expired[39m
2026-07-29 12:26:28:2628 [31merror[39m: [31m401 - Invalid or expired security token. Please log in again. - /api/v1/diary - GET - ::1[39m
2026-07-29 12:26:28:2628 [31merror[39m: [31mJWT Verification Error: jwt expired[39m
2026-07-29 12:26:28:2628 [31merror[39m: [31m401 - Invalid or expired security token. Please log in again. - /api/v1/daybook - GET - ::1[39m
2026-07-29 12:26:28:2628 [31merror[39m: [31mJWT Verification Error: jwt expired[39m
2026-07-29 12:26:28:2628 [31merror[39m: [31m401 - Invalid or expired security token. Please log in again. - /api/v1/payments - GET - ::1[39m
2026-07-29 12:26:28:2628 [31merror[39m: [31mJWT Verification Error: jwt expired[39m
2026-07-29 12:26:28:2628 [31merror[39m: [31m401 - Invalid or expired security token. Please log in again. - /api/v1/alerts - GET - ::1[39m
2026-07-29 12:26:28:2628 [31merror[39m: [31mJWT Verification Error: jwt expired[39m
2026-07-29 12:26:28:2628 [31merror[39m: [31m401 - Invalid or expired security token. Please log in again. - /api/v1/lands - GET - ::1[39m
2026-07-29 12:26:28:2628 [31merror[39m: [31mJWT Verification Error: jwt expired[39m
2026-07-29 12:26:28:2628 [31merror[39m: [31m401 - Invalid or expired security token. Please log in again. - /api/v1/opinions - GET - ::1[39m
2026-07-29 12:26:28:2628 [31merror[39m: [31mJWT Verification Error: jwt expired[39m
2026-07-29 12:26:28:2628 [31merror[39m: [31m401 - Invalid or expired security token. Please log in again. - /api/v1/memberships - GET - ::1[39m
2026-07-29 12:26:28:2628 [31merror[39m: [31mJWT Verification Error: jwt expired[39m
2026-07-29 12:26:28:2628 [31merror[39m: [31m401 - Invalid or expired security token. Please log in again. - /api/v1/acts - GET - ::1[39m
2026-07-29 12:26:28:2628 [31merror[39m: [31mJWT Verification Error: jwt expired[39m
2026-07-29 12:26:28:2628 [31merror[39m: [31m401 - Invalid or expired security token. Please log in again. - /api/v1/amendments - GET - ::1[39m
2026-07-29 12:26:28:2628 [31merror[39m: [31mJWT Verification Error: jwt expired[39m
2026-07-29 12:26:28:2628 [31merror[39m: [31m401 - Invalid or expired security token. Please log in again. - /api/v1/roles/roles - GET - ::1[39m
2026-07-29 12:26:28:2628 [31merror[39m: [31mJWT Verification Error: jwt expired[39m
2026-07-29 12:26:28:2628 [31merror[39m: [31m401 - Invalid or expired security token. Please log in again. - /api/v1/roles/modules - GET - ::1[39m
2026-07-29 12:26:28:2628 [31merror[39m: [31mJWT Verification Error: jwt expired[39m
2026-07-29 12:26:28:2628 [31merror[39m: [31m401 - Invalid or expired security token. Please log in again. - /api/v1/cases - GET - ::1[39m
2026-07-29 12:26:28:2628 [31merror[39m: [31mJWT Verification Error: jwt expired[39m
2026-07-29 12:26:28:2628 [31merror[39m: [31m401 - Invalid or expired security token. Please log in again. - /api/v1/advocates - GET - ::1[39m
2026-07-29 12:26:28:2628 [31merror[39m: [31mJWT Verification Error: jwt expired[39m
2026-07-29 12:26:28:2628 [31merror[39m: [31m401 - Invalid or expired security token. Please log in again. - /api/v1/clients - GET - ::1[39m
2026-07-29 12:26:28:2628 [31merror[39m: [31mJWT Verification Error: jwt expired[39m
2026-07-29 12:26:28:2628 [31merror[39m: [31m401 - Invalid or expired security token. Please log in again. - /api/v1/payments - GET - ::1[39m
2026-07-29 12:26:28:2628 [31merror[39m: [31mJWT Verification Error: jwt expired[39m
2026-07-29 12:26:28:2628 [31merror[39m: [31m401 - Invalid or expired security token. Please log in again. - /api/v1/diary - GET - ::1[39m
2026-07-29 12:26:28:2628 [31merror[39m: [31mJWT Verification Error: jwt expired[39m
2026-07-29 12:26:28:2628 [31merror[39m: [31m401 - Invalid or expired security token. Please log in again. - /api/v1/daybook - GET - ::1[39m
2026-07-29 12:26:28:2628 [31merror[39m: [31mJWT Verification Error: jwt expired[39m
2026-07-29 12:26:28:2628 [31merror[39m: [31m401 - Invalid or expired security token. Please log in again. - /api/v1/alerts - GET - ::1[39m
2026-07-29 12:26:28:2628 [31merror[39m: [31mJWT Verification Error: jwt expired[39m
2026-07-29 12:26:28:2628 [31merror[39m: [31m401 - Invalid or expired security token. Please log in again. - /api/v1/lands - GET - ::1[39m
2026-07-29 12:26:28:2628 [31merror[39m: [31mJWT Verification Error: jwt expired[39m
2026-07-29 12:26:28:2628 [31merror[39m: [31m401 - Invalid or expired security token. Please log in again. - /api/v1/opinions - GET - ::1[39m
2026-07-29 12:26:28:2628 [31merror[39m: [31mJWT Verification Error: jwt expired[39m
2026-07-29 12:26:28:2628 [31merror[39m: [31m401 - Invalid or expired security token. Please log in again. - /api/v1/memberships - GET - ::1[39m
2026-07-29 12:26:28:2628 [31merror[39m: [31mJWT Verification Error: jwt expired[39m
2026-07-29 12:26:28:2628 [31merror[39m: [31m401 - Invalid or expired security token. Please log in again. - /api/v1/acts - GET - ::1[39m
2026-07-29 12:26:28:2628 [31merror[39m: [31mJWT Verification Error: jwt expired[39m
2026-07-29 12:26:28:2628 [31merror[39m: [31m401 - Invalid or expired security token. Please log in again. - /api/v1/amendments - GET - ::1[39m
2026-07-29 12:26:28:2628 [31merror[39m: [31mJWT Verification Error: jwt expired[39m
2026-07-29 12:26:28:2628 [31merror[39m: [31m401 - Invalid or expired security token. Please log in again. - /api/v1/dashboard - GET - ::1[39m
2026-07-29 12:26:28:2628 [31merror[39m: [31mJWT Verification Error: jwt expired[39m
2026-07-29 12:26:28:2628 [31merror[39m: [31m401 - Invalid or expired security token. Please log in again. - /api/v1/roles/modules - GET - ::1[39m
2026-07-29 12:26:28:2628 [31merror[39m: [31mJWT Verification Error: jwt expired[39m
2026-07-29 12:26:28:2628 [31merror[39m: [31m401 - Invalid or expired security token. Please log in again. - /api/v1/roles/roles - GET - ::1[39m
2026-07-29 12:26:28:2628 [31merror[39m: [31mJWT Verification Error: jwt expired[39m
2026-07-29 12:26:28:2628 [31merror[39m: [31m401 - Invalid or expired security token. Please log in again. - /api/v1/dashboard - GET - ::1[39m
2026-07-29 12:26:28:2628 [31merror[39m: [31mJWT Verification Error: jwt expired[39m
2026-07-29 12:26:28:2628 [31merror[39m: [31m401 - Invalid or expired security token. Please log in again. - /api/v1/roles/roles - GET - ::1[39m
2026-07-29 12:26:28:2628 [31merror[39m: [31mJWT Verification Error: jwt expired[39m
2026-07-29 12:26:28:2628 [31merror[39m: [31m401 - Invalid or expired security token. Please log in again. - /api/v1/roles/roles - GET - ::1[39m
2026-07-29 12:26:29:2629 [31merror[39m: [31m403 - Access Denied: You do not have permission to perform this operation. - /api/v1/advocates - GET - ::1[39m
2026-07-29 12:26:29:2629 [31merror[39m: [31m403 - Access Denied: You do not have permission to perform this operation. - /api/v1/payments - GET - ::1[39m
2026-07-29 12:26:29:2629 [31merror[39m: [31m403 - Access Denied: You do not have permission to perform this operation. - /api/v1/opinions - GET - ::1[39m
2026-07-29 12:26:29:2629 [31merror[39m: [31m403 - Access Denied: You do not have permission to perform this operation. - /api/v1/memberships - GET - ::1[39m
2026-07-29 12:26:29:2629 [31merror[39m: [31m403 - Access Denied: You do not have permission to perform this operation. - /api/v1/advocates - GET - ::1[39m
2026-07-29 12:26:29:2629 [31merror[39m: [31m403 - Access Denied: You do not have permission to perform this operation. - /api/v1/payments - GET - ::1[39m
2026-07-29 12:26:29:2629 [31merror[39m: [31m403 - Access Denied: You do not have permission to perform this operation. - /api/v1/opinions - GET - ::1[39m
2026-07-29 12:26:29:2629 [31merror[39m: [31m403 - Access Denied: You do not have permission to perform this operation. - /api/v1/memberships - GET - ::1[39m
2026-07-29 12:36:02:362 [31merror[39m: [31m403 - Access Denied: You do not have permission to perform this operation. - /api/v1/advocates - GET - ::1[39m
2026-07-29 12:43:46:4346 [31merror[39m: [31mJWT Verification Error: jwt expired[39m
2026-07-29 12:43:46:4346 [31merror[39m: [31m401 - Invalid or expired security token. Please log in again. - /api/v1/diary - GET - ::1[39m
2026-07-29 12:43:46:4346 [31merror[39m: [31mJWT Verification Error: jwt expired[39m
2026-07-29 12:43:46:4346 [31merror[39m: [31m401 - Invalid or expired security token. Please log in again. - /api/v1/daybook - GET - ::1[39m
2026-07-29 12:43:46:4346 [31merror[39m: [31mJWT Verification Error: jwt expired[39m
2026-07-29 12:43:46:4346 [31merror[39m: [31m401 - Invalid or expired security token. Please log in again. - /api/v1/payments - GET - ::1[39m
2026-07-29 12:43:46:4346 [31merror[39m: [31mJWT Verification Error: jwt expired[39m
2026-07-29 12:43:46:4346 [31merror[39m: [31m401 - Invalid or expired security token. Please log in again. - /api/v1/alerts - GET - ::1[39m
2026-07-29 12:43:46:4346 [31merror[39m: [31mJWT Verification Error: jwt expired[39m
2026-07-29 12:43:46:4346 [31merror[39m: [31m401 - Invalid or expired security token. Please log in again. - /api/v1/lands - GET - ::1[39m
2026-07-29 12:43:46:4346 [31merror[39m: [31mJWT Verification Error: jwt expired[39m
2026-07-29 12:43:46:4346 [31merror[39m: [31m401 - Invalid or expired security token. Please log in again. - /api/v1/opinions - GET - ::1[39m
2026-07-29 12:43:46:4346 [31merror[39m: [31mJWT Verification Error: jwt expired[39m
2026-07-29 12:43:46:4346 [31merror[39m: [31m401 - Invalid or expired security token. Please log in again. - /api/v1/memberships - GET - ::1[39m
2026-07-29 12:43:46:4346 [31merror[39m: [31mJWT Verification Error: jwt expired[39m
2026-07-29 12:43:46:4346 [31merror[39m: [31m401 - Invalid or expired security token. Please log in again. - /api/v1/acts - GET - ::1[39m
2026-07-29 12:43:46:4346 [31merror[39m: [31mJWT Verification Error: jwt expired[39m
2026-07-29 12:43:46:4346 [31merror[39m: [31m401 - Invalid or expired security token. Please log in again. - /api/v1/amendments - GET - ::1[39m
2026-07-29 12:43:51:4351 [31merror[39m: [31mJWT Verification Error: jwt expired[39m
2026-07-29 12:43:51:4351 [31merror[39m: [31m401 - Invalid or expired security token. Please log in again. - /api/v1/roles/roles - GET - ::1[39m
2026-07-29 12:43:51:4351 [31merror[39m: [31mJWT Verification Error: jwt expired[39m
2026-07-29 12:43:51:4351 [31merror[39m: [31m401 - Invalid or expired security token. Please log in again. - /api/v1/roles/modules - GET - ::1[39m
2026-07-29 12:43:51:4351 [31merror[39m: [31mJWT Verification Error: jwt expired[39m
2026-07-29 12:43:51:4351 [31merror[39m: [31m401 - Invalid or expired security token. Please log in again. - /api/v1/advocates - GET - ::1[39m
2026-07-29 12:43:51:4351 [31merror[39m: [31mJWT Verification Error: jwt expired[39m
2026-07-29 12:43:51:4351 [31merror[39m: [31m401 - Invalid or expired security token. Please log in again. - /api/v1/dashboard - GET - ::1[39m
2026-07-29 12:43:51:4351 [31merror[39m: [31mJWT Verification Error: jwt expired[39m
2026-07-29 12:43:51:4351 [31merror[39m: [31m401 - Invalid or expired security token. Please log in again. - /api/v1/cases - GET - ::1[39m
2026-07-29 12:43:51:4351 [31merror[39m: [31mJWT Verification Error: jwt expired[39m
2026-07-29 12:43:51:4351 [31merror[39m: [31m401 - Invalid or expired security token. Please log in again. - /api/v1/clients - GET - ::1[39m
2026-07-29 12:43:51:4351 [31merror[39m: [31mJWT Verification Error: jwt expired[39m
2026-07-29 12:43:51:4351 [31merror[39m: [31m401 - Invalid or expired security token. Please log in again. - /api/v1/diary - GET - ::1[39m
2026-07-29 12:43:51:4351 [31merror[39m: [31mJWT Verification Error: jwt expired[39m
2026-07-29 12:43:51:4351 [31merror[39m: [31m401 - Invalid or expired security token. Please log in again. - /api/v1/daybook - GET - ::1[39m
2026-07-29 12:43:51:4351 [31merror[39m: [31mJWT Verification Error: jwt expired[39m
2026-07-29 12:43:51:4351 [31merror[39m: [31m401 - Invalid or expired security token. Please log in again. - /api/v1/payments - GET - ::1[39m
2026-07-29 12:43:51:4351 [31merror[39m: [31mJWT Verification Error: jwt expired[39m
2026-07-29 12:43:51:4351 [31merror[39m: [31m401 - Invalid or expired security token. Please log in again. - /api/v1/alerts - GET - ::1[39m
2026-07-29 12:43:51:4351 [31merror[39m: [31mJWT Verification Error: jwt expired[39m
2026-07-29 12:43:51:4351 [31merror[39m: [31m401 - Invalid or expired security token. Please log in again. - /api/v1/lands - GET - ::1[39m
2026-07-29 12:43:51:4351 [31merror[39m: [31mJWT Verification Error: jwt expired[39m
2026-07-29 12:43:51:4351 [31merror[39m: [31m401 - Invalid or expired security token. Please log in again. - /api/v1/opinions - GET - ::1[39m
2026-07-29 12:43:51:4351 [31merror[39m: [31mJWT Verification Error: jwt expired[39m
2026-07-29 12:43:51:4351 [31merror[39m: [31m401 - Invalid or expired security token. Please log in again. - /api/v1/roles/roles - GET - ::1[39m
2026-07-29 12:43:53:4353 [31merror[39m: [31mJWT Verification Error: jwt expired[39m
2026-07-29 12:43:53:4353 [31merror[39m: [31m401 - Invalid or expired security token. Please log in again. - /api/v1/roles/roles - GET - ::1[39m
2026-07-29 12:43:53:4353 [31merror[39m: [31mJWT Verification Error: jwt expired[39m
2026-07-29 12:43:53:4353 [31merror[39m: [31m401 - Invalid or expired security token. Please log in again. - /api/v1/memberships - GET - ::1[39m
2026-07-29 12:43:53:4353 [31merror[39m: [31mJWT Verification Error: jwt expired[39m
2026-07-29 12:43:53:4353 [31merror[39m: [31m401 - Invalid or expired security token. Please log in again. - /api/v1/acts - GET - ::1[39m
2026-07-29 12:43:53:4353 [31merror[39m: [31mJWT Verification Error: jwt expired[39m
2026-07-29 12:43:53:4353 [31merror[39m: [31m401 - Invalid or expired security token. Please log in again. - /api/v1/amendments - GET - ::1[39m
2026-07-29 12:43:57:4357 [31merror[39m: [31mJWT Verification Error: jwt expired[39m
2026-07-29 12:43:57:4357 [31merror[39m: [31m401 - Invalid or expired security token. Please log in again. - /api/v1/roles/modules - GET - ::1[39m
2026-07-29 12:43:58:4358 [31merror[39m: [31mJWT Verification Error: jwt expired[39m
2026-07-29 12:43:58:4358 [31merror[39m: [31m401 - Invalid or expired security token. Please log in again. - /api/v1/roles/roles - GET - ::1[39m
2026-07-29 12:44:24:4424 [31merror[39m: [31m403 - Access Denied: You do not have permission to perform this operation. - /api/v1/payments - GET - ::1[39m
2026-07-29 12:44:26:4426 [31merror[39m: [31m403 - Access Denied: You do not have permission to perform this operation. - /api/v1/opinions - GET - ::1[39m
2026-07-29 12:44:26:4426 [31merror[39m: [31m403 - Access Denied: You do not have permission to perform this operation. - /api/v1/memberships - GET - ::1[39m
2026-07-29 12:44:28:4428 [31merror[39m: [31m403 - Access Denied: You do not have permission to perform this operation. - /api/v1/payments - GET - ::1[39m
2026-07-29 12:44:28:4428 [31merror[39m: [31m403 - Access Denied: You do not have permission to perform this operation. - /api/v1/opinions - GET - ::1[39m
2026-07-29 12:44:28:4428 [31merror[39m: [31m403 - Access Denied: You do not have permission to perform this operation. - /api/v1/memberships - GET - ::1[39m
2026-07-29 12:44:28:4428 [31merror[39m: [31m403 - Access Denied: You do not have permission to perform this operation. - /api/v1/advocates - GET - ::1[39m
2026-07-29 12:44:35:4435 [31merror[39m: [31m403 - Access Denied: You do not have permission to perform this operation. - /api/v1/advocates - GET - ::1[39m
2026-07-29 12:44:37:4437 [31merror[39m: [31m403 - Access Denied: You do not have permission to perform this operation. - /api/v1/payments - GET - ::1[39m
2026-07-29 12:44:40:4440 [31merror[39m: [31m403 - Access Denied: You do not have permission to perform this operation. - /api/v1/opinions - GET - ::1[39m
2026-07-29 12:44:40:4440 [31merror[39m: [31m403 - Access Denied: You do not have permission to perform this operation. - /api/v1/memberships - GET - ::1[39m
2026-07-29 12:44:45:4445 [31merror[39m: [31m403 - Access Denied: You do not have permission to perform this operation. - /api/v1/advocates - GET - ::1[39m
2026-07-29 12:44:45:4445 [31merror[39m: [31m403 - Access Denied: You do not have permission to perform this operation. - /api/v1/payments - GET - ::1[39m
2026-07-29 12:44:45:4445 [31merror[39m: [31m403 - Access Denied: You do not have permission to perform this operation. - /api/v1/opinions - GET - ::1[39m
2026-07-29 12:44:45:4445 [31merror[39m: [31m403 - Access Denied: You do not have permission to perform this operation. - /api/v1/memberships - GET - ::1[39m
2026-07-29 12:45:41:4541 [31merror[39m: [31mJWT Verification Error: jwt expired[39m
2026-07-29 12:45:41:4541 [31merror[39m: [31m401 - Invalid or expired security token. Please log in again. - /api/v1/cases - GET - ::1[39m
2026-07-29 12:45:41:4541 [31merror[39m: [31mJWT Verification Error: jwt expired[39m
2026-07-29 12:45:41:4541 [31merror[39m: [31m401 - Invalid or expired security token. Please log in again. - /api/v1/clients - GET - ::1[39m
2026-07-29 12:45:41:4541 [31merror[39m: [31mJWT Verification Error: jwt expired[39m
2026-07-29 12:45:41:4541 [31merror[39m: [31m401 - Invalid or expired security token. Please log in again. - /api/v1/diary - GET - ::1[39m
2026-07-29 12:45:41:4541 [31merror[39m: [31mJWT Verification Error: jwt expired[39m
2026-07-29 12:45:41:4541 [31merror[39m: [31m401 - Invalid or expired security token. Please log in again. - /api/v1/advocates - GET - ::1[39m
2026-07-29 12:45:41:4541 [31merror[39m: [31mJWT Verification Error: jwt expired[39m
2026-07-29 12:45:41:4541 [31merror[39m: [31m401 - Invalid or expired security token. Please log in again. - /api/v1/daybook - GET - ::1[39m
2026-07-29 12:45:41:4541 [31merror[39m: [31mJWT Verification Error: jwt expired[39m
2026-07-29 12:45:41:4541 [31merror[39m: [31m401 - Invalid or expired security token. Please log in again. - /api/v1/payments - GET - ::1[39m
2026-07-29 12:45:41:4541 [31merror[39m: [31mJWT Verification Error: jwt expired[39m
2026-07-29 12:45:41:4541 [31merror[39m: [31m401 - Invalid or expired security token. Please log in again. - /api/v1/alerts - GET - ::1[39m
2026-07-29 12:45:41:4541 [31merror[39m: [31mJWT Verification Error: jwt expired[39m
2026-07-29 12:45:41:4541 [31merror[39m: [31m401 - Invalid or expired security token. Please log in again. - /api/v1/lands - GET - ::1[39m
2026-07-29 12:45:41:4541 [31merror[39m: [31mJWT Verification Error: jwt expired[39m
2026-07-29 12:45:41:4541 [31merror[39m: [31m401 - Invalid or expired security token. Please log in again. - /api/v1/opinions - GET - ::1[39m
2026-07-29 12:45:41:4541 [31merror[39m: [31mJWT Verification Error: jwt expired[39m
2026-07-29 12:45:41:4541 [31merror[39m: [31m401 - Invalid or expired security token. Please log in again. - /api/v1/memberships - GET - ::1[39m
2026-07-29 12:45:41:4541 [31merror[39m: [31mJWT Verification Error: jwt expired[39m
2026-07-29 12:45:41:4541 [31merror[39m: [31m401 - Invalid or expired security token. Please log in again. - /api/v1/acts - GET - ::1[39m
2026-07-29 12:45:41:4541 [31merror[39m: [31mJWT Verification Error: jwt expired[39m
2026-07-29 12:45:41:4541 [31merror[39m: [31m401 - Invalid or expired security token. Please log in again. - /api/v1/amendments - GET - ::1[39m
2026-07-29 12:45:41:4541 [31merror[39m: [31mJWT Verification Error: jwt expired[39m
2026-07-29 12:45:41:4541 [31merror[39m: [31m401 - Invalid or expired security token. Please log in again. - /api/v1/roles/roles - GET - ::1[39m
2026-07-29 12:45:42:4542 [31merror[39m: [31mJWT Verification Error: jwt expired[39m
2026-07-29 12:45:42:4542 [31merror[39m: [31m401 - Invalid or expired security token. Please log in again. - /api/v1/roles/modules - GET - ::1[39m
2026-07-29 12:45:42:4542 [31merror[39m: [31mJWT Verification Error: jwt expired[39m
2026-07-29 12:45:42:4542 [31merror[39m: [31m401 - Invalid or expired security token. Please log in again. - /api/v1/cases - GET - ::1[39m
2026-07-29 12:45:42:4542 [31merror[39m: [31mJWT Verification Error: jwt expired[39m
2026-07-29 12:45:42:4542 [31merror[39m: [31m401 - Invalid or expired security token. Please log in again. - /api/v1/clients - GET - ::1[39m
2026-07-29 12:45:42:4542 [31merror[39m: [31mJWT Verification Error: jwt expired[39m
2026-07-29 12:45:42:4542 [31merror[39m: [31m401 - Invalid or expired security token. Please log in again. - /api/v1/advocates - GET - ::1[39m
2026-07-29 12:45:42:4542 [31merror[39m: [31mJWT Verification Error: jwt expired[39m
2026-07-29 12:45:42:4542 [31merror[39m: [31m401 - Invalid or expired security token. Please log in again. - /api/v1/diary - GET - ::1[39m
2026-07-29 12:45:42:4542 [31merror[39m: [31mJWT Verification Error: jwt expired[39m
2026-07-29 12:45:42:4542 [31merror[39m: [31m401 - Invalid or expired security token. Please log in again. - /api/v1/daybook - GET - ::1[39m
2026-07-29 12:45:42:4542 [31merror[39m: [31mJWT Verification Error: jwt expired[39m
2026-07-29 12:45:42:4542 [31merror[39m: [31m401 - Invalid or expired security token. Please log in again. - /api/v1/payments - GET - ::1[39m
2026-07-29 12:45:42:4542 [31merror[39m: [31mJWT Verification Error: jwt expired[39m
2026-07-29 12:45:42:4542 [31merror[39m: [31m401 - Invalid or expired security token. Please log in again. - /api/v1/alerts - GET - ::1[39m
2026-07-29 12:45:42:4542 [31merror[39m: [31mJWT Verification Error: jwt expired[39m
2026-07-29 12:45:42:4542 [31merror[39m: [31m401 - Invalid or expired security token. Please log in again. - /api/v1/lands - GET - ::1[39m
2026-07-29 12:45:42:4542 [31merror[39m: [31mJWT Verification Error: jwt expired[39m
2026-07-29 12:45:42:4542 [31merror[39m: [31m401 - Invalid or expired security token. Please log in again. - /api/v1/opinions - GET - ::1[39m
2026-07-29 12:45:42:4542 [31merror[39m: [31mJWT Verification Error: jwt expired[39m
2026-07-29 12:45:42:4542 [31merror[39m: [31m401 - Invalid or expired security token. Please log in again. - /api/v1/memberships - GET - ::1[39m
2026-07-29 12:45:42:4542 [31merror[39m: [31mJWT Verification Error: jwt expired[39m
2026-07-29 12:45:42:4542 [31merror[39m: [31m401 - Invalid or expired security token. Please log in again. - /api/v1/acts - GET - ::1[39m
2026-07-29 12:45:42:4542 [31merror[39m: [31mJWT Verification Error: jwt expired[39m
2026-07-29 12:45:42:4542 [31merror[39m: [31m401 - Invalid or expired security token. Please log in again. - /api/v1/amendments - GET - ::1[39m
2026-07-29 12:45:42:4542 [31merror[39m: [31mJWT Verification Error: jwt expired[39m
2026-07-29 12:45:42:4542 [31merror[39m: [31m401 - Invalid or expired security token. Please log in again. - /api/v1/amendments?limit=10&offset=0 - GET - ::1[39m
2026-07-29 12:45:42:4542 [31merror[39m: [31mJWT Verification Error: jwt expired[39m
2026-07-29 12:45:42:4542 [31merror[39m: [31m401 - Invalid or expired security token. Please log in again. - /api/v1/roles/roles - GET - ::1[39m
2026-07-29 12:45:42:4542 [31merror[39m: [31mJWT Verification Error: jwt expired[39m
2026-07-29 12:45:42:4542 [31merror[39m: [31m401 - Invalid or expired security token. Please log in again. - /api/v1/roles/modules - GET - ::1[39m
2026-07-29 12:45:42:4542 [31merror[39m: [31mJWT Verification Error: jwt expired[39m
2026-07-29 12:45:42:4542 [31merror[39m: [31m401 - Invalid or expired security token. Please log in again. - /api/v1/cases - GET - ::1[39m
2026-07-29 12:45:42:4542 [31merror[39m: [31mJWT Verification Error: jwt expired[39m
2026-07-29 12:45:42:4542 [31merror[39m: [31m401 - Invalid or expired security token. Please log in again. - /api/v1/clients - GET - ::1[39m
2026-07-29 12:45:42:4542 [31merror[39m: [31mJWT Verification Error: jwt expired[39m
2026-07-29 12:45:42:4542 [31merror[39m: [31m401 - Invalid or expired security token. Please log in again. - /api/v1/advocates - GET - ::1[39m
2026-07-29 12:45:42:4542 [31merror[39m: [31mJWT Verification Error: jwt expired[39m
2026-07-29 12:45:42:4542 [31merror[39m: [31m401 - Invalid or expired security token. Please log in again. - /api/v1/diary - GET - ::1[39m
2026-07-29 12:45:42:4542 [31merror[39m: [31mJWT Verification Error: jwt expired[39m
2026-07-29 12:45:42:4542 [31merror[39m: [31m401 - Invalid or expired security token. Please log in again. - /api/v1/daybook - GET - ::1[39m
2026-07-29 12:45:42:4542 [31merror[39m: [31mJWT Verification Error: jwt expired[39m
2026-07-29 12:45:42:4542 [31merror[39m: [31m401 - Invalid or expired security token. Please log in again. - /api/v1/payments - GET - ::1[39m
2026-07-29 12:45:42:4542 [31merror[39m: [31mJWT Verification Error: jwt expired[39m
2026-07-29 12:45:42:4542 [31merror[39m: [31m401 - Invalid or expired security token. Please log in again. - /api/v1/alerts - GET - ::1[39m
2026-07-29 12:45:42:4542 [31merror[39m: [31mJWT Verification Error: jwt expired[39m
2026-07-29 12:45:42:4542 [31merror[39m: [31m401 - Invalid or expired security token. Please log in again. - /api/v1/lands - GET - ::1[39m
2026-07-29 12:45:42:4542 [31merror[39m: [31mJWT Verification Error: jwt expired[39m
2026-07-29 12:45:42:4542 [31merror[39m: [31m401 - Invalid or expired security token. Please log in again. - /api/v1/opinions - GET - ::1[39m
2026-07-29 12:45:42:4542 [31merror[39m: [31mJWT Verification Error: jwt expired[39m
2026-07-29 12:45:42:4542 [31merror[39m: [31m401 - Invalid or expired security token. Please log in again. - /api/v1/memberships - GET - ::1[39m
2026-07-29 12:45:42:4542 [31merror[39m: [31mJWT Verification Error: jwt expired[39m
2026-07-29 12:45:42:4542 [31merror[39m: [31m401 - Invalid or expired security token. Please log in again. - /api/v1/acts - GET - ::1[39m
2026-07-29 12:45:42:4542 [31merror[39m: [31mJWT Verification Error: jwt expired[39m
2026-07-29 12:45:42:4542 [31merror[39m: [31m401 - Invalid or expired security token. Please log in again. - /api/v1/amendments - GET - ::1[39m
2026-07-29 12:45:42:4542 [31merror[39m: [31mJWT Verification Error: jwt expired[39m
2026-07-29 12:45:42:4542 [31merror[39m: [31m401 - Invalid or expired security token. Please log in again. - /api/v1/roles/roles - GET - ::1[39m
2026-07-29 12:45:42:4542 [31merror[39m: [31mJWT Verification Error: jwt expired[39m
2026-07-29 12:45:42:4542 [31merror[39m: [31m401 - Invalid or expired security token. Please log in again. - /api/v1/amendments?limit=10&offset=0 - GET - ::1[39m
2026-07-29 12:45:42:4542 [31merror[39m: [31mJWT Verification Error: jwt expired[39m
2026-07-29 12:45:42:4542 [31merror[39m: [31m401 - Invalid or expired security token. Please log in again. - /api/v1/roles/modules - GET - ::1[39m
2026-07-29 12:45:42:4542 [31merror[39m: [31mJWT Verification Error: jwt expired[39m
2026-07-29 12:45:42:4542 [31merror[39m: [31m401 - Invalid or expired security token. Please log in again. - /api/v1/cases - GET - ::1[39m
2026-07-29 12:45:42:4542 [31merror[39m: [31mJWT Verification Error: jwt expired[39m
2026-07-29 12:45:42:4542 [31merror[39m: [31m401 - Invalid or expired security token. Please log in again. - /api/v1/clients - GET - ::1[39m
2026-07-29 12:45:42:4542 [31merror[39m: [31mJWT Verification Error: jwt expired[39m
2026-07-29 12:45:42:4542 [31merror[39m: [31m401 - Invalid or expired security token. Please log in again. - /api/v1/advocates - GET - ::1[39m
2026-07-29 12:45:42:4542 [31merror[39m: [31mJWT Verification Error: jwt expired[39m
2026-07-29 12:45:42:4542 [31merror[39m: [31m401 - Invalid or expired security token. Please log in again. - /api/v1/diary - GET - ::1[39m
2026-07-29 12:45:42:4542 [31merror[39m: [31mJWT Verification Error: jwt expired[39m
2026-07-29 12:45:42:4542 [31merror[39m: [31m401 - Invalid or expired security token. Please log in again. - /api/v1/daybook - GET - ::1[39m
2026-07-29 12:45:42:4542 [31merror[39m: [31mJWT Verification Error: jwt expired[39m
2026-07-29 12:45:42:4542 [31merror[39m: [31m401 - Invalid or expired security token. Please log in again. - /api/v1/payments - GET - ::1[39m
2026-07-29 12:45:42:4542 [31merror[39m: [31mJWT Verification Error: jwt expired[39m
2026-07-29 12:45:42:4542 [31merror[39m: [31m401 - Invalid or expired security token. Please log in again. - /api/v1/alerts - GET - ::1[39m
2026-07-29 12:45:42:4542 [31merror[39m: [31mJWT Verification Error: jwt expired[39m
2026-07-29 12:45:42:4542 [31merror[39m: [31m401 - Invalid or expired security token. Please log in again. - /api/v1/lands - GET - ::1[39m
2026-07-29 12:45:42:4542 [31merror[39m: [31mJWT Verification Error: jwt expired[39m
2026-07-29 12:45:42:4542 [31merror[39m: [31m401 - Invalid or expired security token. Please log in again. - /api/v1/memberships - GET - ::1[39m
2026-07-29 12:45:42:4542 [31merror[39m: [31mJWT Verification Error: jwt expired[39m
2026-07-29 12:45:42:4542 [31merror[39m: [31m401 - Invalid or expired security token. Please log in again. - /api/v1/opinions - GET - ::1[39m
2026-07-29 12:45:42:4542 [31merror[39m: [31mJWT Verification Error: jwt expired[39m
2026-07-29 12:45:42:4542 [31merror[39m: [31m401 - Invalid or expired security token. Please log in again. - /api/v1/acts - GET - ::1[39m
2026-07-29 12:45:42:4542 [31merror[39m: [31mJWT Verification Error: jwt expired[39m
2026-07-29 12:45:42:4542 [31merror[39m: [31m401 - Invalid or expired security token. Please log in again. - /api/v1/amendments - GET - ::1[39m
2026-07-29 12:45:42:4542 [31merror[39m: [31mJWT Verification Error: jwt expired[39m
2026-07-29 12:45:42:4542 [31merror[39m: [31m401 - Invalid or expired security token. Please log in again. - /api/v1/roles/roles - GET - ::1[39m
2026-07-29 12:45:42:4542 [31merror[39m: [31mJWT Verification Error: jwt expired[39m
2026-07-29 12:45:42:4542 [31merror[39m: [31m401 - Invalid or expired security token. Please log in again. - /api/v1/roles/modules - GET - ::1[39m
2026-07-29 12:45:42:4542 [31merror[39m: [31mJWT Verification Error: jwt expired[39m
2026-07-29 12:45:42:4542 [31merror[39m: [31m401 - Invalid or expired security token. Please log in again. - /api/v1/roles/roles - GET - ::1[39m
2026-07-29 12:45:42:4542 [31merror[39m: [31mJWT Verification Error: jwt expired[39m
2026-07-29 12:45:42:4542 [31merror[39m: [31m401 - Invalid or expired security token. Please log in again. - /api/v1/roles/roles - GET - ::1[39m
2026-07-29 12:45:42:4542 [31merror[39m: [31mJWT Verification Error: jwt expired[39m
2026-07-29 12:45:42:4542 [31merror[39m: [31m401 - Invalid or expired security token. Please log in again. - /api/v1/roles/roles - GET - ::1[39m
2026-07-29 12:45:42:4542 [31merror[39m: [31mJWT Verification Error: jwt expired[39m
2026-07-29 12:45:42:4542 [31merror[39m: [31m401 - Invalid or expired security token. Please log in again. - /api/v1/roles/roles - GET - ::1[39m
2026-07-29 12:49:01:491 [32minfo[39m: [32mMySQL database connection established successfully.[39m
2026-07-29 12:49:02:492 [32minfo[39m: [32mMySQL database connection established successfully.[39m
2026-07-29 12:49:03:493 [33mwarn[39m: [33mensureTasksTable / ensureAmendmentTable failed:[39m
2026-07-29 12:49:03:493 [32minfo[39m: [32mAlert scanner scheduled daily at midnight (0 0 * * *).[39m
2026-07-29 12:49:03:493 [32minfo[39m: [32mServer successfully started on port 5000 in development mode.[39m
2026-07-29 12:59:53:5953 [32minfo[39m: [32mShutting down server gracefully...[39m
2026-07-29 13:00:40:040 [32minfo[39m: [32mMySQL database connection established successfully.[39m
2026-07-29 13:00:42:042 [32minfo[39m: [32mMySQL database connection established successfully.[39m
2026-07-29 13:00:42:042 [33mwarn[39m: [33mensureTasksTable / ensureAmendmentTable failed:[39m
2026-07-29 13:00:42:042 [32minfo[39m: [32mAlert scanner scheduled daily at midnight (0 0 * * *).[39m
2026-07-29 13:00:42:042 [32minfo[39m: [32mServer successfully started on port 5000 in development mode.[39m
2026-07-29 13:00:43:043 [31merror[39m: [31mJWT Verification Error: jwt expired[39m
2026-07-29 13:00:43:043 [31merror[39m: [31m401 - Invalid or expired security token. Please log in again. - /api/v1/cases - GET - ::1[39m
2026-07-29 13:00:43:043 [31merror[39m: [31mJWT Verification Error: jwt expired[39m
2026-07-29 13:00:43:043 [31merror[39m: [31m401 - Invalid or expired security token. Please log in again. - /api/v1/clients - GET - ::1[39m
2026-07-29 13:00:43:043 [31merror[39m: [31mJWT Verification Error: jwt expired[39m
2026-07-29 13:00:43:043 [31merror[39m: [31m401 - Invalid or expired security token. Please log in again. - /api/v1/advocates - GET - ::1[39m
2026-07-29 13:00:43:043 [31merror[39m: [31mJWT Verification Error: jwt expired[39m
2026-07-29 13:00:43:043 [31merror[39m: [31m401 - Invalid or expired security token. Please log in again. - /api/v1/diary - GET - ::1[39m
2026-07-29 13:00:43:043 [31merror[39m: [31mJWT Verification Error: jwt expired[39m
2026-07-29 13:00:43:043 [31merror[39m: [31m401 - Invalid or expired security token. Please log in again. - /api/v1/daybook - GET - ::1[39m
2026-07-29 13:00:43:043 [31merror[39m: [31mJWT Verification Error: jwt expired[39m
2026-07-29 13:00:43:043 [31merror[39m: [31m401 - Invalid or expired security token. Please log in again. - /api/v1/payments - GET - ::1[39m
2026-07-29 13:00:43:043 [31merror[39m: [31mJWT Verification Error: jwt expired[39m
2026-07-29 13:00:43:043 [31merror[39m: [31m401 - Invalid or expired security token. Please log in again. - /api/v1/lands - GET - ::1[39m
2026-07-29 13:00:43:043 [31merror[39m: [31mJWT Verification Error: jwt expired[39m
2026-07-29 13:00:43:043 [31merror[39m: [31m401 - Invalid or expired security token. Please log in again. - /api/v1/opinions - GET - ::1[39m
2026-07-29 13:00:43:043 [31merror[39m: [31mJWT Verification Error: jwt expired[39m
2026-07-29 13:00:43:043 [31merror[39m: [31m401 - Invalid or expired security token. Please log in again. - /api/v1/alerts - GET - ::1[39m
2026-07-29 13:00:43:043 [31merror[39m: [31mJWT Verification Error: jwt expired[39m
2026-07-29 13:00:43:043 [31merror[39m: [31m401 - Invalid or expired security token. Please log in again. - /api/v1/memberships - GET - ::1[39m
2026-07-29 13:00:43:043 [31merror[39m: [31mJWT Verification Error: jwt expired[39m
2026-07-29 13:00:43:043 [31merror[39m: [31m401 - Invalid or expired security token. Please log in again. - /api/v1/acts - GET - ::1[39m
2026-07-29 13:00:43:043 [31merror[39m: [31mJWT Verification Error: jwt expired[39m
2026-07-29 13:00:43:043 [31merror[39m: [31m401 - Invalid or expired security token. Please log in again. - /api/v1/amendments - GET - ::1[39m
2026-07-29 13:00:43:043 [31merror[39m: [31mJWT Verification Error: jwt expired[39m
2026-07-29 13:00:43:043 [31merror[39m: [31m401 - Invalid or expired security token. Please log in again. - /api/v1/roles/roles - GET - ::1[39m
2026-07-29 13:00:43:043 [31merror[39m: [31mJWT Verification Error: jwt expired[39m
2026-07-29 13:00:43:043 [31merror[39m: [31m401 - Invalid or expired security token. Please log in again. - /api/v1/roles/modules - GET - ::1[39m
2026-07-29 13:00:43:043 [31merror[39m: [31mJWT Verification Error: jwt expired[39m
2026-07-29 13:00:43:043 [31merror[39m: [31m401 - Invalid or expired security token. Please log in again. - /api/v1/cases - GET - ::1[39m
2026-07-29 13:00:43:043 [31merror[39m: [31mJWT Verification Error: jwt expired[39m
2026-07-29 13:00:43:043 [31merror[39m: [31m401 - Invalid or expired security token. Please log in again. - /api/v1/clients - GET - ::1[39m
2026-07-29 13:00:43:043 [31merror[39m: [31mJWT Verification Error: jwt expired[39m
2026-07-29 13:00:43:043 [31merror[39m: [31m401 - Invalid or expired security token. Please log in again. - /api/v1/diary - GET - ::1[39m
2026-07-29 13:00:43:043 [31merror[39m: [31mJWT Verification Error: jwt expired[39m
2026-07-29 13:00:43:043 [31merror[39m: [31m401 - Invalid or expired security token. Please log in again. - /api/v1/advocates - GET - ::1[39m
2026-07-29 13:00:43:043 [31merror[39m: [31mJWT Verification Error: jwt expired[39m
2026-07-29 13:00:43:043 [31merror[39m: [31m401 - Invalid or expired security token. Please log in again. - /api/v1/daybook - GET - ::1[39m
2026-07-29 13:00:43:043 [31merror[39m: [31mJWT Verification Error: jwt expired[39m
2026-07-29 13:00:43:043 [31merror[39m: [31m401 - Invalid or expired security token. Please log in again. - /api/v1/payments - GET - ::1[39m
2026-07-29 13:00:43:043 [31merror[39m: [31mJWT Verification Error: jwt expired[39m
2026-07-29 13:00:43:043 [31merror[39m: [31m401 - Invalid or expired security token. Please log in again. - /api/v1/lands - GET - ::1[39m
2026-07-29 13:00:43:043 [31merror[39m: [31mJWT Verification Error: jwt expired[39m
2026-07-29 13:00:43:043 [31merror[39m: [31m401 - Invalid or expired security token. Please log in again. - /api/v1/opinions - GET - ::1[39m
2026-07-29 13:00:43:043 [31merror[39m: [31mJWT Verification Error: jwt expired[39m
2026-07-29 13:00:43:043 [31merror[39m: [31m401 - Invalid or expired security token. Please log in again. - /api/v1/alerts - GET - ::1[39m
2026-07-29 13:00:43:043 [31merror[39m: [31mJWT Verification Error: jwt expired[39m
2026-07-29 13:00:43:043 [31merror[39m: [31m401 - Invalid or expired security token. Please log in again. - /api/v1/acts - GET - ::1[39m
2026-07-29 13:00:43:043 [31merror[39m: [31mJWT Verification Error: jwt expired[39m
2026-07-29 13:00:43:043 [31merror[39m: [31m401 - Invalid or expired security token. Please log in again. - /api/v1/memberships - GET - ::1[39m
2026-07-29 13:00:43:043 [31merror[39m: [31mJWT Verification Error: jwt expired[39m
2026-07-29 13:00:43:043 [31merror[39m: [31m401 - Invalid or expired security token. Please log in again. - /api/v1/amendments - GET - ::1[39m
2026-07-29 13:00:43:043 [31merror[39m: [31mJWT Verification Error: jwt expired[39m
2026-07-29 13:00:43:043 [31merror[39m: [31m401 - Invalid or expired security token. Please log in again. - /api/v1/roles/roles - GET - ::1[39m
2026-07-29 13:00:43:043 [31merror[39m: [31mJWT Verification Error: jwt expired[39m
2026-07-29 13:00:43:043 [31merror[39m: [31m401 - Invalid or expired security token. Please log in again. - /api/v1/roles/modules - GET - ::1[39m
2026-07-29 13:00:43:043 [31merror[39m: [31mJWT Verification Error: jwt expired[39m
2026-07-29 13:00:43:043 [31merror[39m: [31m401 - Invalid or expired security token. Please log in again. - /api/v1/roles/roles - GET - ::1[39m
2026-07-29 13:00:43:043 [31merror[39m: [31mJWT Verification Error: jwt expired[39m
2026-07-29 13:00:43:043 [31merror[39m: [31m401 - Invalid or expired security token. Please log in again. - /api/v1/roles/roles - GET - ::1[39m
2026-07-29 13:00:43:043 [31merror[39m: [31mJWT Verification Error: jwt expired[39m
2026-07-29 13:00:43:043 [31merror[39m: [31m401 - Invalid or expired security token. Please log in again. - /api/v1/reports/case?year=2026 - GET - ::1[39m
2026-07-29 13:11:20:1120 [31merror[39m: [31mJWT Verification Error: jwt expired[39m
2026-07-29 13:11:20:1120 [31merror[39m: [31m401 - Invalid or expired security token. Please log in again. - /api/v1/dashboard - GET - ::1[39m
2026-07-29 13:11:20:1120 [31merror[39m: [31mJWT Verification Error: jwt expired[39m
2026-07-29 13:11:20:1120 [31merror[39m: [31m401 - Invalid or expired security token. Please log in again. - /api/v1/cases - GET - ::1[39m
2026-07-29 13:11:20:1120 [31merror[39m: [31mJWT Verification Error: jwt expired[39m
2026-07-29 13:11:20:1120 [31merror[39m: [31m401 - Invalid or expired security token. Please log in again. - /api/v1/clients - GET - ::1[39m
2026-07-29 13:11:20:1120 [31merror[39m: [31mJWT Verification Error: jwt expired[39m
2026-07-29 13:11:20:1120 [31merror[39m: [31m401 - Invalid or expired security token. Please log in again. - /api/v1/advocates - GET - ::1[39m
2026-07-29 13:11:21:1121 [31merror[39m: [31mJWT Verification Error: jwt expired[39m
2026-07-29 13:11:21:1121 [31merror[39m: [31m401 - Invalid or expired security token. Please log in again. - /api/v1/diary - GET - ::1[39m
2026-07-29 13:11:21:1121 [31merror[39m: [31mJWT Verification Error: jwt expired[39m
2026-07-29 13:11:21:1121 [31merror[39m: [31m401 - Invalid or expired security token. Please log in again. - /api/v1/daybook - GET - ::1[39m
2026-07-29 13:11:21:1121 [31merror[39m: [31mJWT Verification Error: jwt expired[39m
2026-07-29 13:11:21:1121 [31merror[39m: [31m401 - Invalid or expired security token. Please log in again. - /api/v1/payments - GET - ::1[39m
2026-07-29 13:11:21:1121 [31merror[39m: [31mJWT Verification Error: jwt expired[39m
2026-07-29 13:11:21:1121 [31merror[39m: [31m401 - Invalid or expired security token. Please log in again. - /api/v1/alerts - GET - ::1[39m
2026-07-29 13:11:21:1121 [31merror[39m: [31mJWT Verification Error: jwt expired[39m
2026-07-29 13:11:21:1121 [31merror[39m: [31m401 - Invalid or expired security token. Please log in again. - /api/v1/lands - GET - ::1[39m
2026-07-29 13:11:21:1121 [31merror[39m: [31mJWT Verification Error: jwt expired[39m
2026-07-29 13:11:21:1121 [31merror[39m: [31m401 - Invalid or expired security token. Please log in again. - /api/v1/opinions - GET - ::1[39m
2026-07-29 13:11:21:1121 [31merror[39m: [31mJWT Verification Error: jwt expired[39m
2026-07-29 13:11:21:1121 [31merror[39m: [31m401 - Invalid or expired security token. Please log in again. - /api/v1/memberships - GET - ::1[39m
2026-07-29 13:11:21:1121 [31merror[39m: [31mJWT Verification Error: jwt expired[39m
2026-07-29 13:11:21:1121 [31merror[39m: [31m401 - Invalid or expired security token. Please log in again. - /api/v1/advocates - GET - ::1[39m
2026-07-29 13:11:21:1121 [31merror[39m: [31mJWT Verification Error: jwt expired[39m
2026-07-29 13:11:21:1121 [31merror[39m: [31m401 - Invalid or expired security token. Please log in again. - /api/v1/acts - GET - ::1[39m
2026-07-29 13:11:21:1121 [31merror[39m: [31mJWT Verification Error: jwt expired[39m
2026-07-29 13:11:21:1121 [31merror[39m: [31m401 - Invalid or expired security token. Please log in again. - /api/v1/amendments - GET - ::1[39m
2026-07-29 13:11:21:1121 [31merror[39m: [31mJWT Verification Error: jwt expired[39m
2026-07-29 13:11:21:1121 [31merror[39m: [31m401 - Invalid or expired security token. Please log in again. - /api/v1/dashboard - GET - ::1[39m
2026-07-29 13:11:21:1121 [31merror[39m: [31mJWT Verification Error: jwt expired[39m
2026-07-29 13:11:21:1121 [31merror[39m: [31m401 - Invalid or expired security token. Please log in again. - /api/v1/cases - GET - ::1[39m
2026-07-29 13:11:21:1121 [31merror[39m: [31mJWT Verification Error: jwt expired[39m
2026-07-29 13:11:21:1121 [31merror[39m: [31m401 - Invalid or expired security token. Please log in again. - /api/v1/clients - GET - ::1[39m
2026-07-29 13:11:21:1121 [31merror[39m: [31mJWT Verification Error: jwt expired[39m
2026-07-29 13:11:21:1121 [31merror[39m: [31m401 - Invalid or expired security token. Please log in again. - /api/v1/diary - GET - ::1[39m
2026-07-29 13:11:21:1121 [31merror[39m: [31mJWT Verification Error: jwt expired[39m
2026-07-29 13:11:21:1121 [31merror[39m: [31m401 - Invalid or expired security token. Please log in again. - /api/v1/roles/roles - GET - ::1[39m
2026-07-29 13:11:21:1121 [31merror[39m: [31mJWT Verification Error: jwt expired[39m
2026-07-29 13:11:21:1121 [31merror[39m: [31m401 - Invalid or expired security token. Please log in again. - /api/v1/daybook - GET - ::1[39m
2026-07-29 13:11:21:1121 [31merror[39m: [31mJWT Verification Error: jwt expired[39m
2026-07-29 13:11:21:1121 [31merror[39m: [31m401 - Invalid or expired security token. Please log in again. - /api/v1/roles/modules - GET - ::1[39m
2026-07-29 13:11:21:1121 [31merror[39m: [31mJWT Verification Error: jwt expired[39m
2026-07-29 13:11:21:1121 [31merror[39m: [31m401 - Invalid or expired security token. Please log in again. - /api/v1/payments - GET - ::1[39m
2026-07-29 13:11:21:1121 [31merror[39m: [31mJWT Verification Error: jwt expired[39m
2026-07-29 13:11:21:1121 [31merror[39m: [31m401 - Invalid or expired security token. Please log in again. - /api/v1/alerts - GET - ::1[39m
2026-07-29 13:11:21:1121 [31merror[39m: [31mJWT Verification Error: jwt expired[39m
2026-07-29 13:11:21:1121 [31merror[39m: [31m401 - Invalid or expired security token. Please log in again. - /api/v1/opinions - GET - ::1[39m
2026-07-29 13:11:21:1121 [31merror[39m: [31mJWT Verification Error: jwt expired[39m
2026-07-29 13:11:21:1121 [31merror[39m: [31m401 - Invalid or expired security token. Please log in again. - /api/v1/lands - GET - ::1[39m
2026-07-29 13:11:21:1121 [31merror[39m: [31mJWT Verification Error: jwt expired[39m
2026-07-29 13:11:21:1121 [31merror[39m: [31m401 - Invalid or expired security token. Please log in again. - /api/v1/memberships - GET - ::1[39m
2026-07-29 13:11:21:1121 [31merror[39m: [31mJWT Verification Error: jwt expired[39m
2026-07-29 13:11:21:1121 [31merror[39m: [31m401 - Invalid or expired security token. Please log in again. - /api/v1/amendments - GET - ::1[39m
2026-07-29 13:11:21:1121 [31merror[39m: [31mJWT Verification Error: jwt expired[39m
2026-07-29 13:11:21:1121 [31merror[39m: [31m401 - Invalid or expired security token. Please log in again. - /api/v1/acts - GET - ::1[39m
2026-07-29 13:11:21:1121 [31merror[39m: [31mJWT Verification Error: jwt expired[39m
2026-07-29 13:11:21:1121 [31merror[39m: [31m401 - Invalid or expired security token. Please log in again. - /api/v1/roles/roles - GET - ::1[39m
2026-07-29 13:11:21:1121 [31merror[39m: [31mJWT Verification Error: jwt expired[39m
2026-07-29 13:11:21:1121 [31merror[39m: [31m401 - Invalid or expired security token. Please log in again. - /api/v1/roles/modules - GET - ::1[39m
2026-07-29 13:11:21:1121 [31merror[39m: [31mJWT Verification Error: jwt expired[39m
2026-07-29 13:11:21:1121 [31merror[39m: [31m401 - Invalid or expired security token. Please log in again. - /api/v1/roles/roles - GET - ::1[39m
2026-07-29 13:11:21:1121 [31merror[39m: [31mJWT Verification Error: jwt expired[39m
2026-07-29 13:11:21:1121 [31merror[39m: [31m401 - Invalid or expired security token. Please log in again. - /api/v1/roles/roles - GET - ::1[39m
2026-07-29 13:11:21:1121 [31merror[39m: [31m403 - Access Denied: You do not have permission to perform this operation. - /api/v1/advocates - GET - ::1[39m
2026-07-29 13:11:21:1121 [31merror[39m: [31m403 - Access Denied: You do not have permission to perform this operation. - /api/v1/payments - GET - ::1[39m
2026-07-29 13:11:21:1121 [31merror[39m: [31m403 - Access Denied: You do not have permission to perform this operation. - /api/v1/opinions - GET - ::1[39m
2026-07-29 13:11:21:1121 [31merror[39m: [31m403 - Access Denied: You do not have permission to perform this operation. - /api/v1/memberships - GET - ::1[39m
2026-07-29 13:11:22:1122 [31merror[39m: [31m403 - Access Denied: You do not have permission to perform this operation. - /api/v1/advocates - GET - ::1[39m
2026-07-29 13:11:22:1122 [31merror[39m: [31m403 - Access Denied: You do not have permission to perform this operation. - /api/v1/payments - GET - ::1[39m
2026-07-29 13:11:22:1122 [31merror[39m: [31m403 - Access Denied: You do not have permission to perform this operation. - /api/v1/opinions - GET - ::1[39m
2026-07-29 13:11:22:1122 [31merror[39m: [31m403 - Access Denied: You do not have permission to perform this operation. - /api/v1/memberships - GET - ::1[39m
2026-07-29 13:21:15:2115 [31merror[39m: [31mJWT Verification Error: jwt expired[39m
2026-07-29 13:21:15:2115 [31merror[39m: [31m401 - Invalid or expired security token. Please log in again. - /api/v1/alerts - GET - ::1[39m
2026-07-29 13:21:15:2115 [31merror[39m: [31mJWT Verification Error: jwt expired[39m
2026-07-29 13:21:15:2115 [31merror[39m: [31m401 - Invalid or expired security token. Please log in again. - /api/v1/alerts - GET - ::1[39m
2026-07-29 14:06:50:650 [31merror[39m: [31mJWT Verification Error: jwt expired[39m
2026-07-29 14:06:50:650 [31merror[39m: [31m401 - Invalid or expired security token. Please log in again. - /api/v1/dashboard - GET - ::1[39m
2026-07-29 14:06:50:650 [31merror[39m: [31mJWT Verification Error: jwt expired[39m
2026-07-29 14:06:50:650 [31merror[39m: [31m401 - Invalid or expired security token. Please log in again. - /api/v1/cases - GET - ::1[39m
2026-07-29 14:06:55:655 [31merror[39m: [31mJWT Verification Error: jwt expired[39m
2026-07-29 14:06:55:655 [31merror[39m: [31m401 - Invalid or expired security token. Please log in again. - /api/v1/clients - GET - ::1[39m
2026-07-29 14:06:55:655 [31merror[39m: [31mJWT Verification Error: jwt expired[39m
2026-07-29 14:06:55:655 [31merror[39m: [31m401 - Invalid or expired security token. Please log in again. - /api/v1/advocates - GET - ::1[39m
2026-07-29 14:06:55:655 [31merror[39m: [31mJWT Verification Error: jwt expired[39m
2026-07-29 14:06:55:655 [31merror[39m: [31m401 - Invalid or expired security token. Please log in again. - /api/v1/diary - GET - ::1[39m
2026-07-29 14:06:55:655 [31merror[39m: [31mJWT Verification Error: jwt expired[39m
2026-07-29 14:06:55:655 [31merror[39m: [31m401 - Invalid or expired security token. Please log in again. - /api/v1/daybook - GET - ::1[39m
2026-07-29 14:06:55:655 [31merror[39m: [31mJWT Verification Error: jwt expired[39m
2026-07-29 14:06:55:655 [31merror[39m: [31m401 - Invalid or expired security token. Please log in again. - /api/v1/payments - GET - ::1[39m
2026-07-29 14:06:55:655 [31merror[39m: [31mJWT Verification Error: jwt expired[39m
2026-07-29 14:06:55:655 [31merror[39m: [31m401 - Invalid or expired security token. Please log in again. - /api/v1/alerts - GET - ::1[39m
2026-07-29 14:06:55:655 [31merror[39m: [31mJWT Verification Error: jwt expired[39m
2026-07-29 14:06:55:655 [31merror[39m: [31m401 - Invalid or expired security token. Please log in again. - /api/v1/lands - GET - ::1[39m
2026-07-29 14:06:57:657 [31merror[39m: [31mJWT Verification Error: jwt expired[39m
2026-07-29 14:06:57:657 [31merror[39m: [31m401 - Invalid or expired security token. Please log in again. - /api/v1/opinions - GET - ::1[39m
2026-07-29 14:07:01:71 [31merror[39m: [31mJWT Verification Error: jwt expired[39m
2026-07-29 14:07:01:71 [31merror[39m: [31m401 - Invalid or expired security token. Please log in again. - /api/v1/memberships - GET - ::1[39m
2026-07-29 14:07:01:71 [31merror[39m: [31mJWT Verification Error: jwt expired[39m
2026-07-29 14:07:01:71 [31merror[39m: [31m401 - Invalid or expired security token. Please log in again. - /api/v1/acts - GET - ::1[39m
2026-07-29 14:07:01:71 [31merror[39m: [31mJWT Verification Error: jwt expired[39m
2026-07-29 14:07:01:71 [31merror[39m: [31m401 - Invalid or expired security token. Please log in again. - /api/v1/amendments - GET - ::1[39m
2026-07-29 14:07:01:71 [31merror[39m: [31mJWT Verification Error: jwt expired[39m
2026-07-29 14:07:01:71 [31merror[39m: [31m401 - Invalid or expired security token. Please log in again. - /api/v1/acts?includeDeleted=false - GET - ::1[39m
2026-07-29 14:07:01:71 [31merror[39m: [31mJWT Verification Error: jwt expired[39m
2026-07-29 14:07:01:71 [31merror[39m: [31m401 - Invalid or expired security token. Please log in again. - /api/v1/cases - GET - ::1[39m
2026-07-29 14:07:01:71 [31merror[39m: [31mJWT Verification Error: jwt expired[39m
2026-07-29 14:07:01:71 [31merror[39m: [31m401 - Invalid or expired security token. Please log in again. - /api/v1/clients - GET - ::1[39m
2026-07-29 14:07:01:71 [31merror[39m: [31mJWT Verification Error: jwt expired[39m
2026-07-29 14:07:01:71 [31merror[39m: [31m401 - Invalid or expired security token. Please log in again. - /api/v1/advocates - GET - ::1[39m
2026-07-29 14:07:01:71 [31merror[39m: [31mJWT Verification Error: jwt expired[39m
2026-07-29 14:07:01:71 [31merror[39m: [31m401 - Invalid or expired security token. Please log in again. - /api/v1/diary - GET - ::1[39m
2026-07-29 14:07:01:71 [31merror[39m: [31mJWT Verification Error: jwt expired[39m
2026-07-29 14:07:01:71 [31merror[39m: [31m401 - Invalid or expired security token. Please log in again. - /api/v1/daybook - GET - ::1[39m
2026-07-29 14:07:01:71 [31merror[39m: [31mJWT Verification Error: jwt expired[39m
2026-07-29 14:07:01:71 [31merror[39m: [31m401 - Invalid or expired security token. Please log in again. - /api/v1/roles/roles - GET - ::1[39m
2026-07-29 14:07:01:71 [31merror[39m: [31mJWT Verification Error: jwt expired[39m
2026-07-29 14:07:01:71 [31merror[39m: [31m401 - Invalid or expired security token. Please log in again. - /api/v1/payments - GET - ::1[39m
2026-07-29 14:07:01:71 [31merror[39m: [31mJWT Verification Error: jwt expired[39m
2026-07-29 14:07:01:71 [31merror[39m: [31m401 - Invalid or expired security token. Please log in again. - /api/v1/alerts - GET - ::1[39m
2026-07-29 14:07:01:71 [31merror[39m: [31mJWT Verification Error: jwt expired[39m
2026-07-29 14:07:01:71 [31merror[39m: [31m401 - Invalid or expired security token. Please log in again. - /api/v1/lands - GET - ::1[39m
2026-07-29 14:07:01:71 [31merror[39m: [31mJWT Verification Error: jwt expired[39m
2026-07-29 14:07:01:71 [31merror[39m: [31m401 - Invalid or expired security token. Please log in again. - /api/v1/roles/roles - GET - ::1[39m
2026-07-29 14:07:01:71 [31merror[39m: [31mJWT Verification Error: jwt expired[39m
2026-07-29 14:07:01:71 [31merror[39m: [31m401 - Invalid or expired security token. Please log in again. - /api/v1/opinions - GET - ::1[39m
2026-07-29 14:07:01:71 [31merror[39m: [31mJWT Verification Error: jwt expired[39m
2026-07-29 14:07:01:71 [31merror[39m: [31m401 - Invalid or expired security token. Please log in again. - /api/v1/memberships - GET - ::1[39m
2026-07-29 14:07:01:71 [31merror[39m: [31mJWT Verification Error: jwt expired[39m
2026-07-29 14:07:01:71 [31merror[39m: [31m401 - Invalid or expired security token. Please log in again. - /api/v1/acts - GET - ::1[39m
2026-07-29 14:07:01:71 [31merror[39m: [31mJWT Verification Error: jwt expired[39m
2026-07-29 14:07:02:72 [31merror[39m: [31m401 - Invalid or expired security token. Please log in again. - /api/v1/amendments - GET - ::1[39m
2026-07-29 14:07:02:72 [31merror[39m: [31mJWT Verification Error: jwt expired[39m
2026-07-29 14:07:02:72 [31merror[39m: [31m401 - Invalid or expired security token. Please log in again. - /api/v1/roles/modules - GET - ::1[39m
2026-07-29 14:07:02:72 [31merror[39m: [31mJWT Verification Error: jwt expired[39m
2026-07-29 14:07:02:72 [31merror[39m: [31m401 - Invalid or expired security token. Please log in again. - /api/v1/acts?includeDeleted=false - GET - ::1[39m
2026-07-29 14:07:02:72 [31merror[39m: [31mJWT Verification Error: jwt expired[39m
2026-07-29 14:07:02:72 [31merror[39m: [31m401 - Invalid or expired security token. Please log in again. - /api/v1/cases - GET - ::1[39m
2026-07-29 14:07:02:72 [31merror[39m: [31mJWT Verification Error: jwt expired[39m
2026-07-29 14:07:02:72 [31merror[39m: [31m401 - Invalid or expired security token. Please log in again. - /api/v1/advocates - GET - ::1[39m
2026-07-29 14:07:02:72 [31merror[39m: [31mJWT Verification Error: jwt expired[39m
2026-07-29 14:07:02:72 [31merror[39m: [31m401 - Invalid or expired security token. Please log in again. - /api/v1/clients - GET - ::1[39m
2026-07-29 14:07:02:72 [31merror[39m: [31mJWT Verification Error: jwt expired[39m
2026-07-29 14:07:02:72 [31merror[39m: [31m401 - Invalid or expired security token. Please log in again. - /api/v1/diary - GET - ::1[39m
2026-07-29 14:07:02:72 [31merror[39m: [31mJWT Verification Error: jwt expired[39m
2026-07-29 14:07:02:72 [31merror[39m: [31m401 - Invalid or expired security token. Please log in again. - /api/v1/daybook - GET - ::1[39m
2026-07-29 14:07:02:72 [31merror[39m: [31mJWT Verification Error: jwt expired[39m
2026-07-29 14:07:02:72 [31merror[39m: [31m401 - Invalid or expired security token. Please log in again. - /api/v1/payments - GET - ::1[39m
2026-07-29 14:07:02:72 [31merror[39m: [31mJWT Verification Error: jwt expired[39m
2026-07-29 14:07:02:72 [31merror[39m: [31m401 - Invalid or expired security token. Please log in again. - /api/v1/alerts - GET - ::1[39m
2026-07-29 14:07:02:72 [31merror[39m: [31mJWT Verification Error: jwt expired[39m
2026-07-29 14:07:02:72 [31merror[39m: [31m401 - Invalid or expired security token. Please log in again. - /api/v1/lands - GET - ::1[39m
2026-07-29 14:07:02:72 [31merror[39m: [31mJWT Verification Error: jwt expired[39m
2026-07-29 14:07:02:72 [31merror[39m: [31m401 - Invalid or expired security token. Please log in again. - /api/v1/roles/roles - GET - ::1[39m
2026-07-29 14:07:02:72 [31merror[39m: [31mJWT Verification Error: jwt expired[39m
2026-07-29 14:07:02:72 [31merror[39m: [31m401 - Invalid or expired security token. Please log in again. - /api/v1/opinions - GET - ::1[39m
2026-07-29 14:07:02:72 [31merror[39m: [31mJWT Verification Error: jwt expired[39m
2026-07-29 14:07:02:72 [31merror[39m: [31m401 - Invalid or expired security token. Please log in again. - /api/v1/memberships - GET - ::1[39m
2026-07-29 14:07:02:72 [31merror[39m: [31mJWT Verification Error: jwt expired[39m
2026-07-29 14:07:02:72 [31merror[39m: [31m401 - Invalid or expired security token. Please log in again. - /api/v1/acts - GET - ::1[39m
2026-07-29 14:07:02:72 [31merror[39m: [31mJWT Verification Error: jwt expired[39m
2026-07-29 14:07:02:72 [31merror[39m: [31m401 - Invalid or expired security token. Please log in again. - /api/v1/amendments - GET - ::1[39m
2026-07-29 14:07:02:72 [31merror[39m: [31mJWT Verification Error: jwt expired[39m
2026-07-29 14:07:02:72 [31merror[39m: [31m401 - Invalid or expired security token. Please log in again. - /api/v1/roles/modules - GET - ::1[39m
2026-07-29 14:07:02:72 [31merror[39m: [31mJWT Verification Error: jwt expired[39m
2026-07-29 14:07:02:72 [31merror[39m: [31m401 - Invalid or expired security token. Please log in again. - /api/v1/roles/roles - GET - ::1[39m
2026-07-29 14:07:02:72 [31merror[39m: [31mJWT Verification Error: jwt expired[39m
2026-07-29 14:07:02:72 [31merror[39m: [31m401 - Invalid or expired security token. Please log in again. - /api/v1/roles/roles - GET - ::1[39m
2026-07-29 14:07:04:74 [31merror[39m: [31mJWT Verification Error: jwt expired[39m
2026-07-29 14:07:04:74 [31merror[39m: [31m401 - Invalid or expired security token. Please log in again. - /api/v1/roles/roles - GET - ::1[39m
2026-07-29 14:07:04:74 [31merror[39m: [31mJWT Verification Error: jwt expired[39m
2026-07-29 14:07:04:74 [31merror[39m: [31m401 - Invalid or expired security token. Please log in again. - /api/v1/roles/modules - GET - ::1[39m
2026-07-29 14:07:07:77 [31merror[39m: [31mJWT Verification Error: jwt expired[39m
2026-07-29 14:07:07:77 [31merror[39m: [31m401 - Invalid or expired security token. Please log in again. - /api/v1/dashboard - GET - ::1[39m
2026-07-29 14:07:07:77 [31merror[39m: [31mJWT Verification Error: jwt expired[39m
2026-07-29 14:07:07:77 [31merror[39m: [31m401 - Invalid or expired security token. Please log in again. - /api/v1/cases - GET - ::1[39m
2026-07-29 14:07:07:77 [31merror[39m: [31mJWT Verification Error: jwt expired[39m
2026-07-29 14:07:07:77 [31merror[39m: [31m401 - Invalid or expired security token. Please log in again. - /api/v1/clients - GET - ::1[39m
2026-07-29 14:07:07:77 [31merror[39m: [31mJWT Verification Error: jwt expired[39m
2026-07-29 14:07:07:77 [31merror[39m: [31m401 - Invalid or expired security token. Please log in again. - /api/v1/advocates - GET - ::1[39m
2026-07-29 14:07:08:78 [31merror[39m: [31mJWT Verification Error: jwt expired[39m
2026-07-29 14:07:08:78 [31merror[39m: [31m401 - Invalid or expired security token. Please log in again. - /api/v1/diary - GET - ::1[39m
2026-07-29 14:07:08:78 [31merror[39m: [31mJWT Verification Error: jwt expired[39m
2026-07-29 14:07:08:78 [31merror[39m: [31m401 - Invalid or expired security token. Please log in again. - /api/v1/daybook - GET - ::1[39m
2026-07-29 14:07:09:79 [31merror[39m: [31mJWT Verification Error: jwt expired[39m
2026-07-29 14:07:09:79 [31merror[39m: [31m401 - Invalid or expired security token. Please log in again. - /api/v1/payments - GET - ::1[39m
2026-07-29 14:07:09:79 [31merror[39m: [31mJWT Verification Error: jwt expired[39m
2026-07-29 14:07:09:79 [31merror[39m: [31m401 - Invalid or expired security token. Please log in again. - /api/v1/alerts - GET - ::1[39m
2026-07-29 14:07:09:79 [31merror[39m: [31mJWT Verification Error: jwt expired[39m
2026-07-29 14:07:09:79 [31merror[39m: [31m401 - Invalid or expired security token. Please log in again. - /api/v1/lands - GET - ::1[39m
2026-07-29 14:07:09:79 [31merror[39m: [31mJWT Verification Error: jwt expired[39m
2026-07-29 14:07:09:79 [31merror[39m: [31m401 - Invalid or expired security token. Please log in again. - /api/v1/opinions - GET - ::1[39m
2026-07-29 14:07:09:79 [31merror[39m: [31mJWT Verification Error: jwt expired[39m
2026-07-29 14:07:09:79 [31merror[39m: [31m401 - Invalid or expired security token. Please log in again. - /api/v1/memberships - GET - ::1[39m
2026-07-29 14:07:09:79 [31merror[39m: [31mJWT Verification Error: jwt expired[39m
2026-07-29 14:07:09:79 [31merror[39m: [31m401 - Invalid or expired security token. Please log in again. - /api/v1/acts - GET - ::1[39m
2026-07-29 14:07:09:79 [31merror[39m: [31mJWT Verification Error: jwt expired[39m
2026-07-29 14:07:09:79 [31merror[39m: [31m401 - Invalid or expired security token. Please log in again. - /api/v1/amendments - GET - ::1[39m
2026-07-29 14:07:09:79 [31merror[39m: [31mJWT Verification Error: jwt expired[39m
2026-07-29 14:07:09:79 [31merror[39m: [31m401 - Invalid or expired security token. Please log in again. - /api/v1/roles/roles - GET - ::1[39m
2026-07-29 14:07:09:79 [31merror[39m: [31mJWT Verification Error: jwt expired[39m
2026-07-29 14:07:09:79 [31merror[39m: [31m401 - Invalid or expired security token. Please log in again. - /api/v1/roles/roles - GET - ::1[39m
2026-07-29 14:07:09:79 [31merror[39m: [31mJWT Verification Error: jwt expired[39m
2026-07-29 14:07:09:79 [31merror[39m: [31m401 - Invalid or expired security token. Please log in again. - /api/v1/roles/modules - GET - ::1[39m
2026-07-29 14:07:10:710 [31merror[39m: [31m403 - Access Denied: You do not have permission to perform this operation. - /api/v1/advocates - GET - ::1[39m
2026-07-29 14:07:10:710 [31merror[39m: [31m403 - Access Denied: You do not have permission to perform this operation. - /api/v1/payments - GET - ::1[39m
2026-07-29 14:07:10:710 [31merror[39m: [31m403 - Access Denied: You do not have permission to perform this operation. - /api/v1/opinions - GET - ::1[39m
2026-07-29 14:07:10:710 [31merror[39m: [31m403 - Access Denied: You do not have permission to perform this operation. - /api/v1/memberships - GET - ::1[39m
2026-07-29 14:07:10:710 [31merror[39m: [31m403 - Access Denied: You do not have permission to perform this operation. - /api/v1/advocates - GET - ::1[39m
2026-07-29 14:07:10:710 [31merror[39m: [31m403 - Access Denied: You do not have permission to perform this operation. - /api/v1/payments - GET - ::1[39m
2026-07-29 14:07:11:711 [31merror[39m: [31m403 - Access Denied: You do not have permission to perform this operation. - /api/v1/opinions - GET - ::1[39m
2026-07-29 14:07:11:711 [31merror[39m: [31m403 - Access Denied: You do not have permission to perform this operation. - /api/v1/memberships - GET - ::1[39m
2026-07-29 14:36:39:3639 [31merror[39m: [31mJWT Verification Error: jwt expired[39m
2026-07-29 14:36:39:3639 [31merror[39m: [31m401 - Invalid or expired security token. Please log in again. - /api/v1/acts?includeDeleted=false - GET - ::1[39m
2026-07-29 14:36:39:3639 [31merror[39m: [31mJWT Verification Error: jwt expired[39m
2026-07-29 14:36:39:3639 [31merror[39m: [31m401 - Invalid or expired security token. Please log in again. - /api/v1/cases - GET - ::1[39m
2026-07-29 14:36:39:3639 [31merror[39m: [31mJWT Verification Error: jwt expired[39m
2026-07-29 14:36:39:3639 [31merror[39m: [31m401 - Invalid or expired security token. Please log in again. - /api/v1/clients - GET - ::1[39m
2026-07-29 14:36:39:3639 [31merror[39m: [31mJWT Verification Error: jwt expired[39m
2026-07-29 14:36:39:3639 [31merror[39m: [31m401 - Invalid or expired security token. Please log in again. - /api/v1/advocates - GET - ::1[39m
2026-07-29 14:36:39:3639 [31merror[39m: [31mJWT Verification Error: jwt expired[39m
2026-07-29 14:36:39:3639 [31merror[39m: [31m401 - Invalid or expired security token. Please log in again. - /api/v1/diary - GET - ::1[39m
2026-07-29 14:36:39:3639 [31merror[39m: [31mJWT Verification Error: jwt expired[39m
2026-07-29 14:36:39:3639 [31merror[39m: [31m401 - Invalid or expired security token. Please log in again. - /api/v1/daybook - GET - ::1[39m
2026-07-29 14:36:39:3639 [31merror[39m: [31mJWT Verification Error: jwt expired[39m
2026-07-29 14:36:39:3639 [31merror[39m: [31m401 - Invalid or expired security token. Please log in again. - /api/v1/payments - GET - ::1[39m
2026-07-29 14:36:39:3639 [31merror[39m: [31mJWT Verification Error: jwt expired[39m
2026-07-29 14:36:39:3639 [31merror[39m: [31m401 - Invalid or expired security token. Please log in again. - /api/v1/alerts - GET - ::1[39m
2026-07-29 14:36:39:3639 [31merror[39m: [31mJWT Verification Error: jwt expired[39m
2026-07-29 14:36:39:3639 [31merror[39m: [31m401 - Invalid or expired security token. Please log in again. - /api/v1/acts - GET - ::1[39m
2026-07-29 14:36:39:3639 [31merror[39m: [31mJWT Verification Error: jwt expired[39m
2026-07-29 14:36:39:3639 [31merror[39m: [31m401 - Invalid or expired security token. Please log in again. - /api/v1/amendments - GET - ::1[39m
2026-07-29 14:36:39:3639 [31merror[39m: [31mJWT Verification Error: jwt expired[39m
2026-07-29 14:36:39:3639 [31merror[39m: [31m401 - Invalid or expired security token. Please log in again. - /api/v1/lands - GET - ::1[39m
2026-07-29 14:36:39:3639 [31merror[39m: [31mJWT Verification Error: jwt expired[39m
2026-07-29 14:36:39:3639 [31merror[39m: [31m401 - Invalid or expired security token. Please log in again. - /api/v1/opinions - GET - ::1[39m
2026-07-29 14:36:39:3639 [31merror[39m: [31mJWT Verification Error: jwt expired[39m
2026-07-29 14:36:39:3639 [31merror[39m: [31m401 - Invalid or expired security token. Please log in again. - /api/v1/memberships - GET - ::1[39m
2026-07-29 14:36:39:3639 [31merror[39m: [31mJWT Verification Error: jwt expired[39m
2026-07-29 14:36:39:3639 [31merror[39m: [31m401 - Invalid or expired security token. Please log in again. - /api/v1/roles/roles - GET - ::1[39m
2026-07-29 14:36:39:3639 [31merror[39m: [31mJWT Verification Error: jwt expired[39m
2026-07-29 14:36:39:3639 [31merror[39m: [31m401 - Invalid or expired security token. Please log in again. - /api/v1/roles/modules - GET - ::1[39m
2026-07-29 14:36:39:3639 [31merror[39m: [31mJWT Verification Error: jwt expired[39m
2026-07-29 14:36:39:3639 [31merror[39m: [31m401 - Invalid or expired security token. Please log in again. - /api/v1/acts?includeDeleted=false - GET - ::1[39m
2026-07-29 14:36:39:3639 [31merror[39m: [31mJWT Verification Error: jwt expired[39m
2026-07-29 14:36:39:3639 [31merror[39m: [31m401 - Invalid or expired security token. Please log in again. - /api/v1/cases - GET - ::1[39m
2026-07-29 14:36:39:3639 [31merror[39m: [31mJWT Verification Error: jwt expired[39m
2026-07-29 14:36:39:3639 [31merror[39m: [31m401 - Invalid or expired security token. Please log in again. - /api/v1/clients - GET - ::1[39m
2026-07-29 14:36:39:3639 [31merror[39m: [31mJWT Verification Error: jwt expired[39m
2026-07-29 14:36:39:3639 [31merror[39m: [31m401 - Invalid or expired security token. Please log in again. - /api/v1/advocates - GET - ::1[39m
2026-07-29 14:36:39:3639 [31merror[39m: [31mJWT Verification Error: jwt expired[39m
2026-07-29 14:36:39:3639 [31merror[39m: [31m401 - Invalid or expired security token. Please log in again. - /api/v1/diary - GET - ::1[39m
2026-07-29 14:36:39:3639 [31merror[39m: [31mJWT Verification Error: jwt expired[39m
2026-07-29 14:36:39:3639 [31merror[39m: [31m401 - Invalid or expired security token. Please log in again. - /api/v1/daybook - GET - ::1[39m
2026-07-29 14:36:39:3639 [31merror[39m: [31mJWT Verification Error: jwt expired[39m
2026-07-29 14:36:39:3639 [31merror[39m: [31m401 - Invalid or expired security token. Please log in again. - /api/v1/payments - GET - ::1[39m
2026-07-29 14:36:39:3639 [31merror[39m: [31mJWT Verification Error: jwt expired[39m
2026-07-29 14:36:39:3639 [31merror[39m: [31m401 - Invalid or expired security token. Please log in again. - /api/v1/alerts - GET - ::1[39m
2026-07-29 14:36:39:3639 [31merror[39m: [31mJWT Verification Error: jwt expired[39m
2026-07-29 14:36:39:3639 [31merror[39m: [31m401 - Invalid or expired security token. Please log in again. - /api/v1/amendments - GET - ::1[39m
2026-07-29 14:36:39:3639 [31merror[39m: [31mJWT Verification Error: jwt expired[39m
2026-07-29 14:36:39:3639 [31merror[39m: [31m401 - Invalid or expired security token. Please log in again. - /api/v1/acts - GET - ::1[39m
2026-07-29 14:36:39:3639 [31merror[39m: [31mJWT Verification Error: jwt expired[39m
2026-07-29 14:36:39:3639 [31merror[39m: [31m401 - Invalid or expired security token. Please log in again. - /api/v1/lands - GET - ::1[39m
2026-07-29 14:36:39:3639 [31merror[39m: [31mJWT Verification Error: jwt expired[39m
2026-07-29 14:36:39:3639 [31merror[39m: [31m401 - Invalid or expired security token. Please log in again. - /api/v1/opinions - GET - ::1[39m
2026-07-29 14:36:39:3639 [31merror[39m: [31mJWT Verification Error: jwt expired[39m
2026-07-29 14:36:39:3639 [31merror[39m: [31m401 - Invalid or expired security token. Please log in again. - /api/v1/roles/roles - GET - ::1[39m
2026-07-29 14:36:39:3639 [31merror[39m: [31mJWT Verification Error: jwt expired[39m
2026-07-29 14:36:39:3639 [31merror[39m: [31m401 - Invalid or expired security token. Please log in again. - /api/v1/memberships - GET - ::1[39m
2026-07-29 14:36:39:3639 [31merror[39m: [31mJWT Verification Error: jwt expired[39m
2026-07-29 14:36:40:3640 [31merror[39m: [31m401 - Invalid or expired security token. Please log in again. - /api/v1/roles/modules - GET - ::1[39m
2026-07-29 14:36:40:3640 [31merror[39m: [31mJWT Verification Error: jwt expired[39m
2026-07-29 14:36:40:3640 [31merror[39m: [31m401 - Invalid or expired security token. Please log in again. - /api/v1/roles/roles - GET - ::1[39m
2026-07-29 14:36:40:3640 [31merror[39m: [31mJWT Verification Error: jwt expired[39m
2026-07-29 14:36:40:3640 [31merror[39m: [31m401 - Invalid or expired security token. Please log in again. - /api/v1/roles/roles - GET - ::1[39m
2026-07-29 14:37:02:372 [31merror[39m: [31mJWT Verification Error: jwt expired[39m
2026-07-29 14:37:02:372 [31merror[39m: [31m401 - Invalid or expired security token. Please log in again. - /api/v1/dashboard - GET - ::1[39m
2026-07-29 14:37:02:372 [31merror[39m: [31mJWT Verification Error: jwt expired[39m
2026-07-29 14:37:02:372 [31merror[39m: [31m401 - Invalid or expired security token. Please log in again. - /api/v1/cases - GET - ::1[39m
2026-07-29 14:37:02:372 [31merror[39m: [31mJWT Verification Error: jwt expired[39m
2026-07-29 14:37:02:372 [31merror[39m: [31m401 - Invalid or expired security token. Please log in again. - /api/v1/clients - GET - ::1[39m
2026-07-29 14:37:02:372 [31merror[39m: [31mJWT Verification Error: jwt expired[39m
2026-07-29 14:37:02:372 [31merror[39m: [31m401 - Invalid or expired security token. Please log in again. - /api/v1/advocates - GET - ::1[39m
2026-07-29 14:37:02:372 [31merror[39m: [31mJWT Verification Error: jwt expired[39m
2026-07-29 14:37:02:372 [31merror[39m: [31m401 - Invalid or expired security token. Please log in again. - /api/v1/diary - GET - ::1[39m
2026-07-29 14:37:02:372 [31merror[39m: [31mJWT Verification Error: jwt expired[39m
2026-07-29 14:37:02:372 [31merror[39m: [31m401 - Invalid or expired security token. Please log in again. - /api/v1/daybook - GET - ::1[39m
2026-07-29 14:37:03:373 [31merror[39m: [31mJWT Verification Error: jwt expired[39m
2026-07-29 14:37:03:373 [31merror[39m: [31m401 - Invalid or expired security token. Please log in again. - /api/v1/payments - GET - ::1[39m
2026-07-29 14:37:03:373 [31merror[39m: [31mJWT Verification Error: jwt expired[39m
2026-07-29 14:37:03:373 [31merror[39m: [31m401 - Invalid or expired security token. Please log in again. - /api/v1/alerts - GET - ::1[39m
2026-07-29 14:37:03:373 [31merror[39m: [31mJWT Verification Error: jwt expired[39m
2026-07-29 14:37:03:373 [31merror[39m: [31m401 - Invalid or expired security token. Please log in again. - /api/v1/lands - GET - ::1[39m
2026-07-29 14:37:03:373 [31merror[39m: [31mJWT Verification Error: jwt expired[39m
2026-07-29 14:37:03:373 [31merror[39m: [31m401 - Invalid or expired security token. Please log in again. - /api/v1/opinions - GET - ::1[39m
2026-07-29 14:37:03:373 [31merror[39m: [31mJWT Verification Error: jwt expired[39m
2026-07-29 14:37:03:373 [31merror[39m: [31m401 - Invalid or expired security token. Please log in again. - /api/v1/memberships - GET - ::1[39m
2026-07-29 14:37:03:373 [31merror[39m: [31mJWT Verification Error: jwt expired[39m
2026-07-29 14:37:03:373 [31merror[39m: [31m401 - Invalid or expired security token. Please log in again. - /api/v1/acts - GET - ::1[39m
2026-07-29 14:37:03:373 [31merror[39m: [31mJWT Verification Error: jwt expired[39m
2026-07-29 14:37:03:373 [31merror[39m: [31m401 - Invalid or expired security token. Please log in again. - /api/v1/amendments - GET - ::1[39m
2026-07-29 14:37:04:374 [31merror[39m: [31mJWT Verification Error: jwt expired[39m
2026-07-29 14:37:04:374 [31merror[39m: [31m401 - Invalid or expired security token. Please log in again. - /api/v1/roles/roles - GET - ::1[39m
2026-07-29 14:37:04:374 [31merror[39m: [31mJWT Verification Error: jwt expired[39m
2026-07-29 14:37:04:374 [31merror[39m: [31m401 - Invalid or expired security token. Please log in again. - /api/v1/roles/roles - GET - ::1[39m
2026-07-29 14:37:04:374 [31merror[39m: [31mJWT Verification Error: jwt expired[39m
2026-07-29 14:37:04:374 [31merror[39m: [31m401 - Invalid or expired security token. Please log in again. - /api/v1/dashboard - GET - ::1[39m
2026-07-29 14:37:04:374 [31merror[39m: [31mJWT Verification Error: jwt expired[39m
2026-07-29 14:37:04:374 [31merror[39m: [31m401 - Invalid or expired security token. Please log in again. - /api/v1/cases - GET - ::1[39m
2026-07-29 14:37:04:374 [31merror[39m: [31mJWT Verification Error: jwt expired[39m
2026-07-29 14:37:04:374 [31merror[39m: [31m401 - Invalid or expired security token. Please log in again. - /api/v1/roles/modules - GET - ::1[39m
2026-07-29 14:37:04:374 [31merror[39m: [31mJWT Verification Error: jwt expired[39m
2026-07-29 14:37:04:374 [31merror[39m: [31m401 - Invalid or expired security token. Please log in again. - /api/v1/clients - GET - ::1[39m
2026-07-29 14:37:04:374 [31merror[39m: [31mJWT Verification Error: jwt expired[39m
2026-07-29 14:37:04:374 [31merror[39m: [31m401 - Invalid or expired security token. Please log in again. - /api/v1/advocates - GET - ::1[39m
2026-07-29 14:37:04:374 [31merror[39m: [31mJWT Verification Error: jwt expired[39m
2026-07-29 14:37:04:374 [31merror[39m: [31m401 - Invalid or expired security token. Please log in again. - /api/v1/diary - GET - ::1[39m
2026-07-29 14:37:04:374 [31merror[39m: [31mJWT Verification Error: jwt expired[39m
2026-07-29 14:37:04:374 [31merror[39m: [31m401 - Invalid or expired security token. Please log in again. - /api/v1/daybook - GET - ::1[39m
2026-07-29 14:37:04:374 [31merror[39m: [31mJWT Verification Error: jwt expired[39m
2026-07-29 14:37:04:374 [31merror[39m: [31m401 - Invalid or expired security token. Please log in again. - /api/v1/payments - GET - ::1[39m
2026-07-29 14:37:04:374 [31merror[39m: [31mJWT Verification Error: jwt expired[39m
2026-07-29 14:37:04:374 [31merror[39m: [31m401 - Invalid or expired security token. Please log in again. - /api/v1/alerts - GET - ::1[39m
2026-07-29 14:37:04:374 [31merror[39m: [31mJWT Verification Error: jwt expired[39m
2026-07-29 14:37:04:374 [31merror[39m: [31m401 - Invalid or expired security token. Please log in again. - /api/v1/lands - GET - ::1[39m
2026-07-29 14:37:04:374 [31merror[39m: [31mJWT Verification Error: jwt expired[39m
2026-07-29 14:37:04:374 [31merror[39m: [31m401 - Invalid or expired security token. Please log in again. - /api/v1/opinions - GET - ::1[39m
2026-07-29 14:37:04:374 [31merror[39m: [31mJWT Verification Error: jwt expired[39m
2026-07-29 14:37:04:374 [31merror[39m: [31m401 - Invalid or expired security token. Please log in again. - /api/v1/memberships - GET - ::1[39m
2026-07-29 14:37:04:374 [31merror[39m: [31mJWT Verification Error: jwt expired[39m
2026-07-29 14:37:04:374 [31merror[39m: [31m401 - Invalid or expired security token. Please log in again. - /api/v1/acts - GET - ::1[39m
2026-07-29 14:37:04:374 [31merror[39m: [31mJWT Verification Error: jwt expired[39m
2026-07-29 14:37:04:374 [31merror[39m: [31m401 - Invalid or expired security token. Please log in again. - /api/v1/amendments - GET - ::1[39m
2026-07-29 14:37:04:374 [31merror[39m: [31mJWT Verification Error: jwt expired[39m
2026-07-29 14:37:04:374 [31merror[39m: [31m401 - Invalid or expired security token. Please log in again. - /api/v1/roles/roles - GET - ::1[39m
2026-07-29 14:37:04:374 [31merror[39m: [31mJWT Verification Error: jwt expired[39m
2026-07-29 14:37:04:374 [31merror[39m: [31m401 - Invalid or expired security token. Please log in again. - /api/v1/roles/modules - GET - ::1[39m
2026-07-29 14:37:04:374 [31merror[39m: [31mJWT Verification Error: jwt expired[39m
2026-07-29 14:37:04:374 [31merror[39m: [31m401 - Invalid or expired security token. Please log in again. - /api/v1/roles/roles - GET - ::1[39m
2026-07-29 14:37:06:376 [31merror[39m: [31m403 - Access Denied: You do not have permission to perform this operation. - /api/v1/advocates - GET - ::1[39m
2026-07-29 14:37:07:377 [31merror[39m: [31m403 - Access Denied: You do not have permission to perform this operation. - /api/v1/payments - GET - ::1[39m
2026-07-29 14:37:07:377 [31merror[39m: [31m403 - Access Denied: You do not have permission to perform this operation. - /api/v1/opinions - GET - ::1[39m
2026-07-29 14:37:07:377 [31merror[39m: [31m403 - Access Denied: You do not have permission to perform this operation. - /api/v1/memberships - GET - ::1[39m
2026-07-29 14:37:07:377 [31merror[39m: [31m403 - Access Denied: You do not have permission to perform this operation. - /api/v1/advocates - GET - ::1[39m
2026-07-29 14:37:07:377 [31merror[39m: [31m403 - Access Denied: You do not have permission to perform this operation. - /api/v1/payments - GET - ::1[39m
2026-07-29 14:37:07:377 [31merror[39m: [31m403 - Access Denied: You do not have permission to perform this operation. - /api/v1/opinions - GET - ::1[39m
2026-07-29 14:37:07:377 [31merror[39m: [31m403 - Access Denied: You do not have permission to perform this operation. - /api/v1/memberships - GET - ::1[39m
2026-07-29 15:06:09:69 [31merror[39m: [31mJWT Verification Error: jwt expired[39m
2026-07-29 15:06:09:69 [31merror[39m: [31m401 - Invalid or expired security token. Please log in again. - /api/v1/cases - GET - ::1[39m
2026-07-29 15:06:09:69 [31merror[39m: [31mJWT Verification Error: jwt expired[39m
2026-07-29 15:06:09:69 [31merror[39m: [31m401 - Invalid or expired security token. Please log in again. - /api/v1/clients - GET - ::1[39m
2026-07-29 15:06:09:69 [31merror[39m: [31mJWT Verification Error: jwt expired[39m
2026-07-29 15:06:09:69 [31merror[39m: [31m401 - Invalid or expired security token. Please log in again. - /api/v1/advocates - GET - ::1[39m
2026-07-29 15:06:09:69 [31merror[39m: [31mJWT Verification Error: jwt expired[39m
2026-07-29 15:06:09:69 [31merror[39m: [31m401 - Invalid or expired security token. Please log in again. - /api/v1/masters/case-types?activeOnly=true - GET - ::1[39m
2026-07-29 15:06:09:69 [31merror[39m: [31mJWT Verification Error: jwt expired[39m
2026-07-29 15:06:09:69 [31merror[39m: [31m401 - Invalid or expired security token. Please log in again. - /api/v1/masters/case-stages?activeOnly=true - GET - ::1[39m
2026-07-29 15:06:09:69 [31merror[39m: [31mJWT Verification Error: jwt expired[39m
2026-07-29 15:06:09:69 [31merror[39m: [31m401 - Invalid or expired security token. Please log in again. - /api/v1/masters/courts?activeOnly=true - GET - ::1[39m
2026-07-29 15:06:09:69 [31merror[39m: [31mJWT Verification Error: jwt expired[39m
2026-07-29 15:06:09:69 [31merror[39m: [31m401 - Invalid or expired security token. Please log in again. - /api/v1/diary - GET - ::1[39m
2026-07-29 15:06:09:69 [31merror[39m: [31mJWT Verification Error: jwt expired[39m
2026-07-29 15:06:09:69 [31merror[39m: [31m401 - Invalid or expired security token. Please log in again. - /api/v1/daybook - GET - ::1[39m
2026-07-29 15:06:09:69 [31merror[39m: [31mJWT Verification Error: jwt expired[39m
2026-07-29 15:06:09:69 [31merror[39m: [31m401 - Invalid or expired security token. Please log in again. - /api/v1/payments - GET - ::1[39m
2026-07-29 15:06:09:69 [31merror[39m: [31mJWT Verification Error: jwt expired[39m
2026-07-29 15:06:09:69 [31merror[39m: [31m401 - Invalid or expired security token. Please log in again. - /api/v1/lands - GET - ::1[39m
2026-07-29 15:06:09:69 [31merror[39m: [31mJWT Verification Error: jwt expired[39m
2026-07-29 15:06:09:69 [31merror[39m: [31m401 - Invalid or expired security token. Please log in again. - /api/v1/alerts - GET - ::1[39m
2026-07-29 15:06:09:69 [31merror[39m: [31mJWT Verification Error: jwt expired[39m
2026-07-29 15:06:09:69 [31merror[39m: [31m401 - Invalid or expired security token. Please log in again. - /api/v1/opinions - GET - ::1[39m
2026-07-29 15:06:09:69 [31merror[39m: [31mJWT Verification Error: jwt expired[39m
2026-07-29 15:06:09:69 [31merror[39m: [31m401 - Invalid or expired security token. Please log in again. - /api/v1/memberships - GET - ::1[39m
2026-07-29 15:06:09:69 [31merror[39m: [31mJWT Verification Error: jwt expired[39m
2026-07-29 15:06:09:69 [31merror[39m: [31m401 - Invalid or expired security token. Please log in again. - /api/v1/acts - GET - ::1[39m
2026-07-29 15:06:09:69 [31merror[39m: [31mJWT Verification Error: jwt expired[39m
2026-07-29 15:06:09:69 [31merror[39m: [31m401 - Invalid or expired security token. Please log in again. - /api/v1/amendments - GET - ::1[39m
2026-07-29 15:06:09:69 [31merror[39m: [31mJWT Verification Error: jwt expired[39m
2026-07-29 15:06:09:69 [31merror[39m: [31m401 - Invalid or expired security token. Please log in again. - /api/v1/roles/roles - GET - ::1[39m
2026-07-29 15:06:09:69 [31merror[39m: [31mJWT Verification Error: jwt expired[39m
2026-07-29 15:06:09:69 [31merror[39m: [31m401 - Invalid or expired security token. Please log in again. - /api/v1/roles/modules - GET - ::1[39m
2026-07-29 15:06:09:69 [31merror[39m: [31mJWT Verification Error: jwt expired[39m
2026-07-29 15:06:09:69 [31merror[39m: [31m401 - Invalid or expired security token. Please log in again. - /api/v1/cases - GET - ::1[39m
2026-07-29 15:06:09:69 [31merror[39m: [31mJWT Verification Error: jwt expired[39m
2026-07-29 15:06:09:69 [31merror[39m: [31m401 - Invalid or expired security token. Please log in again. - /api/v1/clients - GET - ::1[39m
2026-07-29 15:06:09:69 [31merror[39m: [31mJWT Verification Error: jwt expired[39m
2026-07-29 15:06:09:69 [31merror[39m: [31m401 - Invalid or expired security token. Please log in again. - /api/v1/advocates - GET - ::1[39m
2026-07-29 15:06:09:69 [31merror[39m: [31mJWT Verification Error: jwt expired[39m
2026-07-29 15:06:09:69 [31merror[39m: [31m401 - Invalid or expired security token. Please log in again. - /api/v1/masters/case-types?activeOnly=true - GET - ::1[39m
2026-07-29 15:06:09:69 [31merror[39m: [31mJWT Verification Error: jwt expired[39m
2026-07-29 15:06:09:69 [31merror[39m: [31m401 - Invalid or expired security token. Please log in again. - /api/v1/masters/case-stages?activeOnly=true - GET - ::1[39m
2026-07-29 15:06:09:69 [31merror[39m: [31mJWT Verification Error: jwt expired[39m
2026-07-29 15:06:09:69 [31merror[39m: [31m401 - Invalid or expired security token. Please log in again. - /api/v1/masters/courts?activeOnly=true - GET - ::1[39m
2026-07-29 15:06:09:69 [31merror[39m: [31mJWT Verification Error: jwt expired[39m
2026-07-29 15:06:09:69 [31merror[39m: [31m401 - Invalid or expired security token. Please log in again. - /api/v1/diary - GET - ::1[39m
2026-07-29 15:06:09:69 [31merror[39m: [31mJWT Verification Error: jwt expired[39m
2026-07-29 15:06:09:69 [31merror[39m: [31m401 - Invalid or expired security token. Please log in again. - /api/v1/daybook - GET - ::1[39m
2026-07-29 15:06:09:69 [31merror[39m: [31mJWT Verification Error: jwt expired[39m
2026-07-29 15:06:09:69 [31merror[39m: [31m401 - Invalid or expired security token. Please log in again. - /api/v1/payments - GET - ::1[39m
2026-07-29 15:06:09:69 [31merror[39m: [31mJWT Verification Error: jwt expired[39m
2026-07-29 15:06:09:69 [31merror[39m: [31m401 - Invalid or expired security token. Please log in again. - /api/v1/lands - GET - ::1[39m
2026-07-29 15:06:09:69 [31merror[39m: [31mJWT Verification Error: jwt expired[39m
2026-07-29 15:06:09:69 [31merror[39m: [31m401 - Invalid or expired security token. Please log in again. - /api/v1/alerts - GET - ::1[39m
2026-07-29 15:06:09:69 [31merror[39m: [31mJWT Verification Error: jwt expired[39m
2026-07-29 15:06:09:69 [31merror[39m: [31m401 - Invalid or expired security token. Please log in again. - /api/v1/opinions - GET - ::1[39m
2026-07-29 15:06:09:69 [31merror[39m: [31mJWT Verification Error: jwt expired[39m
2026-07-29 15:06:09:69 [31merror[39m: [31m401 - Invalid or expired security token. Please log in again. - /api/v1/memberships - GET - ::1[39m
2026-07-29 15:06:09:69 [31merror[39m: [31mJWT Verification Error: jwt expired[39m
2026-07-29 15:06:09:69 [31merror[39m: [31m401 - Invalid or expired security token. Please log in again. - /api/v1/amendments - GET - ::1[39m
2026-07-29 15:06:09:69 [31merror[39m: [31mJWT Verification Error: jwt expired[39m
2026-07-29 15:06:09:69 [31merror[39m: [31m401 - Invalid or expired security token. Please log in again. - /api/v1/acts - GET - ::1[39m
2026-07-29 15:06:09:69 [31merror[39m: [31mJWT Verification Error: jwt expired[39m
2026-07-29 15:06:09:69 [31merror[39m: [31m401 - Invalid or expired security token. Please log in again. - /api/v1/roles/roles - GET - ::1[39m
2026-07-29 15:06:09:69 [31merror[39m: [31mJWT Verification Error: jwt expired[39m
2026-07-29 15:06:09:69 [31merror[39m: [31m401 - Invalid or expired security token. Please log in again. - /api/v1/roles/modules - GET - ::1[39m
2026-07-29 15:06:09:69 [31merror[39m: [31mJWT Verification Error: jwt expired[39m
2026-07-29 15:06:09:69 [31merror[39m: [31m401 - Invalid or expired security token. Please log in again. - /api/v1/cases - GET - ::1[39m
2026-07-29 15:06:09:69 [31merror[39m: [31mJWT Verification Error: jwt expired[39m
2026-07-29 15:06:09:69 [31merror[39m: [31m401 - Invalid or expired security token. Please log in again. - /api/v1/clients - GET - ::1[39m
2026-07-29 15:06:09:69 [31merror[39m: [31mJWT Verification Error: jwt expired[39m
2026-07-29 15:06:09:69 [31merror[39m: [31m401 - Invalid or expired security token. Please log in again. - /api/v1/advocates - GET - ::1[39m
2026-07-29 15:06:09:69 [31merror[39m: [31mJWT Verification Error: jwt expired[39m
2026-07-29 15:06:09:69 [31merror[39m: [31m401 - Invalid or expired security token. Please log in again. - /api/v1/roles/roles - GET - ::1[39m
2026-07-29 15:06:09:69 [31merror[39m: [31mJWT Verification Error: jwt expired[39m
2026-07-29 15:06:09:69 [31merror[39m: [31m401 - Invalid or expired security token. Please log in again. - /api/v1/cases - GET - ::1[39m
2026-07-29 15:06:09:69 [31merror[39m: [31mJWT Verification Error: jwt expired[39m
2026-07-29 15:06:09:69 [31merror[39m: [31m401 - Invalid or expired security token. Please log in again. - /api/v1/clients - GET - ::1[39m
2026-07-29 15:06:09:69 [31merror[39m: [31mJWT Verification Error: jwt expired[39m
2026-07-29 15:06:09:69 [31merror[39m: [31m401 - Invalid or expired security token. Please log in again. - /api/v1/advocates - GET - ::1[39m
2026-07-29 15:06:09:69 [31merror[39m: [31mJWT Verification Error: jwt expired[39m
2026-07-29 15:06:09:69 [31merror[39m: [31m401 - Invalid or expired security token. Please log in again. - /api/v1/roles/roles - GET - ::1[39m
2026-07-29 15:06:13:613 [31merror[39m: [31mJWT Verification Error: jwt expired[39m
2026-07-29 15:06:13:613 [31merror[39m: [31m401 - Invalid or expired security token. Please log in again. - /api/v1/dashboard - GET - ::1[39m
2026-07-29 15:06:13:613 [31merror[39m: [31mJWT Verification Error: jwt expired[39m
2026-07-29 15:06:13:613 [31merror[39m: [31m401 - Invalid or expired security token. Please log in again. - /api/v1/cases - GET - ::1[39m
2026-07-29 15:06:13:613 [31merror[39m: [31mJWT Verification Error: jwt expired[39m
2026-07-29 15:06:13:613 [31merror[39m: [31m401 - Invalid or expired security token. Please log in again. - /api/v1/clients - GET - ::1[39m
2026-07-29 15:06:13:613 [31merror[39m: [31mJWT Verification Error: jwt expired[39m
2026-07-29 15:06:13:613 [31merror[39m: [31m401 - Invalid or expired security token. Please log in again. - /api/v1/advocates - GET - ::1[39m
2026-07-29 15:06:13:613 [31merror[39m: [31mJWT Verification Error: jwt expired[39m
2026-07-29 15:06:13:613 [31merror[39m: [31m401 - Invalid or expired security token. Please log in again. - /api/v1/lands - GET - ::1[39m
2026-07-29 15:06:13:613 [31merror[39m: [31mJWT Verification Error: jwt expired[39m
2026-07-29 15:06:13:613 [31merror[39m: [31m401 - Invalid or expired security token. Please log in again. - /api/v1/diary - GET - ::1[39m
2026-07-29 15:06:13:613 [31merror[39m: [31mJWT Verification Error: jwt expired[39m
2026-07-29 15:06:13:613 [31merror[39m: [31m401 - Invalid or expired security token. Please log in again. - /api/v1/daybook - GET - ::1[39m
2026-07-29 15:06:13:613 [31merror[39m: [31mJWT Verification Error: jwt expired[39m
2026-07-29 15:06:13:613 [31merror[39m: [31m401 - Invalid or expired security token. Please log in again. - /api/v1/opinions - GET - ::1[39m
2026-07-29 15:06:13:613 [31merror[39m: [31mJWT Verification Error: jwt expired[39m
2026-07-29 15:06:13:613 [31merror[39m: [31m401 - Invalid or expired security token. Please log in again. - /api/v1/payments - GET - ::1[39m
2026-07-29 15:06:13:613 [31merror[39m: [31mJWT Verification Error: jwt expired[39m
2026-07-29 15:06:13:613 [31merror[39m: [31m401 - Invalid or expired security token. Please log in again. - /api/v1/alerts - GET - ::1[39m
2026-07-29 15:06:13:613 [31merror[39m: [31mJWT Verification Error: jwt expired[39m
2026-07-29 15:06:13:613 [31merror[39m: [31m401 - Invalid or expired security token. Please log in again. - /api/v1/memberships - GET - ::1[39m
2026-07-29 15:06:13:613 [31merror[39m: [31mJWT Verification Error: jwt expired[39m
2026-07-29 15:06:13:613 [31merror[39m: [31m401 - Invalid or expired security token. Please log in again. - /api/v1/acts - GET - ::1[39m
2026-07-29 15:06:13:613 [31merror[39m: [31mJWT Verification Error: jwt expired[39m
2026-07-29 15:06:13:613 [31merror[39m: [31m401 - Invalid or expired security token. Please log in again. - /api/v1/amendments - GET - ::1[39m
2026-07-29 15:06:13:613 [31merror[39m: [31mJWT Verification Error: jwt expired[39m
2026-07-29 15:06:13:613 [31merror[39m: [31m401 - Invalid or expired security token. Please log in again. - /api/v1/roles/roles - GET - ::1[39m
2026-07-29 15:06:13:613 [31merror[39m: [31mJWT Verification Error: jwt expired[39m
2026-07-29 15:06:13:613 [31merror[39m: [31m401 - Invalid or expired security token. Please log in again. - /api/v1/roles/modules - GET - ::1[39m
2026-07-29 15:06:13:613 [31merror[39m: [31mJWT Verification Error: jwt expired[39m
2026-07-29 15:06:13:613 [31merror[39m: [31m401 - Invalid or expired security token. Please log in again. - /api/v1/roles/roles - GET - ::1[39m
2026-07-29 15:06:13:613 [31merror[39m: [31mJWT Verification Error: jwt expired[39m
2026-07-29 15:06:13:613 [31merror[39m: [31m401 - Invalid or expired security token. Please log in again. - /api/v1/dashboard - GET - ::1[39m
2026-07-29 15:06:13:613 [31merror[39m: [31mJWT Verification Error: jwt expired[39m
2026-07-29 15:06:13:613 [31merror[39m: [31m401 - Invalid or expired security token. Please log in again. - /api/v1/cases - GET - ::1[39m
2026-07-29 15:06:13:613 [31merror[39m: [31mJWT Verification Error: jwt expired[39m
2026-07-29 15:06:13:613 [31merror[39m: [31m401 - Invalid or expired security token. Please log in again. - /api/v1/clients - GET - ::1[39m
2026-07-29 15:06:13:613 [31merror[39m: [31mJWT Verification Error: jwt expired[39m
2026-07-29 15:06:13:613 [31merror[39m: [31m401 - Invalid or expired security token. Please log in again. - /api/v1/advocates - GET - ::1[39m
2026-07-29 15:06:13:613 [31merror[39m: [31mJWT Verification Error: jwt expired[39m
2026-07-29 15:06:13:613 [31merror[39m: [31m401 - Invalid or expired security token. Please log in again. - /api/v1/diary - GET - ::1[39m
2026-07-29 15:06:13:613 [31merror[39m: [31mJWT Verification Error: jwt expired[39m
2026-07-29 15:06:13:613 [31merror[39m: [31m401 - Invalid or expired security token. Please log in again. - /api/v1/daybook - GET - ::1[39m
2026-07-29 15:06:13:613 [31merror[39m: [31mJWT Verification Error: jwt expired[39m
2026-07-29 15:06:13:613 [31merror[39m: [31m401 - Invalid or expired security token. Please log in again. - /api/v1/payments - GET - ::1[39m
2026-07-29 15:06:13:613 [31merror[39m: [31mJWT Verification Error: jwt expired[39m
2026-07-29 15:06:13:613 [31merror[39m: [31m401 - Invalid or expired security token. Please log in again. - /api/v1/alerts - GET - ::1[39m
2026-07-29 15:06:13:613 [31merror[39m: [31mJWT Verification Error: jwt expired[39m
2026-07-29 15:06:13:613 [31merror[39m: [31m401 - Invalid or expired security token. Please log in again. - /api/v1/lands - GET - ::1[39m
2026-07-29 15:06:13:613 [31merror[39m: [31mJWT Verification Error: jwt expired[39m
2026-07-29 15:06:13:613 [31merror[39m: [31m401 - Invalid or expired security token. Please log in again. - /api/v1/opinions - GET - ::1[39m
2026-07-29 15:06:13:613 [31merror[39m: [31mJWT Verification Error: jwt expired[39m
2026-07-29 15:06:13:613 [31merror[39m: [31m401 - Invalid or expired security token. Please log in again. - /api/v1/memberships - GET - ::1[39m
2026-07-29 15:06:13:613 [31merror[39m: [31mJWT Verification Error: jwt expired[39m
2026-07-29 15:06:13:613 [31merror[39m: [31m401 - Invalid or expired security token. Please log in again. - /api/v1/acts - GET - ::1[39m
2026-07-29 15:06:13:613 [31merror[39m: [31mJWT Verification Error: jwt expired[39m
2026-07-29 15:06:13:613 [31merror[39m: [31m401 - Invalid or expired security token. Please log in again. - /api/v1/amendments - GET - ::1[39m
2026-07-29 15:06:13:613 [31merror[39m: [31mJWT Verification Error: jwt expired[39m
2026-07-29 15:06:13:613 [31merror[39m: [31m401 - Invalid or expired security token. Please log in again. - /api/v1/roles/roles - GET - ::1[39m
2026-07-29 15:06:13:613 [31merror[39m: [31mJWT Verification Error: jwt expired[39m
2026-07-29 15:06:13:613 [31merror[39m: [31m401 - Invalid or expired security token. Please log in again. - /api/v1/roles/modules - GET - ::1[39m
2026-07-29 15:06:13:613 [31merror[39m: [31mJWT Verification Error: jwt expired[39m
2026-07-29 15:06:13:613 [31merror[39m: [31m401 - Invalid or expired security token. Please log in again. - /api/v1/roles/roles - GET - ::1[39m
2026-07-29 15:06:13:613 [31merror[39m: [31m403 - Access Denied: You do not have permission to perform this operation. - /api/v1/advocates - GET - ::1[39m
2026-07-29 15:06:13:613 [31merror[39m: [31m403 - Access Denied: You do not have permission to perform this operation. - /api/v1/opinions - GET - ::1[39m
2026-07-29 15:06:13:613 [31merror[39m: [31m403 - Access Denied: You do not have permission to perform this operation. - /api/v1/payments - GET - ::1[39m
2026-07-29 15:06:13:613 [31merror[39m: [31m403 - Access Denied: You do not have permission to perform this operation. - /api/v1/memberships - GET - ::1[39m
2026-07-29 15:06:13:613 [31merror[39m: [31m403 - Access Denied: You do not have permission to perform this operation. - /api/v1/advocates - GET - ::1[39m
2026-07-29 15:06:13:613 [31merror[39m: [31m403 - Access Denied: You do not have permission to perform this operation. - /api/v1/payments - GET - ::1[39m
2026-07-29 15:06:13:613 [31merror[39m: [31m403 - Access Denied: You do not have permission to perform this operation. - /api/v1/opinions - GET - ::1[39m
2026-07-29 15:06:13:613 [31merror[39m: [31m403 - Access Denied: You do not have permission to perform this operation. - /api/v1/memberships - GET - ::1[39m
2026-07-29 15:26:14:2614 [31merror[39m: [31mJWT Verification Error: jwt expired[39m
2026-07-29 15:26:14:2614 [31merror[39m: [31m401 - Invalid or expired security token. Please log in again. - /api/v1/cases - GET - ::1[39m
2026-07-29 15:26:14:2614 [31merror[39m: [31mJWT Verification Error: jwt expired[39m
2026-07-29 15:26:14:2614 [31merror[39m: [31m401 - Invalid or expired security token. Please log in again. - /api/v1/clients - GET - ::1[39m
2026-07-29 15:26:14:2614 [31merror[39m: [31mJWT Verification Error: jwt expired[39m
2026-07-29 15:26:14:2614 [31merror[39m: [31m401 - Invalid or expired security token. Please log in again. - /api/v1/advocates - GET - ::1[39m
2026-07-29 15:26:14:2614 [31merror[39m: [31mJWT Verification Error: jwt expired[39m
2026-07-29 15:26:14:2614 [31merror[39m: [31m401 - Invalid or expired security token. Please log in again. - /api/v1/cases - GET - ::1[39m
2026-07-29 15:26:14:2614 [31merror[39m: [31mJWT Verification Error: jwt expired[39m
2026-07-29 15:26:14:2614 [31merror[39m: [31m401 - Invalid or expired security token. Please log in again. - /api/v1/masters/case-types?activeOnly=true - GET - ::1[39m
2026-07-29 15:26:14:2614 [31merror[39m: [31mJWT Verification Error: jwt expired[39m
2026-07-29 15:26:14:2614 [31merror[39m: [31m401 - Invalid or expired security token. Please log in again. - /api/v1/clients - GET - ::1[39m
2026-07-29 15:26:14:2614 [31merror[39m: [31mJWT Verification Error: jwt expired[39m
2026-07-29 15:26:14:2614 [31merror[39m: [31m401 - Invalid or expired security token. Please log in again. - /api/v1/masters/case-stages?activeOnly=true - GET - ::1[39m
2026-07-29 15:26:14:2614 [31merror[39m: [31mJWT Verification Error: jwt expired[39m
2026-07-29 15:26:14:2614 [31merror[39m: [31m401 - Invalid or expired security token. Please log in again. - /api/v1/masters/courts?activeOnly=true - GET - ::1[39m
2026-07-29 15:26:14:2614 [31merror[39m: [31mJWT Verification Error: jwt expired[39m
2026-07-29 15:26:14:2614 [31merror[39m: [31m401 - Invalid or expired security token. Please log in again. - /api/v1/advocates - GET - ::1[39m
2026-07-29 15:26:14:2614 [31merror[39m: [31mJWT Verification Error: jwt expired[39m
2026-07-29 15:26:14:2614 [31merror[39m: [31m401 - Invalid or expired security token. Please log in again. - /api/v1/dashboard - GET - ::1[39m
2026-07-29 15:26:14:2614 [31merror[39m: [31mJWT Verification Error: jwt expired[39m
2026-07-29 15:26:14:2614 [31merror[39m: [31m401 - Invalid or expired security token. Please log in again. - /api/v1/cases - GET - ::1[39m
2026-07-29 15:26:14:2614 [31merror[39m: [31mJWT Verification Error: jwt expired[39m
2026-07-29 15:26:14:2614 [31merror[39m: [31m401 - Invalid or expired security token. Please log in again. - /api/v1/clients - GET - ::1[39m
2026-07-29 15:26:14:2614 [31merror[39m: [31mJWT Verification Error: jwt expired[39m
2026-07-29 15:26:14:2614 [31merror[39m: [31m401 - Invalid or expired security token. Please log in again. - /api/v1/cases - GET - ::1[39m
2026-07-29 15:26:14:2614 [31merror[39m: [31mJWT Verification Error: jwt expired[39m
2026-07-29 15:26:14:2614 [31merror[39m: [31m401 - Invalid or expired security token. Please log in again. - /api/v1/clients - GET - ::1[39m
2026-07-29 15:26:14:2614 [31merror[39m: [31mJWT Verification Error: jwt expired[39m
2026-07-29 15:26:14:2614 [31merror[39m: [31m401 - Invalid or expired security token. Please log in again. - /api/v1/diary - GET - ::1[39m
2026-07-29 15:26:14:2614 [31merror[39m: [31mJWT Verification Error: jwt expired[39m
2026-07-29 15:26:14:2614 [31merror[39m: [31m401 - Invalid or expired security token. Please log in again. - /api/v1/daybook - GET - ::1[39m
2026-07-29 15:26:14:2614 [31merror[39m: [31mJWT Verification Error: jwt expired[39m
2026-07-29 15:26:14:2614 [31merror[39m: [31m401 - Invalid or expired security token. Please log in again. - /api/v1/payments - GET - ::1[39m
2026-07-29 15:26:14:2614 [31merror[39m: [31mJWT Verification Error: jwt expired[39m
2026-07-29 15:26:14:2614 [31merror[39m: [31m401 - Invalid or expired security token. Please log in again. - /api/v1/alerts - GET - ::1[39m
2026-07-29 15:26:14:2614 [31merror[39m: [31mJWT Verification Error: jwt expired[39m
2026-07-29 15:26:14:2614 [31merror[39m: [31m401 - Invalid or expired security token. Please log in again. - /api/v1/lands - GET - ::1[39m
2026-07-29 15:26:14:2614 [31merror[39m: [31mJWT Verification Error: jwt expired[39m
2026-07-29 15:26:14:2614 [31merror[39m: [31m401 - Invalid or expired security token. Please log in again. - /api/v1/opinions - GET - ::1[39m
2026-07-29 15:26:14:2614 [31merror[39m: [31mJWT Verification Error: jwt expired[39m
2026-07-29 15:26:14:2614 [31merror[39m: [31m401 - Invalid or expired security token. Please log in again. - /api/v1/advocates - GET - ::1[39m
2026-07-29 15:26:14:2614 [31merror[39m: [31mJWT Verification Error: jwt expired[39m
2026-07-29 15:26:14:2614 [31merror[39m: [31m401 - Invalid or expired security token. Please log in again. - /api/v1/diary - GET - ::1[39m
2026-07-29 15:26:14:2614 [31merror[39m: [31mJWT Verification Error: jwt expired[39m
2026-07-29 15:26:14:2614 [31merror[39m: [31m401 - Invalid or expired security token. Please log in again. - /api/v1/daybook - GET - ::1[39m
2026-07-29 15:26:14:2614 [31merror[39m: [31mJWT Verification Error: jwt expired[39m
2026-07-29 15:26:14:2614 [31merror[39m: [31m401 - Invalid or expired security token. Please log in again. - /api/v1/memberships - GET - ::1[39m
2026-07-29 15:26:14:2614 [31merror[39m: [31mJWT Verification Error: jwt expired[39m
2026-07-29 15:26:14:2614 [31merror[39m: [31m401 - Invalid or expired security token. Please log in again. - /api/v1/payments - GET - ::1[39m
2026-07-29 15:26:14:2614 [31merror[39m: [31mJWT Verification Error: jwt expired[39m
2026-07-29 15:26:14:2614 [31merror[39m: [31m401 - Invalid or expired security token. Please log in again. - /api/v1/alerts - GET - ::1[39m
2026-07-29 15:26:14:2614 [31merror[39m: [31mJWT Verification Error: jwt expired[39m
2026-07-29 15:26:14:2614 [31merror[39m: [31m401 - Invalid or expired security token. Please log in again. - /api/v1/acts - GET - ::1[39m
2026-07-29 15:26:14:2614 [31merror[39m: [31mJWT Verification Error: jwt expired[39m
2026-07-29 15:26:14:2614 [31merror[39m: [31m401 - Invalid or expired security token. Please log in again. - /api/v1/amendments - GET - ::1[39m
2026-07-29 15:26:14:2614 [31merror[39m: [31mJWT Verification Error: jwt expired[39m
2026-07-29 15:26:14:2614 [31merror[39m: [31m401 - Invalid or expired security token. Please log in again. - /api/v1/roles/roles - GET - ::1[39m
2026-07-29 15:26:14:2614 [31merror[39m: [31mJWT Verification Error: jwt expired[39m
2026-07-29 15:26:14:2614 [31merror[39m: [31m401 - Invalid or expired security token. Please log in again. - /api/v1/roles/modules - GET - ::1[39m
2026-07-29 15:26:14:2614 [31merror[39m: [31mJWT Verification Error: jwt expired[39m
2026-07-29 15:26:14:2614 [31merror[39m: [31m401 - Invalid or expired security token. Please log in again. - /api/v1/advocates - GET - ::1[39m
2026-07-29 15:26:14:2614 [31merror[39m: [31mJWT Verification Error: jwt expired[39m
2026-07-29 15:26:14:2614 [31merror[39m: [31m401 - Invalid or expired security token. Please log in again. - /api/v1/lands - GET - ::1[39m
2026-07-29 15:26:14:2614 [31merror[39m: [31mJWT Verification Error: jwt expired[39m
2026-07-29 15:26:14:2614 [31merror[39m: [31m401 - Invalid or expired security token. Please log in again. - /api/v1/opinions - GET - ::1[39m
2026-07-29 15:26:14:2614 [31merror[39m: [31mJWT Verification Error: jwt expired[39m
2026-07-29 15:26:14:2614 [31merror[39m: [31m401 - Invalid or expired security token. Please log in again. - /api/v1/acts - GET - ::1[39m
2026-07-29 15:26:14:2614 [31merror[39m: [31mJWT Verification Error: jwt expired[39m
2026-07-29 15:26:14:2614 [31merror[39m: [31m401 - Invalid or expired security token. Please log in again. - /api/v1/memberships - GET - ::1[39m
2026-07-29 15:26:14:2614 [31merror[39m: [31mJWT Verification Error: jwt expired[39m
2026-07-29 15:26:14:2614 [31merror[39m: [31m401 - Invalid or expired security token. Please log in again. - /api/v1/masters/case-types?activeOnly=true - GET - ::1[39m
2026-07-29 15:26:14:2614 [31merror[39m: [31mJWT Verification Error: jwt expired[39m
2026-07-29 15:26:14:2614 [31merror[39m: [31m401 - Invalid or expired security token. Please log in again. - /api/v1/masters/case-stages?activeOnly=true - GET - ::1[39m
2026-07-29 15:26:14:2614 [31merror[39m: [31mJWT Verification Error: jwt expired[39m
2026-07-29 15:26:14:2614 [31merror[39m: [31m401 - Invalid or expired security token. Please log in again. - /api/v1/amendments - GET - ::1[39m
2026-07-29 15:26:14:2614 [31merror[39m: [31mJWT Verification Error: jwt expired[39m
2026-07-29 15:26:14:2614 [31merror[39m: [31m401 - Invalid or expired security token. Please log in again. - /api/v1/masters/courts?activeOnly=true - GET - ::1[39m
2026-07-29 15:26:14:2614 [31merror[39m: [31mJWT Verification Error: jwt expired[39m
2026-07-29 15:26:14:2614 [31merror[39m: [31m401 - Invalid or expired security token. Please log in again. - /api/v1/cases - GET - ::1[39m
2026-07-29 15:26:14:2614 [31merror[39m: [31mJWT Verification Error: jwt expired[39m
2026-07-29 15:26:14:2614 [31merror[39m: [31m401 - Invalid or expired security token. Please log in again. - /api/v1/clients - GET - ::1[39m
2026-07-29 15:26:14:2614 [31merror[39m: [31mJWT Verification Error: jwt expired[39m
2026-07-29 15:26:14:2614 [31merror[39m: [31m401 - Invalid or expired security token. Please log in again. - /api/v1/diary - GET - ::1[39m
2026-07-29 15:26:14:2614 [31merror[39m: [31mJWT Verification Error: jwt expired[39m
2026-07-29 15:26:14:2614 [31merror[39m: [31m401 - Invalid or expired security token. Please log in again. - /api/v1/roles/roles - GET - ::1[39m
2026-07-29 15:26:14:2614 [31merror[39m: [31mJWT Verification Error: jwt expired[39m
2026-07-29 15:26:14:2614 [31merror[39m: [31m401 - Invalid or expired security token. Please log in again. - /api/v1/daybook - GET - ::1[39m
2026-07-29 15:26:14:2614 [31merror[39m: [31mJWT Verification Error: jwt expired[39m
2026-07-29 15:26:14:2614 [31merror[39m: [31m401 - Invalid or expired security token. Please log in again. - /api/v1/roles/modules - GET - ::1[39m
2026-07-29 15:26:14:2614 [31merror[39m: [31mJWT Verification Error: jwt expired[39m
2026-07-29 15:26:14:2614 [31merror[39m: [31m401 - Invalid or expired security token. Please log in again. - /api/v1/payments - GET - ::1[39m
2026-07-29 15:26:14:2614 [31merror[39m: [31mJWT Verification Error: jwt expired[39m
2026-07-29 15:26:14:2614 [31merror[39m: [31m401 - Invalid or expired security token. Please log in again. - /api/v1/alerts - GET - ::1[39m
2026-07-29 15:26:14:2614 [31merror[39m: [31mJWT Verification Error: jwt expired[39m
2026-07-29 15:26:14:2614 [31merror[39m: [31m401 - Invalid or expired security token. Please log in again. - /api/v1/roles/roles - GET - ::1[39m
2026-07-29 15:26:14:2614 [31merror[39m: [31mJWT Verification Error: jwt expired[39m
2026-07-29 15:26:14:2614 [31merror[39m: [31m401 - Invalid or expired security token. Please log in again. - /api/v1/lands - GET - ::1[39m
2026-07-29 15:26:14:2614 [31merror[39m: [31mJWT Verification Error: jwt expired[39m
2026-07-29 15:26:14:2614 [31merror[39m: [31m401 - Invalid or expired security token. Please log in again. - /api/v1/opinions - GET - ::1[39m
2026-07-29 15:26:14:2614 [31merror[39m: [31mJWT Verification Error: jwt expired[39m
2026-07-29 15:26:14:2614 [31merror[39m: [31m401 - Invalid or expired security token. Please log in again. - /api/v1/advocates - GET - ::1[39m
2026-07-29 15:26:14:2614 [31merror[39m: [31mJWT Verification Error: jwt expired[39m
2026-07-29 15:26:14:2614 [31merror[39m: [31m401 - Invalid or expired security token. Please log in again. - /api/v1/memberships - GET - ::1[39m
2026-07-29 15:26:14:2614 [31merror[39m: [31mJWT Verification Error: jwt expired[39m
2026-07-29 15:26:14:2614 [31merror[39m: [31m401 - Invalid or expired security token. Please log in again. - /api/v1/acts - GET - ::1[39m
2026-07-29 15:26:14:2614 [31merror[39m: [31mJWT Verification Error: jwt expired[39m
2026-07-29 15:26:14:2614 [31merror[39m: [31m401 - Invalid or expired security token. Please log in again. - /api/v1/amendments - GET - ::1[39m
2026-07-29 15:26:14:2614 [31merror[39m: [31mJWT Verification Error: jwt expired[39m
2026-07-29 15:26:14:2614 [31merror[39m: [31m401 - Invalid or expired security token. Please log in again. - /api/v1/roles/roles - GET - ::1[39m
2026-07-29 15:26:14:2614 [31merror[39m: [31mJWT Verification Error: jwt expired[39m
2026-07-29 15:26:14:2614 [31merror[39m: [31m401 - Invalid or expired security token. Please log in again. - /api/v1/dashboard - GET - ::1[39m
2026-07-29 15:26:14:2614 [31merror[39m: [31mJWT Verification Error: jwt expired[39m
2026-07-29 15:26:14:2614 [31merror[39m: [31m401 - Invalid or expired security token. Please log in again. - /api/v1/cases - GET - ::1[39m
2026-07-29 15:26:14:2614 [31merror[39m: [31mJWT Verification Error: jwt expired[39m
2026-07-29 15:26:14:2614 [31merror[39m: [31m401 - Invalid or expired security token. Please log in again. - /api/v1/clients - GET - ::1[39m
2026-07-29 15:26:14:2614 [31merror[39m: [31mJWT Verification Error: jwt expired[39m
2026-07-29 15:26:14:2614 [31merror[39m: [31m401 - Invalid or expired security token. Please log in again. - /api/v1/advocates - GET - ::1[39m
2026-07-29 15:26:14:2614 [31merror[39m: [31mJWT Verification Error: jwt expired[39m
2026-07-29 15:26:14:2614 [31merror[39m: [31m401 - Invalid or expired security token. Please log in again. - /api/v1/diary - GET - ::1[39m
2026-07-29 15:26:14:2614 [31merror[39m: [31mJWT Verification Error: jwt expired[39m
2026-07-29 15:26:14:2614 [31merror[39m: [31m401 - Invalid or expired security token. Please log in again. - /api/v1/roles/roles - GET - ::1[39m
2026-07-29 15:26:14:2614 [31merror[39m: [31mJWT Verification Error: jwt expired[39m
2026-07-29 15:26:14:2614 [31merror[39m: [31m401 - Invalid or expired security token. Please log in again. - /api/v1/roles/modules - GET - ::1[39m
2026-07-29 15:26:14:2614 [31merror[39m: [31mJWT Verification Error: jwt expired[39m
2026-07-29 15:26:14:2614 [31merror[39m: [31m401 - Invalid or expired security token. Please log in again. - /api/v1/daybook - GET - ::1[39m
2026-07-29 15:26:14:2614 [31merror[39m: [31mJWT Verification Error: jwt expired[39m
2026-07-29 15:26:14:2614 [31merror[39m: [31m401 - Invalid or expired security token. Please log in again. - /api/v1/payments - GET - ::1[39m
2026-07-29 15:26:14:2614 [31merror[39m: [31mJWT Verification Error: jwt expired[39m
2026-07-29 15:26:14:2614 [31merror[39m: [31m401 - Invalid or expired security token. Please log in again. - /api/v1/alerts - GET - ::1[39m
2026-07-29 15:26:14:2614 [31merror[39m: [31mJWT Verification Error: jwt expired[39m
2026-07-29 15:26:14:2614 [31merror[39m: [31m401 - Invalid or expired security token. Please log in again. - /api/v1/lands - GET - ::1[39m
2026-07-29 15:26:14:2614 [31merror[39m: [31mJWT Verification Error: jwt expired[39m
2026-07-29 15:26:14:2614 [31merror[39m: [31m401 - Invalid or expired security token. Please log in again. - /api/v1/opinions - GET - ::1[39m
2026-07-29 15:26:14:2614 [31merror[39m: [31mJWT Verification Error: jwt expired[39m
2026-07-29 15:26:14:2614 [31merror[39m: [31m401 - Invalid or expired security token. Please log in again. - /api/v1/memberships - GET - ::1[39m
2026-07-29 15:26:14:2614 [31merror[39m: [31mJWT Verification Error: jwt expired[39m
2026-07-29 15:26:14:2614 [31merror[39m: [31m401 - Invalid or expired security token. Please log in again. - /api/v1/roles/roles - GET - ::1[39m
2026-07-29 15:26:14:2614 [31merror[39m: [31mJWT Verification Error: jwt expired[39m
2026-07-29 15:26:14:2614 [31merror[39m: [31m401 - Invalid or expired security token. Please log in again. - /api/v1/acts - GET - ::1[39m
2026-07-29 15:26:14:2614 [31merror[39m: [31mJWT Verification Error: jwt expired[39m
2026-07-29 15:26:14:2614 [31merror[39m: [31m401 - Invalid or expired security token. Please log in again. - /api/v1/amendments - GET - ::1[39m
2026-07-29 15:26:14:2614 [31merror[39m: [31mJWT Verification Error: jwt expired[39m
2026-07-29 15:26:14:2614 [31merror[39m: [31m401 - Invalid or expired security token. Please log in again. - /api/v1/roles/modules - GET - ::1[39m
2026-07-29 15:26:14:2614 [31merror[39m: [31mJWT Verification Error: jwt expired[39m
2026-07-29 15:26:14:2614 [31merror[39m: [31m401 - Invalid or expired security token. Please log in again. - /api/v1/roles/roles - GET - ::1[39m
2026-07-29 15:26:14:2614 [31merror[39m: [31mJWT Verification Error: jwt expired[39m
2026-07-29 15:26:14:2614 [31merror[39m: [31m401 - Invalid or expired security token. Please log in again. - /api/v1/roles/roles - GET - ::1[39m
2026-07-29 15:26:14:2614 [31merror[39m: [31m403 - Access Denied: You do not have permission to perform this operation. - /api/v1/advocates - GET - ::1[39m
2026-07-29 15:26:14:2614 [31merror[39m: [31m403 - Access Denied: You do not have permission to perform this operation. - /api/v1/opinions - GET - ::1[39m
2026-07-29 15:26:14:2614 [31merror[39m: [31m403 - Access Denied: You do not have permission to perform this operation. - /api/v1/memberships - GET - ::1[39m
2026-07-29 15:26:15:2615 [31merror[39m: [31m403 - Access Denied: You do not have permission to perform this operation. - /api/v1/payments - GET - ::1[39m
2026-07-29 15:26:15:2615 [31merror[39m: [31m403 - Access Denied: You do not have permission to perform this operation. - /api/v1/advocates - GET - ::1[39m
2026-07-29 15:26:15:2615 [31merror[39m: [31m403 - Access Denied: You do not have permission to perform this operation. - /api/v1/opinions - GET - ::1[39m
2026-07-29 15:26:15:2615 [31merror[39m: [31m403 - Access Denied: You do not have permission to perform this operation. - /api/v1/memberships - GET - ::1[39m
2026-07-29 15:26:15:2615 [31merror[39m: [31m403 - Access Denied: You do not have permission to perform this operation. - /api/v1/payments - GET - ::1[39m
2026-07-29 15:27:48:2748 [31merror[39m: [31m403 - Access Denied: You do not have permission to perform this operation. - /api/v1/daybook - GET - ::1[39m
2026-07-29 15:27:55:2755 [31merror[39m: [31m403 - Access Denied: You do not have permission to perform this operation. - /api/v1/advocates - GET - ::1[39m
2026-07-29 15:27:55:2755 [31merror[39m: [31m403 - Access Denied: You do not have permission to perform this operation. - /api/v1/payments - GET - ::1[39m
2026-07-29 15:27:55:2755 [31merror[39m: [31m403 - Access Denied: You do not have permission to perform this operation. - /api/v1/opinions - GET - ::1[39m
2026-07-29 15:27:55:2755 [31merror[39m: [31m403 - Access Denied: You do not have permission to perform this operation. - /api/v1/memberships - GET - ::1[39m
2026-07-29 15:27:58:2758 [31merror[39m: [31m403 - Access Denied: You do not have permission to perform this operation. - /api/v1/advocates - GET - ::1[39m
2026-07-29 15:27:58:2758 [31merror[39m: [31m403 - Access Denied: You do not have permission to perform this operation. - /api/v1/advocates - GET - ::1[39m
2026-07-29 15:28:00:280 [31merror[39m: [31m403 - Access Denied: You do not have permission to perform this operation. - /api/v1/advocates - GET - ::1[39m
2026-07-29 15:28:00:280 [31merror[39m: [31m403 - Access Denied: You do not have permission to perform this operation. - /api/v1/advocates - GET - ::1[39m
2026-07-29 15:28:09:289 [31merror[39m: [31m403 - Access Denied: You do not have permission to perform this operation. - /api/v1/advocates - GET - ::1[39m
2026-07-29 15:28:09:289 [31merror[39m: [31m403 - Access Denied: You do not have permission to perform this operation. - /api/v1/advocates - GET - ::1[39m
2026-07-29 15:28:19:2819 [31merror[39m: [31m403 - Access Denied: You do not have permission to perform this operation. - /api/v1/advocates - GET - ::1[39m
2026-07-29 15:28:19:2819 [31merror[39m: [31m403 - Access Denied: You do not have permission to perform this operation. - /api/v1/advocates - GET - ::1[39m
2026-07-29 15:28:53:2853 [31merror[39m: [31m403 - Access Denied: You do not have permission to perform this operation. - /api/v1/advocates - GET - ::1[39m
2026-07-29 15:28:53:2853 [31merror[39m: [31m403 - Access Denied: You do not have permission to perform this operation. - /api/v1/advocates - GET - ::1[39m
2026-07-29 15:29:09:299 [31merror[39m: [31m403 - Access Denied: You do not have permission to perform this operation. - /api/v1/cases - GET - ::1[39m
2026-07-29 15:29:09:299 [31merror[39m: [31m403 - Access Denied: You do not have permission to perform this operation. - /api/v1/advocates - GET - ::1[39m
2026-07-29 15:29:09:299 [31merror[39m: [31m403 - Access Denied: You do not have permission to perform this operation. - /api/v1/payments - GET - ::1[39m
2026-07-29 15:29:09:299 [31merror[39m: [31m403 - Access Denied: You do not have permission to perform this operation. - /api/v1/alerts - GET - ::1[39m
2026-07-29 15:29:09:299 [31merror[39m: [31m403 - Access Denied: You do not have permission to perform this operation. - /api/v1/opinions - GET - ::1[39m
2026-07-29 15:29:09:299 [31merror[39m: [31m403 - Access Denied: You do not have permission to perform this operation. - /api/v1/memberships - GET - ::1[39m
2026-07-29 15:29:09:299 [31merror[39m: [31m403 - Access Denied: You do not have permission to perform this operation. - /api/v1/cases - GET - ::1[39m
2026-07-29 15:29:09:299 [31merror[39m: [31m403 - Access Denied: You do not have permission to perform this operation. - /api/v1/advocates - GET - ::1[39m
2026-07-29 15:29:09:299 [31merror[39m: [31m403 - Access Denied: You do not have permission to perform this operation. - /api/v1/payments - GET - ::1[39m
2026-07-29 15:29:09:299 [31merror[39m: [31m403 - Access Denied: You do not have permission to perform this operation. - /api/v1/alerts - GET - ::1[39m
2026-07-29 15:29:09:299 [31merror[39m: [31m403 - Access Denied: You do not have permission to perform this operation. - /api/v1/opinions - GET - ::1[39m
2026-07-29 15:29:09:299 [31merror[39m: [31m403 - Access Denied: You do not have permission to perform this operation. - /api/v1/memberships - GET - ::1[39m
2026-07-29 15:29:11:2911 [31merror[39m: [31m403 - Access Denied: You do not have permission to perform this operation. - /api/v1/cases - GET - ::1[39m
2026-07-29 15:29:11:2911 [31merror[39m: [31m403 - Access Denied: You do not have permission to perform this operation. - /api/v1/cases - GET - ::1[39m
2026-07-29 15:29:12:2912 [31merror[39m: [31m403 - Access Denied: You do not have permission to perform this operation. - /api/v1/cases - GET - ::1[39m
2026-07-29 15:29:12:2912 [31merror[39m: [31m403 - Access Denied: You do not have permission to perform this operation. - /api/v1/advocates - GET - ::1[39m
2026-07-29 15:29:12:2912 [31merror[39m: [31m403 - Access Denied: You do not have permission to perform this operation. - /api/v1/cases - GET - ::1[39m
2026-07-29 15:29:12:2912 [31merror[39m: [31m403 - Access Denied: You do not have permission to perform this operation. - /api/v1/advocates - GET - ::1[39m
2026-07-29 15:29:14:2914 [31merror[39m: [31m403 - Access Denied: You do not have permission to perform this operation. - /api/v1/cases - GET - ::1[39m
2026-07-29 15:29:14:2914 [31merror[39m: [31m403 - Access Denied: You do not have permission to perform this operation. - /api/v1/cases - GET - ::1[39m
2026-07-29 15:29:30:2930 [31merror[39m: [31m403 - Access Denied: You do not have permission to perform this operation. - /api/v1/advocates - GET - ::1[39m
2026-07-29 15:29:30:2930 [31merror[39m: [31m403 - Access Denied: You do not have permission to perform this operation. - /api/v1/payments - GET - ::1[39m
2026-07-29 15:29:30:2930 [31merror[39m: [31m403 - Access Denied: You do not have permission to perform this operation. - /api/v1/opinions - GET - ::1[39m
2026-07-29 15:29:30:2930 [31merror[39m: [31m403 - Access Denied: You do not have permission to perform this operation. - /api/v1/memberships - GET - ::1[39m
2026-07-29 15:29:30:2930 [31merror[39m: [31m403 - Access Denied: You do not have permission to perform this operation. - /api/v1/advocates - GET - ::1[39m
2026-07-29 15:29:30:2930 [31merror[39m: [31m403 - Access Denied: You do not have permission to perform this operation. - /api/v1/payments - GET - ::1[39m
2026-07-29 15:29:30:2930 [31merror[39m: [31m403 - Access Denied: You do not have permission to perform this operation. - /api/v1/opinions - GET - ::1[39m
2026-07-29 15:29:30:2930 [31merror[39m: [31m403 - Access Denied: You do not have permission to perform this operation. - /api/v1/memberships - GET - ::1[39m
2026-07-29 15:29:31:2931 [31merror[39m: [31m403 - Access Denied: You do not have permission to perform this operation. - /api/v1/advocates - GET - ::1[39m
2026-07-29 15:29:32:2932 [31merror[39m: [31m403 - Access Denied: You do not have permission to perform this operation. - /api/v1/advocates - GET - ::1[39m
2026-07-29 15:31:24:3124 [31merror[39m: [31m403 - Access Denied: You do not have permission to perform this operation. - /api/v1/payments - GET - ::1[39m
2026-07-29 15:31:24:3124 [31merror[39m: [31m403 - Access Denied: You do not have permission to perform this operation. - /api/v1/payments - GET - ::1[39m
2026-07-29 15:31:37:3137 [31merror[39m: [31m403 - Access Denied: You do not have permission to perform this operation. - /api/v1/advocates - GET - ::1[39m
2026-07-29 15:31:37:3137 [31merror[39m: [31m403 - Access Denied: You do not have permission to perform this operation. - /api/v1/advocates - GET - ::1[39m
2026-07-29 15:47:57:4757 [31merror[39m: [31mJWT Verification Error: jwt expired[39m
2026-07-29 15:47:57:4757 [31merror[39m: [31m401 - Invalid or expired security token. Please log in again. - /api/v1/cases - GET - ::1[39m
2026-07-29 15:47:57:4757 [31merror[39m: [31mJWT Verification Error: jwt expired[39m
2026-07-29 15:47:57:4757 [31merror[39m: [31m401 - Invalid or expired security token. Please log in again. - /api/v1/clients - GET - ::1[39m
2026-07-29 15:47:57:4757 [31merror[39m: [31mJWT Verification Error: jwt expired[39m
2026-07-29 15:47:57:4757 [31merror[39m: [31m401 - Invalid or expired security token. Please log in again. - /api/v1/advocates - GET - ::1[39m
2026-07-29 15:47:57:4757 [31merror[39m: [31mJWT Verification Error: jwt expired[39m
2026-07-29 15:47:57:4757 [31merror[39m: [31m401 - Invalid or expired security token. Please log in again. - /api/v1/diary - GET - ::1[39m
2026-07-29 15:47:57:4757 [31merror[39m: [31mJWT Verification Error: jwt expired[39m
2026-07-29 15:47:57:4757 [31merror[39m: [31m401 - Invalid or expired security token. Please log in again. - /api/v1/daybook - GET - ::1[39m
2026-07-29 15:47:57:4757 [31merror[39m: [31mJWT Verification Error: jwt expired[39m
2026-07-29 15:47:57:4757 [31merror[39m: [31m401 - Invalid or expired security token. Please log in again. - /api/v1/alerts - GET - ::1[39m
2026-07-29 15:47:57:4757 [31merror[39m: [31mJWT Verification Error: jwt expired[39m
2026-07-29 15:47:57:4757 [31merror[39m: [31m401 - Invalid or expired security token. Please log in again. - /api/v1/payments - GET - ::1[39m
2026-07-29 15:47:57:4757 [31merror[39m: [31mJWT Verification Error: jwt expired[39m
2026-07-29 15:47:57:4757 [31merror[39m: [31m401 - Invalid or expired security token. Please log in again. - /api/v1/lands - GET - ::1[39m
2026-07-29 15:47:57:4757 [31merror[39m: [31mJWT Verification Error: jwt expired[39m
2026-07-29 15:47:57:4757 [31merror[39m: [31m401 - Invalid or expired security token. Please log in again. - /api/v1/opinions - GET - ::1[39m
2026-07-29 15:47:57:4757 [31merror[39m: [31mJWT Verification Error: jwt expired[39m
2026-07-29 15:47:57:4757 [31merror[39m: [31m401 - Invalid or expired security token. Please log in again. - /api/v1/memberships - GET - ::1[39m
2026-07-29 15:47:57:4757 [31merror[39m: [31mJWT Verification Error: jwt expired[39m
2026-07-29 15:47:57:4757 [31merror[39m: [31m401 - Invalid or expired security token. Please log in again. - /api/v1/acts - GET - ::1[39m
2026-07-29 15:47:57:4757 [31merror[39m: [31mJWT Verification Error: jwt expired[39m
2026-07-29 15:47:57:4757 [31merror[39m: [31m401 - Invalid or expired security token. Please log in again. - /api/v1/amendments - GET - ::1[39m
2026-07-29 15:47:57:4757 [31merror[39m: [31mJWT Verification Error: jwt expired[39m
2026-07-29 15:47:57:4757 [31merror[39m: [31m401 - Invalid or expired security token. Please log in again. - /api/v1/roles/roles - GET - ::1[39m
2026-07-29 15:47:57:4757 [31merror[39m: [31mJWT Verification Error: jwt expired[39m
2026-07-29 15:47:57:4757 [31merror[39m: [31m401 - Invalid or expired security token. Please log in again. - /api/v1/roles/modules - GET - ::1[39m
2026-07-29 15:47:57:4757 [31merror[39m: [31mJWT Verification Error: jwt expired[39m
2026-07-29 15:47:57:4757 [31merror[39m: [31m401 - Invalid or expired security token. Please log in again. - /api/v1/cases - GET - ::1[39m
2026-07-29 15:47:57:4757 [31merror[39m: [31mJWT Verification Error: jwt expired[39m
2026-07-29 15:47:57:4757 [31merror[39m: [31m401 - Invalid or expired security token. Please log in again. - /api/v1/clients - GET - ::1[39m
2026-07-29 15:47:57:4757 [31merror[39m: [31mJWT Verification Error: jwt expired[39m
2026-07-29 15:47:57:4757 [31merror[39m: [31m401 - Invalid or expired security token. Please log in again. - /api/v1/advocates - GET - ::1[39m
2026-07-29 15:47:57:4757 [31merror[39m: [31mJWT Verification Error: jwt expired[39m
2026-07-29 15:47:57:4757 [31merror[39m: [31m401 - Invalid or expired security token. Please log in again. - /api/v1/diary - GET - ::1[39m
2026-07-29 15:47:57:4757 [31merror[39m: [31mJWT Verification Error: jwt expired[39m
2026-07-29 15:47:57:4757 [31merror[39m: [31m401 - Invalid or expired security token. Please log in again. - /api/v1/daybook - GET - ::1[39m
2026-07-29 15:47:57:4757 [31merror[39m: [31mJWT Verification Error: jwt expired[39m
2026-07-29 15:47:57:4757 [31merror[39m: [31m401 - Invalid or expired security token. Please log in again. - /api/v1/alerts - GET - ::1[39m
2026-07-29 15:47:57:4757 [31merror[39m: [31mJWT Verification Error: jwt expired[39m
2026-07-29 15:47:57:4757 [31merror[39m: [31m401 - Invalid or expired security token. Please log in again. - /api/v1/payments - GET - ::1[39m
2026-07-29 15:47:57:4757 [31merror[39m: [31mJWT Verification Error: jwt expired[39m
2026-07-29 15:47:57:4757 [31merror[39m: [31m401 - Invalid or expired security token. Please log in again. - /api/v1/lands - GET - ::1[39m
2026-07-29 15:47:57:4757 [31merror[39m: [31mJWT Verification Error: jwt expired[39m
2026-07-29 15:47:57:4757 [31merror[39m: [31m401 - Invalid or expired security token. Please log in again. - /api/v1/opinions - GET - ::1[39m
2026-07-29 15:47:57:4757 [31merror[39m: [31mJWT Verification Error: jwt expired[39m
2026-07-29 15:47:57:4757 [31merror[39m: [31m401 - Invalid or expired security token. Please log in again. - /api/v1/acts - GET - ::1[39m
2026-07-29 15:47:57:4757 [31merror[39m: [31mJWT Verification Error: jwt expired[39m
2026-07-29 15:47:57:4757 [31merror[39m: [31m401 - Invalid or expired security token. Please log in again. - /api/v1/memberships - GET - ::1[39m
2026-07-29 15:47:57:4757 [31merror[39m: [31mJWT Verification Error: jwt expired[39m
2026-07-29 15:47:57:4757 [31merror[39m: [31m401 - Invalid or expired security token. Please log in again. - /api/v1/amendments - GET - ::1[39m
2026-07-29 15:47:57:4757 [31merror[39m: [31mJWT Verification Error: jwt expired[39m
2026-07-29 15:47:57:4757 [31merror[39m: [31m401 - Invalid or expired security token. Please log in again. - /api/v1/roles/roles - GET - ::1[39m
2026-07-29 15:47:57:4757 [31merror[39m: [31mJWT Verification Error: jwt expired[39m
2026-07-29 15:47:57:4757 [31merror[39m: [31m401 - Invalid or expired security token. Please log in again. - /api/v1/roles/modules - GET - ::1[39m
2026-07-29 15:47:57:4757 [31merror[39m: [31mJWT Verification Error: jwt expired[39m
2026-07-29 15:47:57:4757 [31merror[39m: [31m401 - Invalid or expired security token. Please log in again. - /api/v1/roles/roles - GET - ::1[39m
2026-07-29 15:47:57:4757 [31merror[39m: [31mJWT Verification Error: jwt expired[39m
2026-07-29 15:47:57:4757 [31merror[39m: [31m401 - Invalid or expired security token. Please log in again. - /api/v1/roles/roles - GET - ::1[39m
2026-07-29 15:56:33:5633 [32minfo[39m: [32mShutting down server gracefully...[39m
2026-07-29 16:19:51:1951 [32minfo[39m: [32mMySQL database connection established successfully.[39m
2026-07-29 16:19:52:1952 [32minfo[39m: [32mMySQL database connection established successfully.[39m
2026-07-29 16:19:52:1952 [33mwarn[39m: [33mensureTasksTable / ensureAmendmentTable failed:[39m
2026-07-29 16:19:52:1952 [32minfo[39m: [32mAlert scanner scheduled daily at midnight (0 0 * * *).[39m
2026-07-29 16:19:52:1952 [32minfo[39m: [32mServer successfully started on port 5000 in development mode.[39m
2026-07-29 16:20:02:202 [31merror[39m: [31mJWT Verification Error: jwt expired[39m
2026-07-29 16:20:02:202 [31merror[39m: [31m401 - Invalid or expired security token. Please log in again. - /api/v1/amendments?limit=10&offset=0 - GET - ::1[39m
2026-07-29 16:20:02:202 [31merror[39m: [31mJWT Verification Error: jwt expired[39m
2026-07-29 16:20:02:202 [31merror[39m: [31m401 - Invalid or expired security token. Please log in again. - /api/v1/payments - GET - ::1[39m
2026-07-29 16:20:02:202 [31merror[39m: [31mJWT Verification Error: jwt expired[39m
2026-07-29 16:20:02:202 [31merror[39m: [31m401 - Invalid or expired security token. Please log in again. - /api/v1/cases - GET - ::1[39m
2026-07-29 16:20:02:202 [31merror[39m: [31mJWT Verification Error: jwt expired[39m
2026-07-29 16:20:02:202 [31merror[39m: [31m401 - Invalid or expired security token. Please log in again. - /api/v1/clients - GET - ::1[39m
2026-07-29 16:20:02:202 [31merror[39m: [31mJWT Verification Error: jwt expired[39m
2026-07-29 16:20:02:202 [31merror[39m: [31m401 - Invalid or expired security token. Please log in again. - /api/v1/advocates - GET - ::1[39m
2026-07-29 16:20:02:202 [31merror[39m: [31mJWT Verification Error: jwt expired[39m
2026-07-29 16:20:02:202 [31merror[39m: [31m401 - Invalid or expired security token. Please log in again. - /api/v1/daybook - GET - ::1[39m
2026-07-29 16:20:02:202 [31merror[39m: [31mJWT Verification Error: jwt expired[39m
2026-07-29 16:20:02:202 [31merror[39m: [31m401 - Invalid or expired security token. Please log in again. - /api/v1/diary - GET - ::1[39m
2026-07-29 16:20:02:202 [31merror[39m: [31mJWT Verification Error: jwt expired[39m
2026-07-29 16:20:02:202 [31merror[39m: [31m401 - Invalid or expired security token. Please log in again. - /api/v1/alerts - GET - ::1[39m
2026-07-29 16:20:02:202 [31merror[39m: [31mJWT Verification Error: jwt expired[39m
2026-07-29 16:20:02:202 [31merror[39m: [31m401 - Invalid or expired security token. Please log in again. - /api/v1/lands - GET - ::1[39m
2026-07-29 16:20:02:202 [31merror[39m: [31mJWT Verification Error: jwt expired[39m
2026-07-29 16:20:02:202 [31merror[39m: [31m401 - Invalid or expired security token. Please log in again. - /api/v1/opinions - GET - ::1[39m
2026-07-29 16:20:02:202 [31merror[39m: [31mJWT Verification Error: jwt expired[39m
2026-07-29 16:20:02:202 [31merror[39m: [31m401 - Invalid or expired security token. Please log in again. - /api/v1/memberships - GET - ::1[39m
2026-07-29 16:20:02:202 [31merror[39m: [31mJWT Verification Error: jwt expired[39m
2026-07-29 16:20:02:202 [31merror[39m: [31m401 - Invalid or expired security token. Please log in again. - /api/v1/acts - GET - ::1[39m
2026-07-29 16:20:02:202 [31merror[39m: [31mJWT Verification Error: jwt expired[39m
2026-07-29 16:20:02:202 [31merror[39m: [31m401 - Invalid or expired security token. Please log in again. - /api/v1/amendments - GET - ::1[39m
2026-07-29 16:20:02:202 [31merror[39m: [31mJWT Verification Error: jwt expired[39m
2026-07-29 16:20:02:202 [31merror[39m: [31m401 - Invalid or expired security token. Please log in again. - /api/v1/roles/roles - GET - ::1[39m
2026-07-29 16:20:02:202 [31merror[39m: [31mJWT Verification Error: jwt expired[39m
2026-07-29 16:20:02:202 [31merror[39m: [31m401 - Invalid or expired security token. Please log in again. - /api/v1/roles/modules - GET - ::1[39m
2026-07-29 16:20:02:202 [31merror[39m: [31mJWT Verification Error: jwt expired[39m
2026-07-29 16:20:02:202 [31merror[39m: [31m401 - Invalid or expired security token. Please log in again. - /api/v1/amendments?limit=10&offset=0 - GET - ::1[39m
2026-07-29 16:20:02:202 [31merror[39m: [31mJWT Verification Error: jwt expired[39m
2026-07-29 16:20:02:202 [31merror[39m: [31m401 - Invalid or expired security token. Please log in again. - /api/v1/cases - GET - ::1[39m
2026-07-29 16:20:02:202 [31merror[39m: [31mJWT Verification Error: jwt expired[39m
2026-07-29 16:20:02:202 [31merror[39m: [31m401 - Invalid or expired security token. Please log in again. - /api/v1/clients - GET - ::1[39m
2026-07-29 16:20:02:202 [31merror[39m: [31mJWT Verification Error: jwt expired[39m
2026-07-29 16:20:02:202 [31merror[39m: [31m401 - Invalid or expired security token. Please log in again. - /api/v1/advocates - GET - ::1[39m
2026-07-29 16:20:02:202 [31merror[39m: [31mJWT Verification Error: jwt expired[39m
2026-07-29 16:20:02:202 [31merror[39m: [31m401 - Invalid or expired security token. Please log in again. - /api/v1/daybook - GET - ::1[39m
2026-07-29 16:20:02:202 [31merror[39m: [31mJWT Verification Error: jwt expired[39m
2026-07-29 16:20:02:202 [31merror[39m: [31m401 - Invalid or expired security token. Please log in again. - /api/v1/payments - GET - ::1[39m
2026-07-29 16:20:02:202 [31merror[39m: [31mJWT Verification Error: jwt expired[39m
2026-07-29 16:20:02:202 [31merror[39m: [31m401 - Invalid or expired security token. Please log in again. - /api/v1/diary - GET - ::1[39m
2026-07-29 16:20:02:202 [31merror[39m: [31mJWT Verification Error: jwt expired[39m
2026-07-29 16:20:02:202 [31merror[39m: [31m401 - Invalid or expired security token. Please log in again. - /api/v1/alerts - GET - ::1[39m
2026-07-29 16:20:02:202 [31merror[39m: [31mJWT Verification Error: jwt expired[39m
2026-07-29 16:20:02:202 [31merror[39m: [31m401 - Invalid or expired security token. Please log in again. - /api/v1/lands - GET - ::1[39m
2026-07-29 16:20:02:202 [31merror[39m: [31mJWT Verification Error: jwt expired[39m
2026-07-29 16:20:02:202 [31merror[39m: [31m401 - Invalid or expired security token. Please log in again. - /api/v1/opinions - GET - ::1[39m
2026-07-29 16:20:02:202 [31merror[39m: [31mJWT Verification Error: jwt expired[39m
2026-07-29 16:20:02:202 [31merror[39m: [31m401 - Invalid or expired security token. Please log in again. - /api/v1/memberships - GET - ::1[39m
2026-07-29 16:20:02:202 [31merror[39m: [31mJWT Verification Error: jwt expired[39m
2026-07-29 16:20:02:202 [31merror[39m: [31m401 - Invalid or expired security token. Please log in again. - /api/v1/acts - GET - ::1[39m
2026-07-29 16:20:02:202 [31merror[39m: [31mJWT Verification Error: jwt expired[39m
2026-07-29 16:20:02:202 [31merror[39m: [31m401 - Invalid or expired security token. Please log in again. - /api/v1/roles/modules - GET - ::1[39m
2026-07-29 16:20:02:202 [31merror[39m: [31mJWT Verification Error: jwt expired[39m
2026-07-29 16:20:02:202 [31merror[39m: [31m401 - Invalid or expired security token. Please log in again. - /api/v1/amendments - GET - ::1[39m
2026-07-29 16:20:02:202 [31merror[39m: [31mJWT Verification Error: jwt expired[39m
2026-07-29 16:20:02:202 [31merror[39m: [31m401 - Invalid or expired security token. Please log in again. - /api/v1/roles/roles - GET - ::1[39m
2026-07-29 16:20:02:202 [31merror[39m: [31mJWT Verification Error: jwt expired[39m
2026-07-29 16:20:02:202 [31merror[39m: [31m401 - Invalid or expired security token. Please log in again. - /api/v1/roles/roles - GET - ::1[39m
2026-07-29 16:20:03:203 [31merror[39m: [31mJWT Verification Error: jwt expired[39m
2026-07-29 16:20:03:203 [31merror[39m: [31m401 - Invalid or expired security token. Please log in again. - /api/v1/roles/roles - GET - ::1[39m
2026-07-29 16:32:34:3234 [32minfo[39m: [32mMySQL database connection established successfully.[39m
2026-07-29 16:32:34:3234 [33mwarn[39m: [33mensureTasksTable / ensureAmendmentTable failed:[39m
2026-07-29 16:32:34:3234 [32minfo[39m: [32mAlert scanner scheduled daily at midnight (0 0 * * *).[39m
2026-07-29 16:32:34:3234 [32minfo[39m: [32mServer successfully started on port 5000 in development mode.[39m
2026-07-29 16:36:52:3652 [31merror[39m: [31mJWT Verification Error: jwt expired[39m
2026-07-29 16:36:52:3652 [31merror[39m: [31m401 - Invalid or expired security token. Please log in again. - /api/v1/references - GET - ::1[39m
2026-07-29 16:36:52:3652 [31merror[39m: [31mJWT Verification Error: jwt expired[39m
2026-07-29 16:36:52:3652 [31merror[39m: [31m401 - Invalid or expired security token. Please log in again. - /api/v1/references - GET - ::1[39m
2026-07-29 16:38:48:3848 [31merror[39m: [31mGetDashboard error: Unknown column 'Document.category' in 'field list'[39m
2026-07-29 16:38:48:3848 [31merror[39m: [31m500 - Unknown column 'Document.category' in 'field list' - /api/v1/dashboard - GET - ::1[39m
2026-07-29 16:38:48:3848 [31merror[39m: [31mGetDashboard error: Unknown column 'Document.category' in 'field list'[39m
2026-07-29 16:38:48:3848 [31merror[39m: [31m500 - Unknown column 'Document.category' in 'field list' - /api/v1/dashboard - GET - ::1[39m
2026-07-29 16:38:49:3849 [32minfo[39m: [32mMySQL database connection established successfully.[39m
2026-07-29 16:38:49:3849 [33mwarn[39m: [33mensureTasksTable / ensureAmendmentTable failed:[39m
2026-07-29 16:38:49:3849 [32minfo[39m: [32mAlert scanner scheduled daily at midnight (0 0 * * *).[39m
2026-07-29 16:38:49:3849 [32minfo[39m: [32mServer successfully started on port 5000 in development mode.[39m
2026-07-29 16:39:11:3911 [32minfo[39m: [32mMySQL database connection established successfully.[39m
2026-07-29 16:39:12:3912 [33mwarn[39m: [33mensureTasksTable / ensureAmendmentTable failed:[39m
2026-07-29 16:39:12:3912 [32minfo[39m: [32mAlert scanner scheduled daily at midnight (0 0 * * *).[39m
2026-07-29 16:39:12:3912 [32minfo[39m: [32mServer successfully started on port 5000 in development mode.[39m
2026-07-29 16:39:21:3921 [32minfo[39m: [32mMySQL database connection established successfully.[39m
2026-07-29 16:39:21:3921 [33mwarn[39m: [33mensureTasksTable / ensureAmendmentTable failed:[39m
2026-07-29 16:39:21:3921 [32minfo[39m: [32mAlert scanner scheduled daily at midnight (0 0 * * *).[39m
2026-07-29 16:39:21:3921 [32minfo[39m: [32mServer successfully started on port 5000 in development mode.[39m
2026-07-29 16:39:24:3924 [32minfo[39m: [32mMySQL database connection established successfully.[39m
2026-07-29 16:39:24:3924 [33mwarn[39m: [33mensureTasksTable / ensureAmendmentTable failed:[39m
2026-07-29 16:39:24:3924 [32minfo[39m: [32mAlert scanner scheduled daily at midnight (0 0 * * *).[39m
2026-07-29 16:39:24:3924 [32minfo[39m: [32mServer successfully started on port 5000 in development mode.[39m
2026-07-29 16:39:27:3927 [32minfo[39m: [32mMySQL database connection established successfully.[39m
2026-07-29 16:39:27:3927 [33mwarn[39m: [33mensureTasksTable / ensureAmendmentTable failed:[39m
2026-07-29 16:39:27:3927 [32minfo[39m: [32mAlert scanner scheduled daily at midnight (0 0 * * *).[39m
2026-07-29 16:39:27:3927 [32minfo[39m: [32mServer successfully started on port 5000 in development mode.[39m
2026-07-29 16:39:36:3936 [32minfo[39m: [32mMySQL database connection established successfully.[39m
2026-07-29 16:39:36:3936 [33mwarn[39m: [33mensureTasksTable / ensureAmendmentTable failed:[39m
2026-07-29 16:39:36:3936 [32minfo[39m: [32mAlert scanner scheduled daily at midnight (0 0 * * *).[39m
2026-07-29 16:39:36:3936 [32minfo[39m: [32mServer successfully started on port 5000 in development mode.[39m
2026-07-29 16:39:36:3936 [31merror[39m: [31m403 - Access Denied: You do not have permission to perform this operation. - /api/v1/advocates - GET - ::1[39m
2026-07-29 16:39:36:3936 [31merror[39m: [31m403 - Access Denied: You do not have permission to perform this operation. - /api/v1/payments - GET - ::1[39m
2026-07-29 16:39:36:3936 [31merror[39m: [31m403 - Access Denied: You do not have permission to perform this operation. - /api/v1/opinions - GET - ::1[39m
2026-07-29 16:39:36:3936 [31merror[39m: [31m403 - Access Denied: You do not have permission to perform this operation. - /api/v1/memberships - GET - ::1[39m
2026-07-29 16:39:39:3939 [31merror[39m: [31m403 - Access Denied: You do not have permission to perform this operation. - /api/v1/advocates - GET - ::1[39m
2026-07-29 16:39:39:3939 [31merror[39m: [31m403 - Access Denied: You do not have permission to perform this operation. - /api/v1/advocates - GET - ::1[39m
2026-07-29 16:39:42:3942 [32minfo[39m: [32mMySQL database connection established successfully.[39m
2026-07-29 16:39:42:3942 [33mwarn[39m: [33mensureTasksTable / ensureAmendmentTable failed:[39m
2026-07-29 16:39:42:3942 [32minfo[39m: [32mAlert scanner scheduled daily at midnight (0 0 * * *).[39m
2026-07-29 16:39:42:3942 [32minfo[39m: [32mServer successfully started on port 5000 in development mode.[39m
2026-07-29 17:06:11:611 [31merror[39m: [31mJWT Verification Error: jwt expired[39m
2026-07-29 17:06:11:611 [31merror[39m: [31m401 - Invalid or expired security token. Please log in again. - /api/v1/masters/case-types?activeOnly=false - GET - ::1[39m
2026-07-29 17:06:11:611 [31merror[39m: [31mJWT Verification Error: jwt expired[39m
2026-07-29 17:06:11:611 [31merror[39m: [31m401 - Invalid or expired security token. Please log in again. - /api/v1/masters/case-types?activeOnly=false - GET - ::1[39m
2026-07-29 17:52:04:524 [31merror[39m: [31mJWT Verification Error: jwt expired[39m
2026-07-29 17:52:04:524 [31merror[39m: [31m401 - Invalid or expired security token. Please log in again. - /api/v1/masters/case-types?activeOnly=false - GET - ::1[39m
2026-07-29 17:52:07:527 [31merror[39m: [31mJWT Verification Error: jwt expired[39m
2026-07-29 17:52:07:527 [31merror[39m: [31m401 - Invalid or expired security token. Please log in again. - /api/v1/cases - GET - ::1[39m
2026-07-29 17:52:07:527 [31merror[39m: [31mJWT Verification Error: jwt expired[39m
2026-07-29 17:52:07:527 [31merror[39m: [31m401 - Invalid or expired security token. Please log in again. - /api/v1/clients - GET - ::1[39m
2026-07-29 17:52:07:527 [31merror[39m: [31mJWT Verification Error: jwt expired[39m
2026-07-29 17:52:07:527 [31merror[39m: [31m401 - Invalid or expired security token. Please log in again. - /api/v1/advocates - GET - ::1[39m
2026-07-29 17:52:07:527 [31merror[39m: [31mJWT Verification Error: jwt expired[39m
2026-07-29 17:52:07:527 [31merror[39m: [31m401 - Invalid or expired security token. Please log in again. - /api/v1/diary - GET - ::1[39m
2026-07-29 17:52:08:528 [31merror[39m: [31mJWT Verification Error: jwt expired[39m
2026-07-29 17:52:08:528 [31merror[39m: [31m401 - Invalid or expired security token. Please log in again. - /api/v1/daybook - GET - ::1[39m
2026-07-29 17:52:08:528 [31merror[39m: [31mJWT Verification Error: jwt expired[39m
2026-07-29 17:52:08:528 [31merror[39m: [31m401 - Invalid or expired security token. Please log in again. - /api/v1/payments - GET - ::1[39m
2026-07-29 17:52:08:528 [31merror[39m: [31mJWT Verification Error: jwt expired[39m
2026-07-29 17:52:08:528 [31merror[39m: [31m401 - Invalid or expired security token. Please log in again. - /api/v1/alerts - GET - ::1[39m
2026-07-29 17:52:08:528 [31merror[39m: [31mJWT Verification Error: jwt expired[39m
2026-07-29 17:52:08:528 [31merror[39m: [31m401 - Invalid or expired security token. Please log in again. - /api/v1/lands - GET - ::1[39m
2026-07-29 17:52:08:528 [31merror[39m: [31mJWT Verification Error: jwt expired[39m
2026-07-29 17:52:08:528 [31merror[39m: [31m401 - Invalid or expired security token. Please log in again. - /api/v1/opinions - GET - ::1[39m
2026-07-29 17:52:08:528 [31merror[39m: [31mJWT Verification Error: jwt expired[39m
2026-07-29 17:52:08:528 [31merror[39m: [31m401 - Invalid or expired security token. Please log in again. - /api/v1/memberships - GET - ::1[39m
2026-07-29 17:52:08:528 [31merror[39m: [31mJWT Verification Error: jwt expired[39m
2026-07-29 17:52:08:528 [31merror[39m: [31m401 - Invalid or expired security token. Please log in again. - /api/v1/acts - GET - ::1[39m
2026-07-29 17:52:08:528 [31merror[39m: [31mJWT Verification Error: jwt expired[39m
2026-07-29 17:52:08:528 [31merror[39m: [31m401 - Invalid or expired security token. Please log in again. - /api/v1/masters/case-types?activeOnly=false - GET - ::1[39m
2026-07-29 17:52:08:528 [31merror[39m: [31mJWT Verification Error: jwt expired[39m
2026-07-29 17:52:08:528 [31merror[39m: [31m401 - Invalid or expired security token. Please log in again. - /api/v1/amendments?limit=10&offset=0 - GET - ::1[39m
2026-07-29 17:52:08:528 [31merror[39m: [31mJWT Verification Error: jwt expired[39m
2026-07-29 17:52:08:528 [31merror[39m: [31m401 - Invalid or expired security token. Please log in again. - /api/v1/amendments - GET - ::1[39m
2026-07-29 17:52:08:528 [31merror[39m: [31mJWT Verification Error: jwt expired[39m
2026-07-29 17:52:08:528 [31merror[39m: [31m401 - Invalid or expired security token. Please log in again. - /api/v1/roles/roles - GET - ::1[39m
2026-07-29 17:52:08:528 [31merror[39m: [31mJWT Verification Error: jwt expired[39m
2026-07-29 17:52:08:528 [31merror[39m: [31m401 - Invalid or expired security token. Please log in again. - /api/v1/roles/modules - GET - ::1[39m
2026-07-29 17:52:08:528 [31merror[39m: [31mJWT Verification Error: jwt expired[39m
2026-07-29 17:52:08:528 [31merror[39m: [31m401 - Invalid or expired security token. Please log in again. - /api/v1/roles/roles - GET - ::1[39m
2026-07-29 17:52:09:529 [31merror[39m: [31mJWT Verification Error: jwt expired[39m
2026-07-29 17:52:09:529 [31merror[39m: [31m401 - Invalid or expired security token. Please log in again. - /api/v1/cases - GET - ::1[39m
2026-07-29 17:52:09:529 [31merror[39m: [31mJWT Verification Error: jwt expired[39m
2026-07-29 17:52:09:529 [31merror[39m: [31m401 - Invalid or expired security token. Please log in again. - /api/v1/clients - GET - ::1[39m
2026-07-29 17:52:09:529 [31merror[39m: [31mJWT Verification Error: jwt expired[39m
2026-07-29 17:52:09:529 [31merror[39m: [31m401 - Invalid or expired security token. Please log in again. - /api/v1/advocates - GET - ::1[39m
2026-07-29 17:52:09:529 [31merror[39m: [31mJWT Verification Error: jwt expired[39m
2026-07-29 17:52:09:529 [31merror[39m: [31m401 - Invalid or expired security token. Please log in again. - /api/v1/diary - GET - ::1[39m
2026-07-29 17:52:09:529 [31merror[39m: [31mJWT Verification Error: jwt expired[39m
2026-07-29 17:52:09:529 [31merror[39m: [31m401 - Invalid or expired security token. Please log in again. - /api/v1/daybook - GET - ::1[39m
2026-07-29 17:52:09:529 [31merror[39m: [31mJWT Verification Error: jwt expired[39m
2026-07-29 17:52:09:529 [31merror[39m: [31m401 - Invalid or expired security token. Please log in again. - /api/v1/payments - GET - ::1[39m
2026-07-29 17:52:09:529 [31merror[39m: [31mJWT Verification Error: jwt expired[39m
2026-07-29 17:52:09:529 [31merror[39m: [31m401 - Invalid or expired security token. Please log in again. - /api/v1/alerts - GET - ::1[39m
2026-07-29 17:52:09:529 [31merror[39m: [31mJWT Verification Error: jwt expired[39m
2026-07-29 17:52:09:529 [31merror[39m: [31m401 - Invalid or expired security token. Please log in again. - /api/v1/lands - GET - ::1[39m
2026-07-29 17:52:09:529 [31merror[39m: [31mJWT Verification Error: jwt expired[39m
2026-07-29 17:52:09:529 [31merror[39m: [31m401 - Invalid or expired security token. Please log in again. - /api/v1/opinions - GET - ::1[39m
2026-07-29 17:52:09:529 [31merror[39m: [31mJWT Verification Error: jwt expired[39m
2026-07-29 17:52:09:529 [31merror[39m: [31m401 - Invalid or expired security token. Please log in again. - /api/v1/memberships - GET - ::1[39m
2026-07-29 17:52:09:529 [31merror[39m: [31mJWT Verification Error: jwt expired[39m
2026-07-29 17:52:09:529 [31merror[39m: [31m401 - Invalid or expired security token. Please log in again. - /api/v1/acts - GET - ::1[39m
2026-07-29 17:52:09:529 [31merror[39m: [31mJWT Verification Error: jwt expired[39m
2026-07-29 17:52:09:529 [31merror[39m: [31m401 - Invalid or expired security token. Please log in again. - /api/v1/amendments - GET - ::1[39m
2026-07-29 17:52:09:529 [31merror[39m: [31mJWT Verification Error: jwt expired[39m
2026-07-29 17:52:09:529 [31merror[39m: [31m401 - Invalid or expired security token. Please log in again. - /api/v1/roles/roles - GET - ::1[39m
2026-07-29 17:52:09:529 [31merror[39m: [31mJWT Verification Error: jwt expired[39m
2026-07-29 17:52:09:529 [31merror[39m: [31m401 - Invalid or expired security token. Please log in again. - /api/v1/roles/modules - GET - ::1[39m
2026-07-29 17:52:09:529 [31merror[39m: [31mJWT Verification Error: jwt expired[39m
2026-07-29 17:52:09:529 [31merror[39m: [31m401 - Invalid or expired security token. Please log in again. - /api/v1/roles/roles - GET - ::1[39m
2026-07-29 17:52:09:529 [31merror[39m: [31mJWT Verification Error: jwt expired[39m
2026-07-29 17:52:09:529 [31merror[39m: [31m401 - Invalid or expired security token. Please log in again. - /api/v1/cases - GET - ::1[39m
2026-07-29 17:52:09:529 [31merror[39m: [31mJWT Verification Error: jwt expired[39m
2026-07-29 17:52:09:529 [31merror[39m: [31m401 - Invalid or expired security token. Please log in again. - /api/v1/clients - GET - ::1[39m
2026-07-29 17:52:09:529 [31merror[39m: [31mJWT Verification Error: jwt expired[39m
2026-07-29 17:52:09:529 [31merror[39m: [31m401 - Invalid or expired security token. Please log in again. - /api/v1/advocates - GET - ::1[39m
2026-07-29 17:52:09:529 [31merror[39m: [31mJWT Verification Error: jwt expired[39m
2026-07-29 17:52:09:529 [31merror[39m: [31m401 - Invalid or expired security token. Please log in again. - /api/v1/diary - GET - ::1[39m
2026-07-29 17:52:09:529 [31merror[39m: [31mJWT Verification Error: jwt expired[39m
2026-07-29 17:52:09:529 [31merror[39m: [31m401 - Invalid or expired security token. Please log in again. - /api/v1/daybook - GET - ::1[39m
2026-07-29 17:52:09:529 [31merror[39m: [31mJWT Verification Error: jwt expired[39m
2026-07-29 17:52:09:529 [31merror[39m: [31m401 - Invalid or expired security token. Please log in again. - /api/v1/payments - GET - ::1[39m
2026-07-29 17:52:09:529 [31merror[39m: [31mJWT Verification Error: jwt expired[39m
2026-07-29 17:52:09:529 [31merror[39m: [31m401 - Invalid or expired security token. Please log in again. - /api/v1/alerts - GET - ::1[39m
2026-07-29 17:52:09:529 [31merror[39m: [31mJWT Verification Error: jwt expired[39m
2026-07-29 17:52:09:529 [31merror[39m: [31m401 - Invalid or expired security token. Please log in again. - /api/v1/lands - GET - ::1[39m
2026-07-29 17:52:09:529 [31merror[39m: [31mJWT Verification Error: jwt expired[39m
2026-07-29 17:52:09:529 [31merror[39m: [31m401 - Invalid or expired security token. Please log in again. - /api/v1/opinions - GET - ::1[39m
2026-07-29 17:52:09:529 [31merror[39m: [31mJWT Verification Error: jwt expired[39m
2026-07-29 17:52:09:529 [31merror[39m: [31m401 - Invalid or expired security token. Please log in again. - /api/v1/memberships - GET - ::1[39m
2026-07-29 17:52:09:529 [31merror[39m: [31mJWT Verification Error: jwt expired[39m
2026-07-29 17:52:09:529 [31merror[39m: [31m401 - Invalid or expired security token. Please log in again. - /api/v1/acts - GET - ::1[39m
2026-07-29 17:52:09:529 [31merror[39m: [31mJWT Verification Error: jwt expired[39m
2026-07-29 17:52:09:529 [31merror[39m: [31m401 - Invalid or expired security token. Please log in again. - /api/v1/amendments - GET - ::1[39m
2026-07-29 17:52:09:529 [31merror[39m: [31mJWT Verification Error: jwt expired[39m
2026-07-29 17:52:09:529 [31merror[39m: [31m401 - Invalid or expired security token. Please log in again. - /api/v1/roles/roles - GET - ::1[39m
2026-07-29 17:52:09:529 [31merror[39m: [31mJWT Verification Error: jwt expired[39m
2026-07-29 17:52:09:529 [31merror[39m: [31m401 - Invalid or expired security token. Please log in again. - /api/v1/roles/modules - GET - ::1[39m
2026-07-29 17:52:09:529 [31merror[39m: [31mJWT Verification Error: jwt expired[39m
2026-07-29 17:52:09:529 [31merror[39m: [31m401 - Invalid or expired security token. Please log in again. - /api/v1/roles/roles - GET - ::1[39m
2026-07-29 17:52:09:529 [31merror[39m: [31mJWT Verification Error: jwt expired[39m
2026-07-29 17:52:09:529 [31merror[39m: [31m401 - Invalid or expired security token. Please log in again. - /api/v1/amendments?limit=10&offset=0 - GET - ::1[39m
2026-07-29 17:52:09:529 [31merror[39m: [31mJWT Verification Error: jwt expired[39m
2026-07-29 17:52:09:529 [31merror[39m: [31m401 - Invalid or expired security token. Please log in again. - /api/v1/cases - GET - ::1[39m
2026-07-29 17:52:10:5210 [31merror[39m: [31mJWT Verification Error: jwt expired[39m
2026-07-29 17:52:10:5210 [31merror[39m: [31m401 - Invalid or expired security token. Please log in again. - /api/v1/clients - GET - ::1[39m
2026-07-29 17:52:10:5210 [31merror[39m: [31mJWT Verification Error: jwt expired[39m
2026-07-29 17:52:10:5210 [31merror[39m: [31m401 - Invalid or expired security token. Please log in again. - /api/v1/advocates - GET - ::1[39m
2026-07-29 17:52:10:5210 [31merror[39m: [31mJWT Verification Error: jwt expired[39m
2026-07-29 17:52:10:5210 [31merror[39m: [31m401 - Invalid or expired security token. Please log in again. - /api/v1/diary - GET - ::1[39m
2026-07-29 17:52:10:5210 [31merror[39m: [31mJWT Verification Error: jwt expired[39m
2026-07-29 17:52:10:5210 [31merror[39m: [31m401 - Invalid or expired security token. Please log in again. - /api/v1/daybook - GET - ::1[39m
2026-07-29 17:52:10:5210 [31merror[39m: [31mJWT Verification Error: jwt expired[39m
2026-07-29 17:52:10:5210 [31merror[39m: [31m401 - Invalid or expired security token. Please log in again. - /api/v1/payments - GET - ::1[39m
2026-07-29 17:52:10:5210 [31merror[39m: [31mJWT Verification Error: jwt expired[39m
2026-07-29 17:52:10:5210 [31merror[39m: [31m401 - Invalid or expired security token. Please log in again. - /api/v1/alerts - GET - ::1[39m
2026-07-29 17:52:10:5210 [31merror[39m: [31mJWT Verification Error: jwt expired[39m
2026-07-29 17:52:10:5210 [31merror[39m: [31m401 - Invalid or expired security token. Please log in again. - /api/v1/lands - GET - ::1[39m
2026-07-29 17:52:10:5210 [31merror[39m: [31mJWT Verification Error: jwt expired[39m
2026-07-29 17:52:10:5210 [31merror[39m: [31m401 - Invalid or expired security token. Please log in again. - /api/v1/opinions - GET - ::1[39m
2026-07-29 17:52:10:5210 [31merror[39m: [31mJWT Verification Error: jwt expired[39m
2026-07-29 17:52:10:5210 [31merror[39m: [31m401 - Invalid or expired security token. Please log in again. - /api/v1/memberships - GET - ::1[39m
2026-07-29 17:52:10:5210 [31merror[39m: [31mJWT Verification Error: jwt expired[39m
2026-07-29 17:52:10:5210 [31merror[39m: [31m401 - Invalid or expired security token. Please log in again. - /api/v1/acts - GET - ::1[39m
2026-07-29 17:52:10:5210 [31merror[39m: [31mJWT Verification Error: jwt expired[39m
2026-07-29 17:52:10:5210 [31merror[39m: [31m401 - Invalid or expired security token. Please log in again. - /api/v1/amendments - GET - ::1[39m
2026-07-29 17:52:10:5210 [31merror[39m: [31mJWT Verification Error: jwt expired[39m
2026-07-29 17:52:10:5210 [31merror[39m: [31m401 - Invalid or expired security token. Please log in again. - /api/v1/roles/roles - GET - ::1[39m
2026-07-29 17:52:10:5210 [31merror[39m: [31mJWT Verification Error: jwt expired[39m
2026-07-29 17:52:10:5210 [31merror[39m: [31m401 - Invalid or expired security token. Please log in again. - /api/v1/roles/modules - GET - ::1[39m
2026-07-29 17:52:10:5210 [31merror[39m: [31mJWT Verification Error: jwt expired[39m
2026-07-29 17:52:10:5210 [31merror[39m: [31m401 - Invalid or expired security token. Please log in again. - /api/v1/roles/roles - GET - ::1[39m
2026-07-29 18:16:21:1621 [31merror[39m: [31mJWT Verification Error: jwt expired[39m
2026-07-29 18:16:21:1621 [31merror[39m: [31m401 - Invalid or expired security token. Please log in again. - /api/v1/cases - GET - ::1[39m
2026-07-29 18:16:21:1621 [31merror[39m: [31mJWT Verification Error: jwt expired[39m
2026-07-29 18:16:21:1621 [31merror[39m: [31m401 - Invalid or expired security token. Please log in again. - /api/v1/clients - GET - ::1[39m
2026-07-29 18:16:21:1621 [31merror[39m: [31mJWT Verification Error: jwt expired[39m
2026-07-29 18:16:21:1621 [31merror[39m: [31m401 - Invalid or expired security token. Please log in again. - /api/v1/advocates - GET - ::1[39m
2026-07-29 18:16:21:1621 [31merror[39m: [31mJWT Verification Error: jwt expired[39m
2026-07-29 18:16:21:1621 [31merror[39m: [31m401 - Invalid or expired security token. Please log in again. - /api/v1/diary - GET - ::1[39m
2026-07-29 18:16:21:1621 [31merror[39m: [31mJWT Verification Error: jwt expired[39m
2026-07-29 18:16:21:1621 [31merror[39m: [31m401 - Invalid or expired security token. Please log in again. - /api/v1/daybook - GET - ::1[39m
2026-07-29 18:16:21:1621 [31merror[39m: [31mJWT Verification Error: jwt expired[39m
2026-07-29 18:16:21:1621 [31merror[39m: [31m401 - Invalid or expired security token. Please log in again. - /api/v1/payments - GET - ::1[39m
2026-07-29 18:16:21:1621 [31merror[39m: [31mJWT Verification Error: jwt expired[39m
2026-07-29 18:16:21:1621 [31merror[39m: [31m401 - Invalid or expired security token. Please log in again. - /api/v1/alerts - GET - ::1[39m
2026-07-29 18:16:21:1621 [31merror[39m: [31mJWT Verification Error: jwt expired[39m
2026-07-29 18:16:21:1621 [31merror[39m: [31m401 - Invalid or expired security token. Please log in again. - /api/v1/lands - GET - ::1[39m
2026-07-29 18:16:21:1621 [31merror[39m: [31mJWT Verification Error: jwt expired[39m
2026-07-29 18:16:21:1621 [31merror[39m: [31m401 - Invalid or expired security token. Please log in again. - /api/v1/opinions - GET - ::1[39m
2026-07-29 18:16:21:1621 [31merror[39m: [31mJWT Verification Error: jwt expired[39m
2026-07-29 18:16:21:1621 [31merror[39m: [31m401 - Invalid or expired security token. Please log in again. - /api/v1/memberships - GET - ::1[39m
2026-07-29 18:16:21:1621 [31merror[39m: [31mJWT Verification Error: jwt expired[39m
2026-07-29 18:16:21:1621 [31merror[39m: [31m401 - Invalid or expired security token. Please log in again. - /api/v1/acts - GET - ::1[39m
2026-07-29 18:16:21:1621 [31merror[39m: [31mJWT Verification Error: jwt expired[39m
2026-07-29 18:16:21:1621 [31merror[39m: [31m401 - Invalid or expired security token. Please log in again. - /api/v1/cases - GET - ::1[39m
2026-07-29 18:16:21:1621 [31merror[39m: [31mJWT Verification Error: jwt expired[39m
2026-07-29 18:16:21:1621 [31merror[39m: [31m401 - Invalid or expired security token. Please log in again. - /api/v1/clients - GET - ::1[39m
2026-07-29 18:16:21:1621 [31merror[39m: [31mJWT Verification Error: jwt expired[39m
2026-07-29 18:16:21:1621 [31merror[39m: [31m401 - Invalid or expired security token. Please log in again. - /api/v1/advocates - GET - ::1[39m
2026-07-29 18:16:21:1621 [31merror[39m: [31mJWT Verification Error: jwt expired[39m
2026-07-29 18:16:21:1621 [31merror[39m: [31m401 - Invalid or expired security token. Please log in again. - /api/v1/diary - GET - ::1[39m
2026-07-29 18:16:21:1621 [31merror[39m: [31mJWT Verification Error: jwt expired[39m
2026-07-29 18:16:21:1621 [31merror[39m: [31m401 - Invalid or expired security token. Please log in again. - /api/v1/daybook - GET - ::1[39m
2026-07-29 18:16:21:1621 [31merror[39m: [31mJWT Verification Error: jwt expired[39m
2026-07-29 18:16:21:1621 [31merror[39m: [31m401 - Invalid or expired security token. Please log in again. - /api/v1/payments - GET - ::1[39m
2026-07-29 18:16:21:1621 [31merror[39m: [31mJWT Verification Error: jwt expired[39m
2026-07-29 18:16:21:1621 [31merror[39m: [31m401 - Invalid or expired security token. Please log in again. - /api/v1/alerts - GET - ::1[39m
2026-07-29 18:16:21:1621 [31merror[39m: [31mJWT Verification Error: jwt expired[39m
2026-07-29 18:16:21:1621 [31merror[39m: [31m401 - Invalid or expired security token. Please log in again. - /api/v1/lands - GET - ::1[39m
2026-07-29 18:16:21:1621 [31merror[39m: [31mJWT Verification Error: jwt expired[39m
2026-07-29 18:16:21:1621 [31merror[39m: [31m401 - Invalid or expired security token. Please log in again. - /api/v1/opinions - GET - ::1[39m
2026-07-29 18:16:21:1621 [31merror[39m: [31mJWT Verification Error: jwt expired[39m
2026-07-29 18:16:21:1621 [31merror[39m: [31m401 - Invalid or expired security token. Please log in again. - /api/v1/memberships - GET - ::1[39m
2026-07-29 18:16:21:1621 [31merror[39m: [31mJWT Verification Error: jwt expired[39m
2026-07-29 18:16:21:1621 [31merror[39m: [31m401 - Invalid or expired security token. Please log in again. - /api/v1/acts - GET - ::1[39m
2026-07-29 18:16:21:1621 [31merror[39m: [31mJWT Verification Error: jwt expired[39m
2026-07-29 18:16:21:1621 [31merror[39m: [31m401 - Invalid or expired security token. Please log in again. - /api/v1/cases - GET - ::1[39m
2026-07-29 18:16:21:1621 [31merror[39m: [31mJWT Verification Error: jwt expired[39m
2026-07-29 18:16:21:1621 [31merror[39m: [31m401 - Invalid or expired security token. Please log in again. - /api/v1/amendments - GET - ::1[39m
2026-07-29 18:16:21:1621 [31merror[39m: [31mJWT Verification Error: jwt expired[39m
2026-07-29 18:16:21:1621 [31merror[39m: [31m401 - Invalid or expired security token. Please log in again. - /api/v1/roles/roles - GET - ::1[39m
2026-07-29 18:16:21:1621 [31merror[39m: [31mJWT Verification Error: jwt expired[39m
2026-07-29 18:16:21:1621 [31merror[39m: [31m401 - Invalid or expired security token. Please log in again. - /api/v1/advocates - GET - ::1[39m
2026-07-29 18:16:21:1621 [31merror[39m: [31mJWT Verification Error: jwt expired[39m
2026-07-29 18:16:21:1621 [31merror[39m: [31m401 - Invalid or expired security token. Please log in again. - /api/v1/clients - GET - ::1[39m
2026-07-29 18:16:21:1621 [31merror[39m: [31mJWT Verification Error: jwt expired[39m
2026-07-29 18:16:21:1621 [31merror[39m: [31m401 - Invalid or expired security token. Please log in again. - /api/v1/roles/modules - GET - ::1[39m
2026-07-29 18:16:21:1621 [31merror[39m: [31mJWT Verification Error: jwt expired[39m
2026-07-29 18:16:21:1621 [31merror[39m: [31m401 - Invalid or expired security token. Please log in again. - /api/v1/diary - GET - ::1[39m
2026-07-29 18:16:21:1621 [31merror[39m: [31mJWT Verification Error: jwt expired[39m
2026-07-29 18:16:21:1621 [31merror[39m: [31m401 - Invalid or expired security token. Please log in again. - /api/v1/amendments - GET - ::1[39m
2026-07-29 18:16:21:1621 [31merror[39m: [31mJWT Verification Error: jwt expired[39m
2026-07-29 18:16:21:1621 [31merror[39m: [31m401 - Invalid or expired security token. Please log in again. - /api/v1/roles/roles - GET - ::1[39m
2026-07-29 18:16:21:1621 [31merror[39m: [31mJWT Verification Error: jwt expired[39m
2026-07-29 18:16:21:1621 [31merror[39m: [31m401 - Invalid or expired security token. Please log in again. - /api/v1/roles/modules - GET - ::1[39m
2026-07-29 18:16:21:1621 [31merror[39m: [31mJWT Verification Error: jwt expired[39m
2026-07-29 18:16:21:1621 [31merror[39m: [31m401 - Invalid or expired security token. Please log in again. - /api/v1/roles/roles - GET - ::1[39m
2026-07-29 18:16:22:1622 [31merror[39m: [31mJWT Verification Error: jwt expired[39m
2026-07-29 18:16:22:1622 [31merror[39m: [31m401 - Invalid or expired security token. Please log in again. - /api/v1/roles/roles - GET - ::1[39m
2026-07-29 18:16:22:1622 [31merror[39m: [31mJWT Verification Error: jwt expired[39m
2026-07-29 18:16:22:1622 [31merror[39m: [31m401 - Invalid or expired security token. Please log in again. - /api/v1/cases - GET - ::1[39m
2026-07-29 18:16:22:1622 [31merror[39m: [31mJWT Verification Error: jwt expired[39m
2026-07-29 18:16:22:1622 [31merror[39m: [31m401 - Invalid or expired security token. Please log in again. - /api/v1/clients - GET - ::1[39m
2026-07-29 18:16:22:1622 [31merror[39m: [31mJWT Verification Error: jwt expired[39m
2026-07-29 18:16:22:1622 [31merror[39m: [31m401 - Invalid or expired security token. Please log in again. - /api/v1/advocates - GET - ::1[39m
2026-07-29 18:16:22:1622 [31merror[39m: [31mJWT Verification Error: jwt expired[39m
2026-07-29 18:16:22:1622 [31merror[39m: [31m401 - Invalid or expired security token. Please log in again. - /api/v1/diary - GET - ::1[39m
2026-07-29 18:16:22:1622 [31merror[39m: [31mJWT Verification Error: jwt expired[39m
2026-07-29 18:16:22:1622 [31merror[39m: [31m401 - Invalid or expired security token. Please log in again. - /api/v1/daybook - GET - ::1[39m
2026-07-29 18:16:22:1622 [31merror[39m: [31mJWT Verification Error: jwt expired[39m
2026-07-29 18:16:22:1622 [31merror[39m: [31m401 - Invalid or expired security token. Please log in again. - /api/v1/payments - GET - ::1[39m
2026-07-29 18:16:22:1622 [31merror[39m: [31mJWT Verification Error: jwt expired[39m
2026-07-29 18:16:22:1622 [31merror[39m: [31m401 - Invalid or expired security token. Please log in again. - /api/v1/alerts - GET - ::1[39m
2026-07-29 18:16:22:1622 [31merror[39m: [31mJWT Verification Error: jwt expired[39m
2026-07-29 18:16:22:1622 [31merror[39m: [31m401 - Invalid or expired security token. Please log in again. - /api/v1/lands - GET - ::1[39m
2026-07-29 18:16:22:1622 [31merror[39m: [31mJWT Verification Error: jwt expired[39m
2026-07-29 18:16:22:1622 [31merror[39m: [31m401 - Invalid or expired security token. Please log in again. - /api/v1/opinions - GET - ::1[39m
2026-07-29 18:16:22:1622 [31merror[39m: [31mJWT Verification Error: jwt expired[39m
2026-07-29 18:16:22:1622 [31merror[39m: [31m401 - Invalid or expired security token. Please log in again. - /api/v1/memberships - GET - ::1[39m
2026-07-29 18:16:22:1622 [31merror[39m: [31mJWT Verification Error: jwt expired[39m
2026-07-29 18:16:22:1622 [31merror[39m: [31m401 - Invalid or expired security token. Please log in again. - /api/v1/acts - GET - ::1[39m
2026-07-29 18:16:22:1622 [31merror[39m: [31mJWT Verification Error: jwt expired[39m
2026-07-29 18:16:22:1622 [31merror[39m: [31m401 - Invalid or expired security token. Please log in again. - /api/v1/amendments - GET - ::1[39m
2026-07-29 18:16:22:1622 [31merror[39m: [31mJWT Verification Error: jwt expired[39m
2026-07-29 18:16:22:1622 [31merror[39m: [31m401 - Invalid or expired security token. Please log in again. - /api/v1/roles/roles - GET - ::1[39m
2026-07-29 18:16:22:1622 [31merror[39m: [31mJWT Verification Error: jwt expired[39m
2026-07-29 18:16:22:1622 [31merror[39m: [31m401 - Invalid or expired security token. Please log in again. - /api/v1/roles/modules - GET - ::1[39m
2026-07-29 18:16:22:1622 [31merror[39m: [31mJWT Verification Error: jwt expired[39m
2026-07-29 18:16:22:1622 [31merror[39m: [31m401 - Invalid or expired security token. Please log in again. - /api/v1/daybook - GET - ::1[39m
2026-07-29 18:16:22:1622 [31merror[39m: [31mJWT Verification Error: jwt expired[39m
2026-07-29 18:16:22:1622 [31merror[39m: [31m401 - Invalid or expired security token. Please log in again. - /api/v1/payments - GET - ::1[39m
2026-07-29 18:16:22:1622 [31merror[39m: [31mJWT Verification Error: jwt expired[39m
2026-07-29 18:16:22:1622 [31merror[39m: [31m401 - Invalid or expired security token. Please log in again. - /api/v1/alerts - GET - ::1[39m
2026-07-29 18:16:22:1622 [31merror[39m: [31mJWT Verification Error: jwt expired[39m
2026-07-29 18:16:22:1622 [31merror[39m: [31m401 - Invalid or expired security token. Please log in again. - /api/v1/roles/roles - GET - ::1[39m
2026-07-29 18:16:22:1622 [31merror[39m: [31mJWT Verification Error: jwt expired[39m
2026-07-29 18:16:22:1622 [31merror[39m: [31m401 - Invalid or expired security token. Please log in again. - /api/v1/dashboard - GET - ::1[39m
2026-07-29 18:16:22:1622 [31merror[39m: [31mJWT Verification Error: jwt expired[39m
2026-07-29 18:16:22:1622 [31merror[39m: [31m401 - Invalid or expired security token. Please log in again. - /api/v1/dashboard - GET - ::1[39m
2026-07-29 18:16:22:1622 [31merror[39m: [31mJWT Verification Error: jwt expired[39m
2026-07-29 18:16:22:1622 [31merror[39m: [31m401 - Invalid or expired security token. Please log in again. - /api/v1/lands - GET - ::1[39m
2026-07-29 18:16:22:1622 [31merror[39m: [31mJWT Verification Error: jwt expired[39m
2026-07-29 18:16:22:1622 [31merror[39m: [31m401 - Invalid or expired security token. Please log in again. - /api/v1/opinions - GET - ::1[39m
2026-07-29 18:16:22:1622 [31merror[39m: [31mJWT Verification Error: jwt expired[39m
2026-07-29 18:16:22:1622 [31merror[39m: [31m401 - Invalid or expired security token. Please log in again. - /api/v1/memberships - GET - ::1[39m
2026-07-29 18:16:22:1622 [31merror[39m: [31mJWT Verification Error: jwt expired[39m
2026-07-29 18:16:22:1622 [31merror[39m: [31m401 - Invalid or expired security token. Please log in again. - /api/v1/acts - GET - ::1[39m
2026-07-29 18:16:22:1622 [31merror[39m: [31mJWT Verification Error: jwt expired[39m
2026-07-29 18:16:22:1622 [31merror[39m: [31m401 - Invalid or expired security token. Please log in again. - /api/v1/amendments - GET - ::1[39m
2026-07-29 18:16:22:1622 [31merror[39m: [31mJWT Verification Error: jwt expired[39m
2026-07-29 18:16:22:1622 [31merror[39m: [31m401 - Invalid or expired security token. Please log in again. - /api/v1/roles/roles - GET - ::1[39m
2026-07-29 18:16:22:1622 [31merror[39m: [31mJWT Verification Error: jwt expired[39m
2026-07-29 18:16:22:1622 [31merror[39m: [31m401 - Invalid or expired security token. Please log in again. - /api/v1/roles/modules - GET - ::1[39m
2026-07-29 18:16:22:1622 [31merror[39m: [31mJWT Verification Error: jwt expired[39m
2026-07-29 18:16:22:1622 [31merror[39m: [31m401 - Invalid or expired security token. Please log in again. - /api/v1/dashboard - GET - ::1[39m
2026-07-29 18:16:22:1622 [31merror[39m: [31mJWT Verification Error: jwt expired[39m
2026-07-29 18:16:22:1622 [31merror[39m: [31m401 - Invalid or expired security token. Please log in again. - /api/v1/roles/roles - GET - ::1[39m
2026-07-29 18:16:22:1622 [31merror[39m: [31mJWT Verification Error: jwt expired[39m
2026-07-29 18:16:22:1622 [31merror[39m: [31m401 - Invalid or expired security token. Please log in again. - /api/v1/dashboard - GET - ::1[39m
2026-07-29 18:24:49:2449 [32minfo[39m: [32mMySQL database connection established successfully.[39m
2026-07-29 18:24:51:2451 [32minfo[39m: [32mMySQL database connection established successfully.[39m
2026-07-29 18:24:52:2452 [33mwarn[39m: [33mensureTasksTable / ensureAmendmentTable failed:[39m
2026-07-29 18:24:52:2452 [32minfo[39m: [32mAlert scanner scheduled daily at midnight (0 0 * * *).[39m
2026-07-29 18:24:52:2452 [32minfo[39m: [32mServer successfully started on port 5000 in development mode.[39m
2026-07-29 18:28:40:2840 [32minfo[39m: [32mStreaming real PDF file from disk for act: Bharatiya Nyaya Sanhita, 2023 at path: D:\THEJA\ADVOCATE MANAGEMENT SYSTEM\Backend\static\acts\BNS.pdf[39m
2026-07-29 18:33:44:3344 [31merror[39m: [31m403 - Access Denied: You do not have permission to perform this operation. - /api/v1/daybook - GET - ::1[39m
2026-07-29 18:33:57:3357 [31merror[39m: [31m403 - Access Denied: You do not have permission to perform this operation. - /api/v1/advocates - GET - ::1[39m
2026-07-29 18:33:57:3357 [31merror[39m: [31m403 - Access Denied: You do not have permission to perform this operation. - /api/v1/payments - GET - ::1[39m
2026-07-29 18:33:58:3358 [31merror[39m: [31m403 - Access Denied: You do not have permission to perform this operation. - /api/v1/opinions - GET - ::1[39m
2026-07-29 18:33:58:3358 [31merror[39m: [31m403 - Access Denied: You do not have permission to perform this operation. - /api/v1/memberships - GET - ::1[39m
2026-07-29 18:34:01:341 [31merror[39m: [31m403 - Access Denied: You do not have permission to perform this operation. - /api/v1/advocates - GET - ::1[39m
2026-07-29 18:34:01:341 [31merror[39m: [31m403 - Access Denied: You do not have permission to perform this operation. - /api/v1/advocates - GET - ::1[39m
2026-07-29 18:34:02:342 [31merror[39m: [31m403 - Access Denied: You do not have permission to perform this operation. - /api/v1/advocates - GET - ::1[39m
2026-07-29 18:34:02:342 [31merror[39m: [31m403 - Access Denied: You do not have permission to perform this operation. - /api/v1/advocates - GET - ::1[39m
2026-07-30 09:14:20:1420 [31merror[39m: [31mJWT Verification Error: jwt expired[39m
2026-07-30 09:14:20:1420 [31merror[39m: [31m401 - Invalid or expired security token. Please log in again. - /api/v1/opinions - GET - ::1[39m
2026-07-30 09:14:20:1420 [31merror[39m: [31mJWT Verification Error: jwt expired[39m
2026-07-30 09:14:20:1420 [31merror[39m: [31m401 - Invalid or expired security token. Please log in again. - /api/v1/advocates - GET - ::1[39m
2026-07-30 09:14:20:1420 [31merror[39m: [31mJWT Verification Error: jwt expired[39m
2026-07-30 09:14:20:1420 [31merror[39m: [31m401 - Invalid or expired security token. Please log in again. - /api/v1/clients - GET - ::1[39m
2026-07-30 09:14:20:1420 [31merror[39m: [31mJWT Verification Error: jwt expired[39m
2026-07-30 09:14:20:1420 [31merror[39m: [31m401 - Invalid or expired security token. Please log in again. - /api/v1/cases - GET - ::1[39m
2026-07-30 09:14:20:1420 [31merror[39m: [31mJWT Verification Error: jwt expired[39m
2026-07-30 09:14:20:1420 [31merror[39m: [31m401 - Invalid or expired security token. Please log in again. - /api/v1/diary - GET - ::1[39m
2026-07-30 09:14:20:1420 [31merror[39m: [31mJWT Verification Error: jwt expired[39m
2026-07-30 09:14:20:1420 [31merror[39m: [31m401 - Invalid or expired security token. Please log in again. - /api/v1/payments - GET - ::1[39m
2026-07-30 09:14:20:1420 [31merror[39m: [31mJWT Verification Error: jwt expired[39m
2026-07-30 09:14:20:1420 [31merror[39m: [31m401 - Invalid or expired security token. Please log in again. - /api/v1/alerts - GET - ::1[39m
2026-07-30 09:14:20:1420 [31merror[39m: [31mJWT Verification Error: jwt expired[39m
2026-07-30 09:14:20:1420 [31merror[39m: [31m401 - Invalid or expired security token. Please log in again. - /api/v1/daybook - GET - ::1[39m
2026-07-30 09:14:20:1420 [31merror[39m: [31mJWT Verification Error: jwt expired[39m
2026-07-30 09:14:20:1420 [31merror[39m: [31m401 - Invalid or expired security token. Please log in again. - /api/v1/lands - GET - ::1[39m
2026-07-30 09:14:20:1420 [31merror[39m: [31mJWT Verification Error: jwt expired[39m
2026-07-30 09:14:20:1420 [31merror[39m: [31m401 - Invalid or expired security token. Please log in again. - /api/v1/memberships - GET - ::1[39m
2026-07-30 09:14:20:1420 [31merror[39m: [31mJWT Verification Error: jwt expired[39m
2026-07-30 09:14:20:1420 [31merror[39m: [31m401 - Invalid or expired security token. Please log in again. - /api/v1/acts - GET - ::1[39m
2026-07-30 09:14:20:1420 [31merror[39m: [31mJWT Verification Error: jwt expired[39m
2026-07-30 09:14:20:1420 [31merror[39m: [31m401 - Invalid or expired security token. Please log in again. - /api/v1/amendments - GET - ::1[39m
2026-07-30 09:14:20:1420 [31merror[39m: [31mJWT Verification Error: jwt expired[39m
2026-07-30 09:14:20:1420 [31merror[39m: [31m401 - Invalid or expired security token. Please log in again. - /api/v1/roles/roles - GET - ::1[39m
2026-07-30 09:14:20:1420 [31merror[39m: [31mJWT Verification Error: jwt expired[39m
2026-07-30 09:14:20:1420 [31merror[39m: [31m401 - Invalid or expired security token. Please log in again. - /api/v1/roles/modules - GET - ::1[39m
2026-07-30 09:14:20:1420 [31merror[39m: [31mJWT Verification Error: jwt expired[39m
2026-07-30 09:14:20:1420 [31merror[39m: [31m401 - Invalid or expired security token. Please log in again. - /api/v1/opinions - GET - ::1[39m
2026-07-30 09:14:20:1420 [31merror[39m: [31mJWT Verification Error: jwt expired[39m
2026-07-30 09:14:20:1420 [31merror[39m: [31m401 - Invalid or expired security token. Please log in again. - /api/v1/advocates - GET - ::1[39m
2026-07-30 09:14:20:1420 [31merror[39m: [31mJWT Verification Error: jwt expired[39m
2026-07-30 09:14:20:1420 [31merror[39m: [31m401 - Invalid or expired security token. Please log in again. - /api/v1/clients - GET - ::1[39m
2026-07-30 09:14:20:1420 [31merror[39m: [31mJWT Verification Error: jwt expired[39m
2026-07-30 09:14:20:1420 [31merror[39m: [31m401 - Invalid or expired security token. Please log in again. - /api/v1/cases - GET - ::1[39m
2026-07-30 09:14:20:1420 [31merror[39m: [31mJWT Verification Error: jwt expired[39m
2026-07-30 09:14:20:1420 [31merror[39m: [31m401 - Invalid or expired security token. Please log in again. - /api/v1/diary - GET - ::1[39m
2026-07-30 09:14:20:1420 [31merror[39m: [31mJWT Verification Error: jwt expired[39m
2026-07-30 09:14:20:1420 [31merror[39m: [31m401 - Invalid or expired security token. Please log in again. - /api/v1/payments - GET - ::1[39m
2026-07-30 09:14:20:1420 [31merror[39m: [31mJWT Verification Error: jwt expired[39m
2026-07-30 09:14:20:1420 [31merror[39m: [31m401 - Invalid or expired security token. Please log in again. - /api/v1/alerts - GET - ::1[39m
2026-07-30 09:14:20:1420 [31merror[39m: [31mJWT Verification Error: jwt expired[39m
2026-07-30 09:14:20:1420 [31merror[39m: [31m401 - Invalid or expired security token. Please log in again. - /api/v1/lands - GET - ::1[39m
2026-07-30 09:14:20:1420 [31merror[39m: [31mJWT Verification Error: jwt expired[39m
2026-07-30 09:14:20:1420 [31merror[39m: [31m401 - Invalid or expired security token. Please log in again. - /api/v1/memberships - GET - ::1[39m
2026-07-30 09:14:20:1420 [31merror[39m: [31mJWT Verification Error: jwt expired[39m
2026-07-30 09:14:20:1420 [31merror[39m: [31m401 - Invalid or expired security token. Please log in again. - /api/v1/daybook - GET - ::1[39m
2026-07-30 09:14:20:1420 [31merror[39m: [31mJWT Verification Error: jwt expired[39m
2026-07-30 09:14:20:1420 [31merror[39m: [31m401 - Invalid or expired security token. Please log in again. - /api/v1/amendments - GET - ::1[39m
2026-07-30 09:14:20:1420 [31merror[39m: [31mJWT Verification Error: jwt expired[39m
2026-07-30 09:14:20:1420 [31merror[39m: [31m401 - Invalid or expired security token. Please log in again. - /api/v1/acts - GET - ::1[39m
2026-07-30 09:14:20:1420 [31merror[39m: [31mJWT Verification Error: jwt expired[39m
2026-07-30 09:14:20:1420 [31merror[39m: [31m401 - Invalid or expired security token. Please log in again. - /api/v1/advocates - GET - ::1[39m
2026-07-30 09:14:20:1420 [31merror[39m: [31mJWT Verification Error: jwt expired[39m
2026-07-30 09:14:20:1420 [31merror[39m: [31m401 - Invalid or expired security token. Please log in again. - /api/v1/opinions - GET - ::1[39m
2026-07-30 09:14:20:1420 [31merror[39m: [31mJWT Verification Error: jwt expired[39m
2026-07-30 09:14:20:1420 [31merror[39m: [31m401 - Invalid or expired security token. Please log in again. - /api/v1/roles/modules - GET - ::1[39m
2026-07-30 09:14:20:1420 [31merror[39m: [31mJWT Verification Error: jwt expired[39m
2026-07-30 09:14:20:1420 [31merror[39m: [31m401 - Invalid or expired security token. Please log in again. - /api/v1/clients - GET - ::1[39m
2026-07-30 09:14:20:1420 [31merror[39m: [31mJWT Verification Error: jwt expired[39m
2026-07-30 09:14:20:1420 [31merror[39m: [31m401 - Invalid or expired security token. Please log in again. - /api/v1/roles/roles - GET - ::1[39m
2026-07-30 09:14:20:1420 [31merror[39m: [31mJWT Verification Error: jwt expired[39m
2026-07-30 09:14:20:1420 [31merror[39m: [31m401 - Invalid or expired security token. Please log in again. - /api/v1/advocates - GET - ::1[39m
2026-07-30 09:14:20:1420 [31merror[39m: [31mJWT Verification Error: jwt expired[39m
2026-07-30 09:14:20:1420 [31merror[39m: [31m401 - Invalid or expired security token. Please log in again. - /api/v1/opinions - GET - ::1[39m
2026-07-30 09:14:20:1420 [31merror[39m: [31mJWT Verification Error: jwt expired[39m
2026-07-30 09:14:20:1420 [31merror[39m: [31m401 - Invalid or expired security token. Please log in again. - /api/v1/clients - GET - ::1[39m
2026-07-30 09:14:20:1420 [31merror[39m: [31mJWT Verification Error: jwt expired[39m
2026-07-30 09:14:20:1420 [31merror[39m: [31m401 - Invalid or expired security token. Please log in again. - /api/v1/roles/roles - GET - ::1[39m
2026-07-30 09:14:21:1421 [31merror[39m: [31mJWT Verification Error: jwt expired[39m
2026-07-30 09:14:21:1421 [31merror[39m: [31m401 - Invalid or expired security token. Please log in again. - /api/v1/roles/roles - GET - ::1[39m
2026-07-30 09:29:39:2939 [31merror[39m: [31mJWT Verification Error: jwt expired[39m
2026-07-30 09:29:39:2939 [31merror[39m: [31m401 - Invalid or expired security token. Please log in again. - /api/v1/opinions - GET - ::1[39m
2026-07-30 09:29:39:2939 [31merror[39m: [31mJWT Verification Error: jwt expired[39m
2026-07-30 09:29:39:2939 [31merror[39m: [31m401 - Invalid or expired security token. Please log in again. - /api/v1/clients - GET - ::1[39m
2026-07-30 09:29:39:2939 [31merror[39m: [31mJWT Verification Error: jwt expired[39m
2026-07-30 09:29:39:2939 [31merror[39m: [31m401 - Invalid or expired security token. Please log in again. - /api/v1/clients - GET - ::1[39m
2026-07-30 09:29:39:2939 [31merror[39m: [31mJWT Verification Error: jwt expired[39m
2026-07-30 09:29:39:2939 [31merror[39m: [31m401 - Invalid or expired security token. Please log in again. - /api/v1/opinions - GET - ::1[39m
2026-07-30 09:29:39:2939 [31merror[39m: [31mJWT Verification Error: jwt expired[39m
2026-07-30 09:29:39:2939 [31merror[39m: [31m401 - Invalid or expired security token. Please log in again. - /api/v1/advocates - GET - ::1[39m
2026-07-30 09:29:39:2939 [31merror[39m: [31mJWT Verification Error: jwt expired[39m
2026-07-30 09:29:39:2939 [31merror[39m: [31m401 - Invalid or expired security token. Please log in again. - /api/v1/cases - GET - ::1[39m
2026-07-30 09:29:39:2939 [31merror[39m: [31mJWT Verification Error: jwt expired[39m
2026-07-30 09:29:39:2939 [31merror[39m: [31m401 - Invalid or expired security token. Please log in again. - /api/v1/diary - GET - ::1[39m
2026-07-30 09:29:39:2939 [31merror[39m: [31mJWT Verification Error: jwt expired[39m
2026-07-30 09:29:39:2939 [31merror[39m: [31m401 - Invalid or expired security token. Please log in again. - /api/v1/daybook - GET - ::1[39m
2026-07-30 09:29:39:2939 [31merror[39m: [31mJWT Verification Error: jwt expired[39m
2026-07-30 09:29:39:2939 [31merror[39m: [31m401 - Invalid or expired security token. Please log in again. - /api/v1/acts - GET - ::1[39m
2026-07-30 09:29:39:2939 [31merror[39m: [31mJWT Verification Error: jwt expired[39m
2026-07-30 09:29:39:2939 [31merror[39m: [31m401 - Invalid or expired security token. Please log in again. - /api/v1/alerts - GET - ::1[39m
2026-07-30 09:29:39:2939 [31merror[39m: [31mJWT Verification Error: jwt expired[39m
2026-07-30 09:29:39:2939 [31merror[39m: [31m401 - Invalid or expired security token. Please log in again. - /api/v1/payments - GET - ::1[39m
2026-07-30 09:29:39:2939 [31merror[39m: [31mJWT Verification Error: jwt expired[39m
2026-07-30 09:29:39:2939 [31merror[39m: [31m401 - Invalid or expired security token. Please log in again. - /api/v1/lands - GET - ::1[39m
2026-07-30 09:29:39:2939 [31merror[39m: [31mJWT Verification Error: jwt expired[39m
2026-07-30 09:29:39:2939 [31merror[39m: [31m401 - Invalid or expired security token. Please log in again. - /api/v1/memberships - GET - ::1[39m
2026-07-30 09:29:39:2939 [31merror[39m: [31mJWT Verification Error: jwt expired[39m
2026-07-30 09:29:39:2939 [31merror[39m: [31m401 - Invalid or expired security token. Please log in again. - /api/v1/advocates - GET - ::1[39m
2026-07-30 09:29:39:2939 [31merror[39m: [31mJWT Verification Error: jwt expired[39m
2026-07-30 09:29:39:2939 [31merror[39m: [31m401 - Invalid or expired security token. Please log in again. - /api/v1/opinions - GET - ::1[39m
2026-07-30 09:29:39:2939 [31merror[39m: [31mJWT Verification Error: jwt expired[39m
2026-07-30 09:29:39:2939 [31merror[39m: [31m401 - Invalid or expired security token. Please log in again. - /api/v1/roles/roles - GET - ::1[39m
2026-07-30 09:29:39:2939 [31merror[39m: [31mJWT Verification Error: jwt expired[39m
2026-07-30 09:29:39:2939 [31merror[39m: [31m401 - Invalid or expired security token. Please log in again. - /api/v1/amendments - GET - ::1[39m
2026-07-30 09:29:39:2939 [31merror[39m: [31mJWT Verification Error: jwt expired[39m
2026-07-30 09:29:39:2939 [31merror[39m: [31m401 - Invalid or expired security token. Please log in again. - /api/v1/clients - GET - ::1[39m
2026-07-30 09:29:39:2939 [31merror[39m: [31mJWT Verification Error: jwt expired[39m
2026-07-30 09:29:39:2939 [31merror[39m: [31m401 - Invalid or expired security token. Please log in again. - /api/v1/roles/modules - GET - ::1[39m
2026-07-30 09:29:39:2939 [31merror[39m: [31mJWT Verification Error: jwt expired[39m
2026-07-30 09:29:39:2939 [31merror[39m: [31m401 - Invalid or expired security token. Please log in again. - /api/v1/advocates - GET - ::1[39m
2026-07-30 09:29:39:2939 [31merror[39m: [31mJWT Verification Error: jwt expired[39m
2026-07-30 09:29:39:2939 [31merror[39m: [31m401 - Invalid or expired security token. Please log in again. - /api/v1/roles/roles - GET - ::1[39m
2026-07-30 09:29:39:2939 [31merror[39m: [31mJWT Verification Error: jwt expired[39m
2026-07-30 09:29:39:2939 [31merror[39m: [31m401 - Invalid or expired security token. Please log in again. - /api/v1/cases - GET - ::1[39m
2026-07-30 09:29:39:2939 [31merror[39m: [31mJWT Verification Error: jwt expired[39m
2026-07-30 09:29:39:2939 [31merror[39m: [31m401 - Invalid or expired security token. Please log in again. - /api/v1/clients - GET - ::1[39m
2026-07-30 09:29:39:2939 [31merror[39m: [31mJWT Verification Error: jwt expired[39m
2026-07-30 09:29:39:2939 [31merror[39m: [31m401 - Invalid or expired security token. Please log in again. - /api/v1/advocates - GET - ::1[39m
2026-07-30 09:29:39:2939 [31merror[39m: [31mJWT Verification Error: jwt expired[39m
2026-07-30 09:29:39:2939 [31merror[39m: [31m401 - Invalid or expired security token. Please log in again. - /api/v1/diary - GET - ::1[39m
2026-07-30 09:29:39:2939 [31merror[39m: [31mJWT Verification Error: jwt expired[39m
2026-07-30 09:29:39:2939 [31merror[39m: [31m401 - Invalid or expired security token. Please log in again. - /api/v1/daybook - GET - ::1[39m
2026-07-30 09:29:39:2939 [31merror[39m: [31mJWT Verification Error: jwt expired[39m
2026-07-30 09:29:39:2939 [31merror[39m: [31m401 - Invalid or expired security token. Please log in again. - /api/v1/payments - GET - ::1[39m
2026-07-30 09:29:39:2939 [31merror[39m: [31mJWT Verification Error: jwt expired[39m
2026-07-30 09:29:39:2939 [31merror[39m: [31m401 - Invalid or expired security token. Please log in again. - /api/v1/alerts - GET - ::1[39m
2026-07-30 09:29:39:2939 [31merror[39m: [31mJWT Verification Error: jwt expired[39m
2026-07-30 09:29:39:2939 [31merror[39m: [31m401 - Invalid or expired security token. Please log in again. - /api/v1/lands - GET - ::1[39m
2026-07-30 09:29:39:2939 [31merror[39m: [31mJWT Verification Error: jwt expired[39m
2026-07-30 09:29:39:2939 [31merror[39m: [31m401 - Invalid or expired security token. Please log in again. - /api/v1/opinions - GET - ::1[39m
2026-07-30 09:29:39:2939 [31merror[39m: [31mJWT Verification Error: jwt expired[39m
2026-07-30 09:29:39:2939 [31merror[39m: [31m401 - Invalid or expired security token. Please log in again. - /api/v1/memberships - GET - ::1[39m
2026-07-30 09:29:39:2939 [31merror[39m: [31mJWT Verification Error: jwt expired[39m
2026-07-30 09:29:39:2939 [31merror[39m: [31m401 - Invalid or expired security token. Please log in again. - /api/v1/acts - GET - ::1[39m
2026-07-30 09:29:39:2939 [31merror[39m: [31mJWT Verification Error: jwt expired[39m
2026-07-30 09:29:39:2939 [31merror[39m: [31m401 - Invalid or expired security token. Please log in again. - /api/v1/amendments - GET - ::1[39m
2026-07-30 09:29:39:2939 [31merror[39m: [31mJWT Verification Error: jwt expired[39m
2026-07-30 09:29:39:2939 [31merror[39m: [31m401 - Invalid or expired security token. Please log in again. - /api/v1/roles/roles - GET - ::1[39m
2026-07-30 09:29:39:2939 [31merror[39m: [31mJWT Verification Error: jwt expired[39m
2026-07-30 09:29:39:2939 [31merror[39m: [31m401 - Invalid or expired security token. Please log in again. - /api/v1/roles/modules - GET - ::1[39m
2026-07-30 09:29:39:2939 [31merror[39m: [31mJWT Verification Error: jwt expired[39m
2026-07-30 09:29:39:2939 [31merror[39m: [31m401 - Invalid or expired security token. Please log in again. - /api/v1/roles/roles - GET - ::1[39m
2026-07-30 09:33:05:335 [32minfo[39m: [32mMySQL database connection established successfully.[39m
2026-07-30 09:33:07:337 [32minfo[39m: [32mMySQL database connection established successfully.[39m
2026-07-30 09:33:07:337 [33mwarn[39m: [33mensureTasksTable / ensureAmendmentTable failed:[39m
2026-07-30 09:33:07:337 [32minfo[39m: [32mAlert scanner scheduled daily at midnight (0 0 * * *).[39m
2026-07-30 09:33:07:337 [32minfo[39m: [32mServer successfully started on port 5000 in development mode.[39m
2026-07-30 10:32:35:3235 [32minfo[39m: [32mMySQL database connection established successfully.[39m
2026-07-30 10:32:35:3235 [33mwarn[39m: [33mensureTasksTable / ensureAmendmentTable failed:[39m
2026-07-30 10:32:36:3236 [32minfo[39m: [32mAlert scanner scheduled daily at midnight (0 0 * * *).[39m
2026-07-30 10:32:36:3236 [32minfo[39m: [32mServer successfully started on port 5000 in development mode.[39m
2026-07-30 10:32:44:3244 [31merror[39m: [31mJWT Verification Error: jwt expired[39m
2026-07-30 10:32:44:3244 [31merror[39m: [31m401 - Invalid or expired security token. Please log in again. - /api/v1/opinions - GET - ::1[39m
2026-07-30 10:32:44:3244 [31merror[39m: [31mJWT Verification Error: jwt expired[39m
2026-07-30 10:32:44:3244 [31merror[39m: [31m401 - Invalid or expired security token. Please log in again. - /api/v1/diary - GET - ::1[39m
2026-07-30 10:32:44:3244 [31merror[39m: [31mJWT Verification Error: jwt expired[39m
2026-07-30 10:32:44:3244 [31merror[39m: [31m401 - Invalid or expired security token. Please log in again. - /api/v1/clients - GET - ::1[39m
2026-07-30 10:32:44:3244 [31merror[39m: [31mJWT Verification Error: jwt expired[39m
2026-07-30 10:32:44:3244 [31merror[39m: [31m401 - Invalid or expired security token. Please log in again. - /api/v1/advocates - GET - ::1[39m
2026-07-30 10:32:44:3244 [31merror[39m: [31mJWT Verification Error: jwt expired[39m
2026-07-30 10:32:44:3244 [31merror[39m: [31m401 - Invalid or expired security token. Please log in again. - /api/v1/cases - GET - ::1[39m
2026-07-30 10:32:44:3244 [31merror[39m: [31mJWT Verification Error: jwt expired[39m
2026-07-30 10:32:44:3244 [31merror[39m: [31m401 - Invalid or expired security token. Please log in again. - /api/v1/daybook - GET - ::1[39m
2026-07-30 10:32:45:3245 [31merror[39m: [31mJWT Verification Error: jwt expired[39m
2026-07-30 10:32:45:3245 [31merror[39m: [31m401 - Invalid or expired security token. Please log in again. - /api/v1/payments - GET - ::1[39m
2026-07-30 10:32:45:3245 [31merror[39m: [31mJWT Verification Error: jwt expired[39m
2026-07-30 10:32:45:3245 [31merror[39m: [31m401 - Invalid or expired security token. Please log in again. - /api/v1/alerts - GET - ::1[39m
2026-07-30 10:32:45:3245 [31merror[39m: [31mJWT Verification Error: jwt expired[39m
2026-07-30 10:32:45:3245 [31merror[39m: [31m401 - Invalid or expired security token. Please log in again. - /api/v1/lands - GET - ::1[39m
2026-07-30 10:32:45:3245 [31merror[39m: [31mJWT Verification Error: jwt expired[39m
2026-07-30 10:32:45:3245 [31merror[39m: [31m401 - Invalid or expired security token. Please log in again. - /api/v1/memberships - GET - ::1[39m
2026-07-30 10:32:45:3245 [31merror[39m: [31mJWT Verification Error: jwt expired[39m
2026-07-30 10:32:45:3245 [31merror[39m: [31m401 - Invalid or expired security token. Please log in again. - /api/v1/amendments - GET - ::1[39m
2026-07-30 10:32:45:3245 [31merror[39m: [31mJWT Verification Error: jwt expired[39m
2026-07-30 10:32:45:3245 [31merror[39m: [31m401 - Invalid or expired security token. Please log in again. - /api/v1/roles/roles - GET - ::1[39m
2026-07-30 10:32:45:3245 [31merror[39m: [31mJWT Verification Error: jwt expired[39m
2026-07-30 10:32:45:3245 [31merror[39m: [31m401 - Invalid or expired security token. Please log in again. - /api/v1/acts - GET - ::1[39m
2026-07-30 10:32:45:3245 [31merror[39m: [31mJWT Verification Error: jwt expired[39m
2026-07-30 10:32:45:3245 [31merror[39m: [31m401 - Invalid or expired security token. Please log in again. - /api/v1/roles/modules - GET - ::1[39m
2026-07-30 10:32:45:3245 [31merror[39m: [31mJWT Verification Error: jwt expired[39m
2026-07-30 10:32:45:3245 [31merror[39m: [31m401 - Invalid or expired security token. Please log in again. - /api/v1/clients - GET - ::1[39m
2026-07-30 10:32:45:3245 [31merror[39m: [31mJWT Verification Error: jwt expired[39m
2026-07-30 10:32:45:3245 [31merror[39m: [31m401 - Invalid or expired security token. Please log in again. - /api/v1/opinions - GET - ::1[39m
2026-07-30 10:32:45:3245 [31merror[39m: [31mJWT Verification Error: jwt expired[39m
2026-07-30 10:32:45:3245 [31merror[39m: [31m401 - Invalid or expired security token. Please log in again. - /api/v1/advocates - GET - ::1[39m
2026-07-30 10:32:45:3245 [31merror[39m: [31mJWT Verification Error: jwt expired[39m
2026-07-30 10:32:45:3245 [31merror[39m: [31m401 - Invalid or expired security token. Please log in again. - /api/v1/cases - GET - ::1[39m
2026-07-30 10:32:45:3245 [31merror[39m: [31mJWT Verification Error: jwt expired[39m
2026-07-30 10:32:45:3245 [31merror[39m: [31m401 - Invalid or expired security token. Please log in again. - /api/v1/diary - GET - ::1[39m
2026-07-30 10:32:45:3245 [31merror[39m: [31mJWT Verification Error: jwt expired[39m
2026-07-30 10:32:45:3245 [31merror[39m: [31m401 - Invalid or expired security token. Please log in again. - /api/v1/daybook - GET - ::1[39m
2026-07-30 10:32:45:3245 [31merror[39m: [31mRefresh token error: invalid signature[39m
2026-07-30 10:32:45:3245 [31merror[39m: [31m401 - Invalid or expired refresh token - /api/v1/auth/refresh - POST - ::1[39m
2026-07-30 10:32:45:3245 [31merror[39m: [31mJWT Verification Error: jwt expired[39m
2026-07-30 10:32:45:3245 [31merror[39m: [31m401 - Invalid or expired security token. Please log in again. - /api/v1/payments - GET - ::1[39m
2026-07-30 10:32:45:3245 [31merror[39m: [31mJWT Verification Error: jwt expired[39m
2026-07-30 10:32:45:3245 [31merror[39m: [31m401 - Invalid or expired security token. Please log in again. - /api/v1/alerts - GET - ::1[39m
2026-07-30 10:32:45:3245 [31merror[39m: [31mJWT Verification Error: jwt expired[39m
2026-07-30 10:32:45:3245 [31merror[39m: [31m401 - Invalid or expired security token. Please log in again. - /api/v1/lands - GET - ::1[39m
2026-07-30 10:32:45:3245 [31merror[39m: [31mJWT Verification Error: jwt expired[39m
2026-07-30 10:32:45:3245 [31merror[39m: [31m401 - Invalid or expired security token. Please log in again. - /api/v1/memberships - GET - ::1[39m
2026-07-30 10:32:45:3245 [31merror[39m: [31mJWT Verification Error: jwt expired[39m
2026-07-30 10:32:45:3245 [31merror[39m: [31m401 - Invalid or expired security token. Please log in again. - /api/v1/amendments - GET - ::1[39m
2026-07-30 10:32:45:3245 [31merror[39m: [31mJWT Verification Error: jwt expired[39m
2026-07-30 10:32:45:3245 [31merror[39m: [31m401 - Invalid or expired security token. Please log in again. - /api/v1/roles/roles - GET - ::1[39m
2026-07-30 10:32:45:3245 [31merror[39m: [31mJWT Verification Error: jwt expired[39m
2026-07-30 10:32:45:3245 [31merror[39m: [31m401 - Invalid or expired security token. Please log in again. - /api/v1/acts - GET - ::1[39m
2026-07-30 10:32:45:3245 [31merror[39m: [31mJWT Verification Error: jwt expired[39m
2026-07-30 10:32:45:3245 [31merror[39m: [31m401 - Invalid or expired security token. Please log in again. - /api/v1/opinions - GET - ::1[39m
2026-07-30 10:32:45:3245 [31merror[39m: [31mJWT Verification Error: jwt expired[39m
2026-07-30 10:32:45:3245 [31merror[39m: [31m401 - Invalid or expired security token. Please log in again. - /api/v1/clients - GET - ::1[39m
2026-07-30 10:32:45:3245 [31merror[39m: [31mJWT Verification Error: jwt expired[39m
2026-07-30 10:32:45:3245 [31merror[39m: [31m401 - Invalid or expired security token. Please log in again. - /api/v1/roles/modules - GET - ::1[39m
2026-07-30 10:32:45:3245 [31merror[39m: [31mJWT Verification Error: jwt expired[39m
2026-07-30 10:32:45:3245 [31merror[39m: [31m401 - Invalid or expired security token. Please log in again. - /api/v1/advocates - GET - ::1[39m
2026-07-30 10:32:45:3245 [31merror[39m: [31mJWT Verification Error: jwt expired[39m
2026-07-30 10:32:45:3245 [31merror[39m: [31m401 - Invalid or expired security token. Please log in again. - /api/v1/roles/roles - GET - ::1[39m
2026-07-30 10:32:45:3245 [31merror[39m: [31mJWT Verification Error: jwt expired[39m
2026-07-30 10:32:45:3245 [31merror[39m: [31m401 - Invalid or expired security token. Please log in again. - /api/v1/opinions - GET - ::1[39m
2026-07-30 10:32:45:3245 [31merror[39m: [31mJWT Verification Error: jwt expired[39m
2026-07-30 10:32:45:3245 [31merror[39m: [31m401 - Invalid or expired security token. Please log in again. - /api/v1/clients - GET - ::1[39m
2026-07-30 10:32:45:3245 [31merror[39m: [31mRefresh token error: invalid signature[39m
2026-07-30 10:32:45:3245 [31merror[39m: [31m401 - Invalid or expired refresh token - /api/v1/auth/refresh - POST - ::1[39m
2026-07-30 10:32:45:3245 [31merror[39m: [31mJWT Verification Error: jwt expired[39m
2026-07-30 10:32:45:3245 [31merror[39m: [31m401 - Invalid or expired security token. Please log in again. - /api/v1/advocates - GET - ::1[39m
2026-07-30 10:32:45:3245 [31merror[39m: [31mJWT Verification Error: jwt expired[39m
2026-07-30 10:32:45:3245 [31merror[39m: [31m401 - Invalid or expired security token. Please log in again. - /api/v1/roles/roles - GET - ::1[39m
2026-07-30 10:32:45:3245 [31merror[39m: [31mRefresh token error: invalid signature[39m
2026-07-30 10:32:45:3245 [31merror[39m: [31m401 - Invalid or expired refresh token - /api/v1/auth/refresh - POST - ::1[39m
2026-07-30 10:47:50:4750 [31merror[39m: [31mJWT Verification Error: jwt expired[39m
2026-07-30 10:47:50:4750 [31merror[39m: [31m401 - Invalid or expired security token. Please log in again. - /api/v1/cases - GET - ::1[39m
2026-07-30 10:47:50:4750 [31merror[39m: [31mJWT Verification Error: jwt expired[39m
2026-07-30 10:47:50:4750 [31merror[39m: [31m401 - Invalid or expired security token. Please log in again. - /api/v1/clients - GET - ::1[39m
2026-07-30 10:47:50:4750 [31merror[39m: [31mJWT Verification Error: jwt expired[39m
2026-07-30 10:47:50:4750 [31merror[39m: [31m401 - Invalid or expired security token. Please log in again. - /api/v1/advocates - GET - ::1[39m
2026-07-30 10:47:50:4750 [31merror[39m: [31mJWT Verification Error: jwt expired[39m
2026-07-30 10:47:50:4750 [31merror[39m: [31m401 - Invalid or expired security token. Please log in again. - /api/v1/diary - GET - ::1[39m
2026-07-30 10:47:50:4750 [31merror[39m: [31mJWT Verification Error: jwt expired[39m
2026-07-30 10:47:50:4750 [31merror[39m: [31m401 - Invalid or expired security token. Please log in again. - /api/v1/daybook - GET - ::1[39m
2026-07-30 10:47:50:4750 [31merror[39m: [31mJWT Verification Error: jwt expired[39m
2026-07-30 10:47:50:4750 [31merror[39m: [31m401 - Invalid or expired security token. Please log in again. - /api/v1/alerts - GET - ::1[39m
2026-07-30 10:47:50:4750 [31merror[39m: [31mJWT Verification Error: jwt expired[39m
2026-07-30 10:47:50:4750 [31merror[39m: [31m401 - Invalid or expired security token. Please log in again. - /api/v1/payments - GET - ::1[39m
2026-07-30 10:47:50:4750 [31merror[39m: [31mJWT Verification Error: jwt expired[39m
2026-07-30 10:47:50:4750 [31merror[39m: [31m401 - Invalid or expired security token. Please log in again. - /api/v1/opinions - GET - ::1[39m
2026-07-30 10:47:50:4750 [31merror[39m: [31mJWT Verification Error: jwt expired[39m
2026-07-30 10:47:50:4750 [31merror[39m: [31m401 - Invalid or expired security token. Please log in again. - /api/v1/memberships - GET - ::1[39m
2026-07-30 10:47:50:4750 [31merror[39m: [31mJWT Verification Error: jwt expired[39m
2026-07-30 10:47:50:4750 [31merror[39m: [31m401 - Invalid or expired security token. Please log in again. - /api/v1/acts - GET - ::1[39m
2026-07-30 10:47:50:4750 [31merror[39m: [31mJWT Verification Error: jwt expired[39m
2026-07-30 10:47:50:4750 [31merror[39m: [31m401 - Invalid or expired security token. Please log in again. - /api/v1/lands - GET - ::1[39m
2026-07-30 10:47:50:4750 [31merror[39m: [31mJWT Verification Error: jwt expired[39m
2026-07-30 10:47:50:4750 [31merror[39m: [31m401 - Invalid or expired security token. Please log in again. - /api/v1/amendments - GET - ::1[39m
2026-07-30 10:47:50:4750 [31merror[39m: [31mJWT Verification Error: jwt expired[39m
2026-07-30 10:47:50:4750 [31merror[39m: [31m401 - Invalid or expired security token. Please log in again. - /api/v1/roles/roles - GET - ::1[39m
2026-07-30 10:47:50:4750 [31merror[39m: [31mJWT Verification Error: jwt expired[39m
2026-07-30 10:47:50:4750 [31merror[39m: [31m401 - Invalid or expired security token. Please log in again. - /api/v1/roles/modules - GET - ::1[39m
2026-07-30 10:47:50:4750 [31merror[39m: [31mJWT Verification Error: jwt expired[39m
2026-07-30 10:47:50:4750 [31merror[39m: [31m401 - Invalid or expired security token. Please log in again. - /api/v1/clients - GET - ::1[39m
2026-07-30 10:47:50:4750 [31merror[39m: [31mJWT Verification Error: jwt expired[39m
2026-07-30 10:47:50:4750 [31merror[39m: [31m401 - Invalid or expired security token. Please log in again. - /api/v1/dashboard - GET - ::1[39m
2026-07-30 10:47:50:4750 [31merror[39m: [31mJWT Verification Error: jwt expired[39m
2026-07-30 10:47:50:4750 [31merror[39m: [31m401 - Invalid or expired security token. Please log in again. - /api/v1/cases - GET - ::1[39m
2026-07-30 10:47:50:4750 [31merror[39m: [31mJWT Verification Error: jwt expired[39m
2026-07-30 10:47:50:4750 [31merror[39m: [31m401 - Invalid or expired security token. Please log in again. - /api/v1/diary - GET - ::1[39m
2026-07-30 10:47:50:4750 [31merror[39m: [31mJWT Verification Error: jwt expired[39m
2026-07-30 10:47:50:4750 [31merror[39m: [31m401 - Invalid or expired security token. Please log in again. - /api/v1/daybook - GET - ::1[39m
2026-07-30 10:47:50:4750 [31merror[39m: [31mJWT Verification Error: jwt expired[39m
2026-07-30 10:47:50:4750 [31merror[39m: [31m401 - Invalid or expired security token. Please log in again. - /api/v1/advocates - GET - ::1[39m
2026-07-30 10:47:50:4750 [31merror[39m: [31mJWT Verification Error: jwt expired[39m
2026-07-30 10:47:50:4750 [31merror[39m: [31m401 - Invalid or expired security token. Please log in again. - /api/v1/alerts - GET - ::1[39m
2026-07-30 10:47:50:4750 [31merror[39m: [31mJWT Verification Error: jwt expired[39m
2026-07-30 10:47:50:4750 [31merror[39m: [31m401 - Invalid or expired security token. Please log in again. - /api/v1/opinions - GET - ::1[39m
2026-07-30 10:47:50:4750 [31merror[39m: [31mJWT Verification Error: jwt expired[39m
2026-07-30 10:47:50:4750 [31merror[39m: [31m401 - Invalid or expired security token. Please log in again. - /api/v1/payments - GET - ::1[39m
2026-07-30 10:47:50:4750 [31merror[39m: [31mJWT Verification Error: jwt expired[39m
2026-07-30 10:47:50:4750 [31merror[39m: [31m401 - Invalid or expired security token. Please log in again. - /api/v1/memberships - GET - ::1[39m
2026-07-30 10:47:50:4750 [31merror[39m: [31mJWT Verification Error: jwt expired[39m
2026-07-30 10:47:50:4750 [31merror[39m: [31m401 - Invalid or expired security token. Please log in again. - /api/v1/acts - GET - ::1[39m
2026-07-30 10:47:50:4750 [31merror[39m: [31mJWT Verification Error: jwt expired[39m
2026-07-30 10:47:50:4750 [31merror[39m: [31m401 - Invalid or expired security token. Please log in again. - /api/v1/lands - GET - ::1[39m
2026-07-30 10:47:50:4750 [31merror[39m: [31mJWT Verification Error: jwt expired[39m
2026-07-30 10:47:50:4750 [31merror[39m: [31m401 - Invalid or expired security token. Please log in again. - /api/v1/amendments - GET - ::1[39m
2026-07-30 10:47:50:4750 [31merror[39m: [31mJWT Verification Error: jwt expired[39m
2026-07-30 10:47:50:4750 [31merror[39m: [31m401 - Invalid or expired security token. Please log in again. - /api/v1/roles/roles - GET - ::1[39m
2026-07-30 10:47:50:4750 [31merror[39m: [31mJWT Verification Error: jwt expired[39m
2026-07-30 10:47:50:4750 [31merror[39m: [31m401 - Invalid or expired security token. Please log in again. - /api/v1/dashboard - GET - ::1[39m
2026-07-30 10:47:50:4750 [31merror[39m: [31mJWT Verification Error: jwt expired[39m
2026-07-30 10:47:50:4750 [31merror[39m: [31m401 - Invalid or expired security token. Please log in again. - /api/v1/roles/modules - GET - ::1[39m
2026-07-30 10:47:50:4750 [31merror[39m: [31mJWT Verification Error: jwt expired[39m
2026-07-30 10:47:50:4750 [31merror[39m: [31m401 - Invalid or expired security token. Please log in again. - /api/v1/roles/roles - GET - ::1[39m
2026-07-30 10:47:50:4750 [31merror[39m: [31mJWT Verification Error: jwt expired[39m
2026-07-30 10:47:50:4750 [31merror[39m: [31m401 - Invalid or expired security token. Please log in again. - /api/v1/roles/roles - GET - ::1[39m
2026-07-30 10:55:56:5556 [32minfo[39m: [32mMySQL database connection established successfully.[39m
2026-07-30 10:55:58:5558 [32minfo[39m: [32mMySQL database connection established successfully.[39m
2026-07-30 10:55:58:5558 [33mwarn[39m: [33mensureTasksTable / ensureAmendmentTable failed:[39m
2026-07-30 10:55:58:5558 [32minfo[39m: [32mAlert scanner scheduled daily at midnight (0 0 * * *).[39m
2026-07-30 10:55:58:5558 [32minfo[39m: [32mServer successfully started on port 5000 in development mode.[39m
2026-07-30 11:57:55:5755 [31merror[39m: [31mJWT Verification Error: jwt expired[39m
2026-07-30 11:57:55:5755 [31merror[39m: [31m401 - Invalid or expired security token. Please log in again. - /api/v1/cases - GET - ::1[39m
2026-07-30 11:57:55:5755 [31merror[39m: [31mJWT Verification Error: jwt expired[39m
2026-07-30 11:57:55:5755 [31merror[39m: [31m401 - Invalid or expired security token. Please log in again. - /api/v1/clients - GET - ::1[39m
2026-07-30 11:57:55:5755 [31merror[39m: [31mJWT Verification Error: jwt expired[39m
2026-07-30 11:57:55:5755 [31merror[39m: [31m401 - Invalid or expired security token. Please log in again. - /api/v1/advocates - GET - ::1[39m
2026-07-30 11:57:55:5755 [31merror[39m: [31mJWT Verification Error: jwt expired[39m
2026-07-30 11:57:55:5755 [31merror[39m: [31m401 - Invalid or expired security token. Please log in again. - /api/v1/masters/case-types?activeOnly=true - GET - ::1[39m
2026-07-30 11:57:55:5755 [31merror[39m: [31mJWT Verification Error: jwt expired[39m
2026-07-30 11:57:55:5755 [31merror[39m: [31m401 - Invalid or expired security token. Please log in again. - /api/v1/masters/case-stages?activeOnly=true - GET - ::1[39m
2026-07-30 11:57:55:5755 [31merror[39m: [31mJWT Verification Error: jwt expired[39m
2026-07-30 11:57:55:5755 [31merror[39m: [31m401 - Invalid or expired security token. Please log in again. - /api/v1/masters/courts?activeOnly=true - GET - ::1[39m
2026-07-30 11:57:55:5755 [31merror[39m: [31mJWT Verification Error: jwt expired[39m
2026-07-30 11:57:55:5755 [31merror[39m: [31m401 - Invalid or expired security token. Please log in again. - /api/v1/cases - GET - ::1[39m
2026-07-30 11:57:55:5755 [31merror[39m: [31mJWT Verification Error: jwt expired[39m
2026-07-30 11:57:55:5755 [31merror[39m: [31m401 - Invalid or expired security token. Please log in again. - /api/v1/masters/case-stages?activeOnly=true - GET - ::1[39m
2026-07-30 11:57:55:5755 [31merror[39m: [31mJWT Verification Error: jwt expired[39m
2026-07-30 11:57:55:5755 [31merror[39m: [31m401 - Invalid or expired security token. Please log in again. - /api/v1/clients - GET - ::1[39m
2026-07-30 11:57:55:5755 [31merror[39m: [31mJWT Verification Error: jwt expired[39m
2026-07-30 11:57:55:5755 [31merror[39m: [31m401 - Invalid or expired security token. Please log in again. - /api/v1/masters/case-types?activeOnly=true - GET - ::1[39m
2026-07-30 11:57:55:5755 [31merror[39m: [31mJWT Verification Error: jwt expired[39m
2026-07-30 11:57:55:5755 [31merror[39m: [31m401 - Invalid or expired security token. Please log in again. - /api/v1/advocates - GET - ::1[39m
2026-07-30 11:57:55:5755 [31merror[39m: [31mJWT Verification Error: jwt expired[39m
2026-07-30 11:57:55:5755 [31merror[39m: [31m401 - Invalid or expired security token. Please log in again. - /api/v1/masters/courts?activeOnly=true - GET - ::1[39m
2026-07-30 12:34:15:3415 [31merror[39m: [31mJWT Verification Error: jwt expired[39m
2026-07-30 12:34:15:3415 [31merror[39m: [31m401 - Invalid or expired security token. Please log in again. - /api/v1/lands - GET - ::1[39m
2026-07-30 12:34:15:3415 [31merror[39m: [31mJWT Verification Error: jwt expired[39m
2026-07-30 12:34:15:3415 [31merror[39m: [31m401 - Invalid or expired security token. Please log in again. - /api/v1/clients - GET - ::1[39m
2026-07-30 12:34:15:3415 [31merror[39m: [31mJWT Verification Error: jwt expired[39m
2026-07-30 12:34:15:3415 [31merror[39m: [31m401 - Invalid or expired security token. Please log in again. - /api/v1/cases - GET - ::1[39m
2026-07-30 12:34:15:3415 [31merror[39m: [31mJWT Verification Error: jwt expired[39m
2026-07-30 12:34:15:3415 [31merror[39m: [31m401 - Invalid or expired security token. Please log in again. - /api/v1/cases - GET - ::1[39m
2026-07-30 12:34:15:3415 [31merror[39m: [31mJWT Verification Error: jwt expired[39m
2026-07-30 12:34:15:3415 [31merror[39m: [31m401 - Invalid or expired security token. Please log in again. - /api/v1/clients - GET - ::1[39m
2026-07-30 12:34:15:3415 [31merror[39m: [31mJWT Verification Error: jwt expired[39m
2026-07-30 12:34:15:3415 [31merror[39m: [31m401 - Invalid or expired security token. Please log in again. - /api/v1/advocates - GET - ::1[39m
2026-07-30 12:34:15:3415 [31merror[39m: [31mJWT Verification Error: jwt expired[39m
2026-07-30 12:34:15:3415 [31merror[39m: [31m401 - Invalid or expired security token. Please log in again. - /api/v1/diary - GET - ::1[39m
2026-07-30 12:34:17:3417 [31merror[39m: [31mJWT Verification Error: jwt expired[39m
2026-07-30 12:34:17:3417 [31merror[39m: [31m401 - Invalid or expired security token. Please log in again. - /api/v1/daybook - GET - ::1[39m
2026-07-30 12:34:17:3417 [31merror[39m: [31mJWT Verification Error: jwt expired[39m
2026-07-30 12:34:17:3417 [31merror[39m: [31m401 - Invalid or expired security token. Please log in again. - /api/v1/payments - GET - ::1[39m
2026-07-30 12:34:17:3417 [31merror[39m: [31mJWT Verification Error: jwt expired[39m
2026-07-30 12:34:17:3417 [31merror[39m: [31m401 - Invalid or expired security token. Please log in again. - /api/v1/cases - GET - ::1[39m
2026-07-30 12:34:17:3417 [31merror[39m: [31mJWT Verification Error: jwt expired[39m
2026-07-30 12:34:17:3417 [31merror[39m: [31m401 - Invalid or expired security token. Please log in again. - /api/v1/dashboard - GET - ::1[39m
2026-07-30 12:34:17:3417 [31merror[39m: [31mJWT Verification Error: jwt expired[39m
2026-07-30 12:34:17:3417 [31merror[39m: [31m401 - Invalid or expired security token. Please log in again. - /api/v1/alerts - GET - ::1[39m
2026-07-30 12:34:18:3418 [31merror[39m: [31mJWT Verification Error: jwt expired[39m
2026-07-30 12:34:18:3418 [31merror[39m: [31m401 - Invalid or expired security token. Please log in again. - /api/v1/clients - GET - ::1[39m
2026-07-30 12:34:18:3418 [31merror[39m: [31mJWT Verification Error: jwt expired[39m
2026-07-30 12:34:18:3418 [31merror[39m: [31m401 - Invalid or expired security token. Please log in again. - /api/v1/lands - GET - ::1[39m
2026-07-30 12:34:18:3418 [31merror[39m: [31mJWT Verification Error: jwt expired[39m
2026-07-30 12:34:18:3418 [31merror[39m: [31m401 - Invalid or expired security token. Please log in again. - /api/v1/opinions - GET - ::1[39m
2026-07-30 12:34:18:3418 [31merror[39m: [31mJWT Verification Error: jwt expired[39m
2026-07-30 12:34:18:3418 [31merror[39m: [31m401 - Invalid or expired security token. Please log in again. - /api/v1/advocates - GET - ::1[39m
2026-07-30 12:34:18:3418 [31merror[39m: [31mJWT Verification Error: jwt expired[39m
2026-07-30 12:34:18:3418 [31merror[39m: [31m401 - Invalid or expired security token. Please log in again. - /api/v1/diary - GET - ::1[39m
2026-07-30 12:34:18:3418 [31merror[39m: [31mJWT Verification Error: jwt expired[39m
2026-07-30 12:34:18:3418 [31merror[39m: [31m401 - Invalid or expired security token. Please log in again. - /api/v1/daybook - GET - ::1[39m
2026-07-30 12:34:18:3418 [31merror[39m: [31mJWT Verification Error: jwt expired[39m
2026-07-30 12:34:18:3418 [31merror[39m: [31m401 - Invalid or expired security token. Please log in again. - /api/v1/payments - GET - ::1[39m
2026-07-30 12:34:18:3418 [31merror[39m: [31mJWT Verification Error: jwt expired[39m
2026-07-30 12:34:18:3418 [31merror[39m: [31m401 - Invalid or expired security token. Please log in again. - /api/v1/alerts - GET - ::1[39m
2026-07-30 12:34:18:3418 [31merror[39m: [31mJWT Verification Error: jwt expired[39m
2026-07-30 12:34:18:3418 [31merror[39m: [31m401 - Invalid or expired security token. Please log in again. - /api/v1/lands - GET - ::1[39m
2026-07-30 12:34:18:3418 [31merror[39m: [31mJWT Verification Error: jwt expired[39m
2026-07-30 12:34:18:3418 [31merror[39m: [31m401 - Invalid or expired security token. Please log in again. - /api/v1/memberships - GET - ::1[39m
2026-07-30 12:34:18:3418 [31merror[39m: [31mJWT Verification Error: jwt expired[39m
2026-07-30 12:34:18:3418 [31merror[39m: [31m401 - Invalid or expired security token. Please log in again. - /api/v1/opinions - GET - ::1[39m
2026-07-30 12:34:18:3418 [31merror[39m: [31mJWT Verification Error: jwt expired[39m
2026-07-30 12:34:18:3418 [31merror[39m: [31m401 - Invalid or expired security token. Please log in again. - /api/v1/memberships - GET - ::1[39m
2026-07-30 12:34:18:3418 [31merror[39m: [31mJWT Verification Error: jwt expired[39m
2026-07-30 12:34:18:3418 [31merror[39m: [31m401 - Invalid or expired security token. Please log in again. - /api/v1/acts - GET - ::1[39m
2026-07-30 12:34:18:3418 [31merror[39m: [31mJWT Verification Error: jwt expired[39m
2026-07-30 12:34:18:3418 [31merror[39m: [31m401 - Invalid or expired security token. Please log in again. - /api/v1/amendments - GET - ::1[39m
2026-07-30 12:34:18:3418 [31merror[39m: [31mJWT Verification Error: jwt expired[39m
2026-07-30 12:34:18:3418 [31merror[39m: [31m401 - Invalid or expired security token. Please log in again. - /api/v1/roles/roles - GET - ::1[39m
2026-07-30 12:34:18:3418 [31merror[39m: [31mJWT Verification Error: jwt expired[39m
2026-07-30 12:34:18:3418 [31merror[39m: [31m401 - Invalid or expired security token. Please log in again. - /api/v1/roles/modules - GET - ::1[39m
2026-07-30 12:34:18:3418 [31merror[39m: [31mJWT Verification Error: jwt expired[39m
2026-07-30 12:34:18:3418 [31merror[39m: [31m401 - Invalid or expired security token. Please log in again. - /api/v1/roles/roles - GET - ::1[39m
2026-07-30 12:34:18:3418 [31merror[39m: [31mJWT Verification Error: jwt expired[39m
2026-07-30 12:34:18:3418 [31merror[39m: [31m401 - Invalid or expired security token. Please log in again. - /api/v1/dashboard - GET - ::1[39m
2026-07-30 12:34:18:3418 [31merror[39m: [31mJWT Verification Error: jwt expired[39m
2026-07-30 12:34:18:3418 [31merror[39m: [31m401 - Invalid or expired security token. Please log in again. - /api/v1/cases - GET - ::1[39m
2026-07-30 12:34:18:3418 [31merror[39m: [31mJWT Verification Error: jwt expired[39m
2026-07-30 12:34:18:3418 [31merror[39m: [31m401 - Invalid or expired security token. Please log in again. - /api/v1/clients - GET - ::1[39m
2026-07-30 12:34:18:3418 [31merror[39m: [31mJWT Verification Error: jwt expired[39m
2026-07-30 12:34:18:3418 [31merror[39m: [31m401 - Invalid or expired security token. Please log in again. - /api/v1/advocates - GET - ::1[39m
2026-07-30 12:34:18:3418 [31merror[39m: [31mJWT Verification Error: jwt expired[39m
2026-07-30 12:34:18:3418 [31merror[39m: [31m401 - Invalid or expired security token. Please log in again. - /api/v1/diary - GET - ::1[39m
2026-07-30 12:34:18:3418 [31merror[39m: [31mJWT Verification Error: jwt expired[39m
2026-07-30 12:34:18:3418 [31merror[39m: [31m401 - Invalid or expired security token. Please log in again. - /api/v1/daybook - GET - ::1[39m
2026-07-30 12:34:18:3418 [31merror[39m: [31mJWT Verification Error: jwt expired[39m
2026-07-30 12:34:18:3418 [31merror[39m: [31m401 - Invalid or expired security token. Please log in again. - /api/v1/payments - GET - ::1[39m
2026-07-30 12:34:18:3418 [31merror[39m: [31mJWT Verification Error: jwt expired[39m
2026-07-30 12:34:18:3418 [31merror[39m: [31m401 - Invalid or expired security token. Please log in again. - /api/v1/alerts - GET - ::1[39m
2026-07-30 12:34:18:3418 [31merror[39m: [31mJWT Verification Error: jwt expired[39m
2026-07-30 12:34:18:3418 [31merror[39m: [31m401 - Invalid or expired security token. Please log in again. - /api/v1/acts - GET - ::1[39m
2026-07-30 12:34:19:3419 [31merror[39m: [31mJWT Verification Error: jwt expired[39m
2026-07-30 12:34:19:3419 [31merror[39m: [31m401 - Invalid or expired security token. Please log in again. - /api/v1/amendments - GET - ::1[39m
2026-07-30 12:34:19:3419 [31merror[39m: [31mJWT Verification Error: jwt expired[39m
2026-07-30 12:34:19:3419 [31merror[39m: [31m401 - Invalid or expired security token. Please log in again. - /api/v1/roles/roles - GET - ::1[39m
2026-07-30 12:34:19:3419 [31merror[39m: [31mJWT Verification Error: jwt expired[39m
2026-07-30 12:34:19:3419 [31merror[39m: [31m401 - Invalid or expired security token. Please log in again. - /api/v1/roles/modules - GET - ::1[39m
2026-07-30 12:34:19:3419 [31merror[39m: [31mJWT Verification Error: jwt expired[39m
2026-07-30 12:34:19:3419 [31merror[39m: [31m401 - Invalid or expired security token. Please log in again. - /api/v1/roles/roles - GET - ::1[39m
2026-07-30 12:34:19:3419 [31merror[39m: [31mJWT Verification Error: jwt expired[39m
2026-07-30 12:34:19:3419 [31merror[39m: [31m401 - Invalid or expired security token. Please log in again. - /api/v1/lands - GET - ::1[39m
2026-07-30 12:34:19:3419 [31merror[39m: [31mJWT Verification Error: jwt expired[39m
2026-07-30 12:34:19:3419 [31merror[39m: [31m401 - Invalid or expired security token. Please log in again. - /api/v1/clients - GET - ::1[39m
2026-07-30 12:34:19:3419 [31merror[39m: [31mJWT Verification Error: jwt expired[39m
2026-07-30 12:34:19:3419 [31merror[39m: [31m401 - Invalid or expired security token. Please log in again. - /api/v1/cases - GET - ::1[39m
2026-07-30 12:34:19:3419 [31merror[39m: [31mJWT Verification Error: jwt expired[39m
2026-07-30 12:34:19:3419 [31merror[39m: [31m401 - Invalid or expired security token. Please log in again. - /api/v1/cases - GET - ::1[39m
2026-07-30 12:34:19:3419 [31merror[39m: [31mJWT Verification Error: jwt expired[39m
2026-07-30 12:34:19:3419 [31merror[39m: [31m401 - Invalid or expired security token. Please log in again. - /api/v1/clients - GET - ::1[39m
2026-07-30 12:34:19:3419 [31merror[39m: [31mJWT Verification Error: jwt expired[39m
2026-07-30 12:34:19:3419 [31merror[39m: [31m401 - Invalid or expired security token. Please log in again. - /api/v1/advocates - GET - ::1[39m
2026-07-30 12:34:19:3419 [31merror[39m: [31mJWT Verification Error: jwt expired[39m
2026-07-30 12:34:19:3419 [31merror[39m: [31m401 - Invalid or expired security token. Please log in again. - /api/v1/diary - GET - ::1[39m
2026-07-30 12:34:19:3419 [31merror[39m: [31mJWT Verification Error: jwt expired[39m
2026-07-30 12:34:19:3419 [31merror[39m: [31m401 - Invalid or expired security token. Please log in again. - /api/v1/daybook - GET - ::1[39m
2026-07-30 12:34:19:3419 [31merror[39m: [31mJWT Verification Error: jwt expired[39m
2026-07-30 12:34:19:3419 [31merror[39m: [31m401 - Invalid or expired security token. Please log in again. - /api/v1/payments - GET - ::1[39m
2026-07-30 12:34:20:3420 [31merror[39m: [31mJWT Verification Error: jwt expired[39m
2026-07-30 12:34:20:3420 [31merror[39m: [31m401 - Invalid or expired security token. Please log in again. - /api/v1/lands - GET - ::1[39m
2026-07-30 12:34:20:3420 [31merror[39m: [31mJWT Verification Error: jwt expired[39m
2026-07-30 12:34:20:3420 [31merror[39m: [31m401 - Invalid or expired security token. Please log in again. - /api/v1/opinions - GET - ::1[39m
2026-07-30 12:34:20:3420 [31merror[39m: [31mJWT Verification Error: jwt expired[39m
2026-07-30 12:34:20:3420 [31merror[39m: [31m401 - Invalid or expired security token. Please log in again. - /api/v1/memberships - GET - ::1[39m
2026-07-30 12:34:20:3420 [31merror[39m: [31mJWT Verification Error: jwt expired[39m
2026-07-30 12:34:20:3420 [31merror[39m: [31m401 - Invalid or expired security token. Please log in again. - /api/v1/acts - GET - ::1[39m
2026-07-30 12:34:20:3420 [31merror[39m: [31mJWT Verification Error: jwt expired[39m
2026-07-30 12:34:20:3420 [31merror[39m: [31m401 - Invalid or expired security token. Please log in again. - /api/v1/amendments - GET - ::1[39m
2026-07-30 12:34:20:3420 [31merror[39m: [31mJWT Verification Error: jwt expired[39m
2026-07-30 12:34:20:3420 [31merror[39m: [31m401 - Invalid or expired security token. Please log in again. - /api/v1/lands - GET - ::1[39m
2026-07-30 12:34:20:3420 [31merror[39m: [31mJWT Verification Error: jwt expired[39m
2026-07-30 12:34:20:3420 [31merror[39m: [31m401 - Invalid or expired security token. Please log in again. - /api/v1/roles/roles - GET - ::1[39m
2026-07-30 12:34:20:3420 [31merror[39m: [31mJWT Verification Error: jwt expired[39m
2026-07-30 12:34:20:3420 [31merror[39m: [31m401 - Invalid or expired security token. Please log in again. - /api/v1/alerts - GET - ::1[39m
2026-07-30 12:34:20:3420 [31merror[39m: [31mJWT Verification Error: jwt expired[39m
2026-07-30 12:34:20:3420 [31merror[39m: [31m401 - Invalid or expired security token. Please log in again. - /api/v1/roles/modules - GET - ::1[39m
2026-07-30 12:34:20:3420 [31merror[39m: [31mJWT Verification Error: jwt expired[39m
2026-07-30 12:34:20:3420 [31merror[39m: [31m401 - Invalid or expired security token. Please log in again. - /api/v1/roles/roles - GET - ::1[39m
2026-07-30 12:34:20:3420 [31merror[39m: [31mJWT Verification Error: jwt expired[39m
2026-07-30 12:34:20:3420 [31merror[39m: [31m401 - Invalid or expired security token. Please log in again. - /api/v1/opinions - GET - ::1[39m
2026-07-30 12:34:20:3420 [31merror[39m: [31mJWT Verification Error: jwt expired[39m
2026-07-30 12:34:20:3420 [31merror[39m: [31m401 - Invalid or expired security token. Please log in again. - /api/v1/memberships - GET - ::1[39m
2026-07-30 12:34:20:3420 [31merror[39m: [31mJWT Verification Error: jwt expired[39m
2026-07-30 12:34:20:3420 [31merror[39m: [31m401 - Invalid or expired security token. Please log in again. - /api/v1/acts - GET - ::1[39m
2026-07-30 12:34:20:3420 [31merror[39m: [31mJWT Verification Error: jwt expired[39m
2026-07-30 12:34:20:3420 [31merror[39m: [31m401 - Invalid or expired security token. Please log in again. - /api/v1/amendments - GET - ::1[39m
2026-07-30 12:34:20:3420 [31merror[39m: [31mJWT Verification Error: jwt expired[39m
2026-07-30 12:34:20:3420 [31merror[39m: [31m401 - Invalid or expired security token. Please log in again. - /api/v1/roles/roles - GET - ::1[39m
2026-07-30 12:34:20:3420 [31merror[39m: [31mJWT Verification Error: jwt expired[39m
2026-07-30 12:34:20:3420 [31merror[39m: [31m401 - Invalid or expired security token. Please log in again. - /api/v1/roles/modules - GET - ::1[39m
2026-07-30 12:34:20:3420 [31merror[39m: [31mJWT Verification Error: jwt expired[39m
2026-07-30 12:34:20:3420 [31merror[39m: [31m401 - Invalid or expired security token. Please log in again. - /api/v1/roles/roles - GET - ::1[39m
2026-07-30 12:48:32:4832 [32minfo[39m: [32mShutting down server gracefully...[39m
2026-07-30 13:03:01:31 [32minfo[39m: [32mMySQL database connection established successfully.[39m
2026-07-30 13:03:02:32 [32minfo[39m: [32mMySQL database connection established successfully.[39m
2026-07-30 13:03:02:32 [33mwarn[39m: [33mensureTasksTable / ensureAmendmentTable failed:[39m
2026-07-30 13:03:02:32 [32minfo[39m: [32mAlert scanner scheduled daily at midnight (0 0 * * *).[39m
2026-07-30 13:03:02:32 [32minfo[39m: [32mServer successfully started on port 5000 in development mode.[39m
2026-07-30 13:03:09:39 [32minfo[39m: [32mShutting down server gracefully...[39m
2026-07-30 13:03:14:314 [32minfo[39m: [32mMySQL database connection established successfully.[39m
2026-07-30 13:03:14:314 [33mwarn[39m: [33mensureTasksTable / ensureAmendmentTable failed:[39m
2026-07-30 13:03:14:314 [32minfo[39m: [32mAlert scanner scheduled daily at midnight (0 0 * * *).[39m
2026-07-30 13:03:14:314 [32minfo[39m: [32mServer successfully started on port 5000 in development mode.[39m
2026-07-30 13:09:17:917 [31merror[39m: [31mJWT Verification Error: jwt expired[39m
2026-07-30 13:09:17:917 [31merror[39m: [31m401 - Invalid or expired security token. Please log in again. - /api/v1/dashboard - GET - ::1[39m
2026-07-30 13:09:17:917 [31merror[39m: [31mJWT Verification Error: jwt expired[39m
2026-07-30 13:09:17:917 [31merror[39m: [31m401 - Invalid or expired security token. Please log in again. - /api/v1/cases - GET - ::1[39m
2026-07-30 13:09:17:917 [31merror[39m: [31mJWT Verification Error: jwt expired[39m
2026-07-30 13:09:17:917 [31merror[39m: [31m401 - Invalid or expired security token. Please log in again. - /api/v1/clients - GET - ::1[39m
2026-07-30 13:09:17:917 [31merror[39m: [31mJWT Verification Error: jwt expired[39m
2026-07-30 13:09:17:917 [31merror[39m: [31m401 - Invalid or expired security token. Please log in again. - /api/v1/advocates - GET - ::1[39m
2026-07-30 13:09:17:917 [31merror[39m: [31mJWT Verification Error: jwt expired[39m
2026-07-30 13:09:17:917 [31merror[39m: [31m401 - Invalid or expired security token. Please log in again. - /api/v1/diary - GET - ::1[39m
2026-07-30 13:09:17:917 [31merror[39m: [31mJWT Verification Error: jwt expired[39m
2026-07-30 13:09:17:917 [31merror[39m: [31m401 - Invalid or expired security token. Please log in again. - /api/v1/daybook - GET - ::1[39m
2026-07-30 13:09:17:917 [31merror[39m: [31mJWT Verification Error: jwt expired[39m
2026-07-30 13:09:17:917 [31merror[39m: [31m401 - Invalid or expired security token. Please log in again. - /api/v1/payments - GET - ::1[39m
2026-07-30 13:09:17:917 [31merror[39m: [31mJWT Verification Error: jwt expired[39m
2026-07-30 13:09:17:917 [31merror[39m: [31m401 - Invalid or expired security token. Please log in again. - /api/v1/alerts - GET - ::1[39m
2026-07-30 13:09:17:917 [31merror[39m: [31mJWT Verification Error: jwt expired[39m
2026-07-30 13:09:17:917 [31merror[39m: [31m401 - Invalid or expired security token. Please log in again. - /api/v1/lands - GET - ::1[39m
2026-07-30 13:09:17:917 [31merror[39m: [31mJWT Verification Error: jwt expired[39m
2026-07-30 13:09:17:917 [31merror[39m: [31m401 - Invalid or expired security token. Please log in again. - /api/v1/opinions - GET - ::1[39m
2026-07-30 13:09:17:917 [31merror[39m: [31mJWT Verification Error: jwt expired[39m
2026-07-30 13:09:17:917 [31merror[39m: [31m401 - Invalid or expired security token. Please log in again. - /api/v1/memberships - GET - ::1[39m
2026-07-30 13:09:17:917 [31merror[39m: [31mJWT Verification Error: jwt expired[39m
2026-07-30 13:09:17:917 [31merror[39m: [31m401 - Invalid or expired security token. Please log in again. - /api/v1/acts - GET - ::1[39m
2026-07-30 13:09:17:917 [31merror[39m: [31mJWT Verification Error: jwt expired[39m
2026-07-30 13:09:17:917 [31merror[39m: [31m401 - Invalid or expired security token. Please log in again. - /api/v1/amendments - GET - ::1[39m
2026-07-30 13:09:17:917 [31merror[39m: [31mJWT Verification Error: jwt expired[39m
2026-07-30 13:09:17:917 [31merror[39m: [31m401 - Invalid or expired security token. Please log in again. - /api/v1/roles/roles - GET - ::1[39m
2026-07-30 13:09:17:917 [31merror[39m: [31mJWT Verification Error: jwt expired[39m
2026-07-30 13:09:17:917 [31merror[39m: [31m401 - Invalid or expired security token. Please log in again. - /api/v1/roles/modules - GET - ::1[39m
2026-07-30 13:09:17:917 [31merror[39m: [31mJWT Verification Error: jwt expired[39m
2026-07-30 13:09:17:917 [31merror[39m: [31m401 - Invalid or expired security token. Please log in again. - /api/v1/dashboard - GET - ::1[39m
2026-07-30 13:09:17:917 [31merror[39m: [31mJWT Verification Error: jwt expired[39m
2026-07-30 13:09:17:917 [31merror[39m: [31m401 - Invalid or expired security token. Please log in again. - /api/v1/cases - GET - ::1[39m
2026-07-30 13:09:17:917 [31merror[39m: [31mJWT Verification Error: jwt expired[39m
2026-07-30 13:09:17:917 [31merror[39m: [31m401 - Invalid or expired security token. Please log in again. - /api/v1/clients - GET - ::1[39m
2026-07-30 13:09:17:917 [31merror[39m: [31mJWT Verification Error: jwt expired[39m
2026-07-30 13:09:17:917 [31merror[39m: [31m401 - Invalid or expired security token. Please log in again. - /api/v1/advocates - GET - ::1[39m
2026-07-30 13:09:17:917 [31merror[39m: [31mJWT Verification Error: jwt expired[39m
2026-07-30 13:09:17:917 [31merror[39m: [31m401 - Invalid or expired security token. Please log in again. - /api/v1/diary - GET - ::1[39m
2026-07-30 13:09:17:917 [31merror[39m: [31mJWT Verification Error: jwt expired[39m
2026-07-30 13:09:17:917 [31merror[39m: [31m401 - Invalid or expired security token. Please log in again. - /api/v1/daybook - GET - ::1[39m
2026-07-30 13:09:17:917 [31merror[39m: [31mJWT Verification Error: jwt expired[39m
2026-07-30 13:09:17:917 [31merror[39m: [31m401 - Invalid or expired security token. Please log in again. - /api/v1/payments - GET - ::1[39m
2026-07-30 13:09:17:917 [31merror[39m: [31mJWT Verification Error: jwt expired[39m
2026-07-30 13:09:17:917 [31merror[39m: [31m401 - Invalid or expired security token. Please log in again. - /api/v1/alerts - GET - ::1[39m
2026-07-30 13:09:17:917 [31merror[39m: [31mJWT Verification Error: jwt expired[39m
2026-07-30 13:09:17:917 [31merror[39m: [31m401 - Invalid or expired security token. Please log in again. - /api/v1/opinions - GET - ::1[39m
2026-07-30 13:09:17:917 [31merror[39m: [31mJWT Verification Error: jwt expired[39m
2026-07-30 13:09:17:917 [31merror[39m: [31m401 - Invalid or expired security token. Please log in again. - /api/v1/lands - GET - ::1[39m
2026-07-30 13:09:17:917 [31merror[39m: [31mJWT Verification Error: jwt expired[39m
2026-07-30 13:09:17:917 [31merror[39m: [31m401 - Invalid or expired security token. Please log in again. - /api/v1/memberships - GET - ::1[39m
2026-07-30 13:09:17:917 [31merror[39m: [31mJWT Verification Error: jwt expired[39m
2026-07-30 13:09:17:917 [31merror[39m: [31m401 - Invalid or expired security token. Please log in again. - /api/v1/acts - GET - ::1[39m
2026-07-30 13:09:17:917 [31merror[39m: [31mJWT Verification Error: jwt expired[39m
2026-07-30 13:09:17:917 [31merror[39m: [31m401 - Invalid or expired security token. Please log in again. - /api/v1/amendments - GET - ::1[39m
2026-07-30 13:09:17:917 [31merror[39m: [31mJWT Verification Error: jwt expired[39m
2026-07-30 13:09:17:917 [31merror[39m: [31m401 - Invalid or expired security token. Please log in again. - /api/v1/roles/roles - GET - ::1[39m
2026-07-30 13:09:17:917 [31merror[39m: [31mJWT Verification Error: jwt expired[39m
2026-07-30 13:09:17:917 [31merror[39m: [31m401 - Invalid or expired security token. Please log in again. - /api/v1/roles/modules - GET - ::1[39m
2026-07-30 13:09:17:917 [31merror[39m: [31m403 - Access Denied: You do not have permission to perform this operation. - /api/v1/advocates - GET - ::1[39m
2026-07-30 13:09:17:917 [31merror[39m: [31m403 - Access Denied: You do not have permission to perform this operation. - /api/v1/payments - GET - ::1[39m
2026-07-30 13:09:17:917 [31merror[39m: [31m403 - Access Denied: You do not have permission to perform this operation. - /api/v1/opinions - GET - ::1[39m
2026-07-30 13:09:17:917 [31merror[39m: [31m403 - Access Denied: You do not have permission to perform this operation. - /api/v1/memberships - GET - ::1[39m
2026-07-30 13:09:17:917 [31merror[39m: [31mJWT Verification Error: jwt expired[39m
2026-07-30 13:09:17:917 [31merror[39m: [31m401 - Invalid or expired security token. Please log in again. - /api/v1/roles/roles - GET - ::1[39m
2026-07-30 13:09:18:918 [31merror[39m: [31m403 - Access Denied: You do not have permission to perform this operation. - /api/v1/advocates - GET - ::1[39m
2026-07-30 13:09:18:918 [31merror[39m: [31m403 - Access Denied: You do not have permission to perform this operation. - /api/v1/payments - GET - ::1[39m
2026-07-30 13:09:18:918 [31merror[39m: [31m403 - Access Denied: You do not have permission to perform this operation. - /api/v1/opinions - GET - ::1[39m
2026-07-30 13:09:18:918 [31merror[39m: [31m403 - Access Denied: You do not have permission to perform this operation. - /api/v1/memberships - GET - ::1[39m
2026-07-30 13:09:18:918 [31merror[39m: [31mJWT Verification Error: jwt expired[39m
2026-07-30 13:09:18:918 [31merror[39m: [31m401 - Invalid or expired security token. Please log in again. - /api/v1/roles/roles - GET - ::1[39m
2026-07-30 13:09:34:934 [31merror[39m: [31m403 - Access Denied: You do not have permission to perform this operation. - /api/v1/advocates - GET - ::1[39m
2026-07-30 13:09:34:934 [31merror[39m: [31m403 - Access Denied: You do not have permission to perform this operation. - /api/v1/advocates - GET - ::1[39m
2026-07-30 13:09:35:935 [31merror[39m: [31m403 - Access Denied: You do not have permission to perform this operation. - /api/v1/advocates - GET - ::1[39m
2026-07-30 13:09:35:935 [31merror[39m: [31m403 - Access Denied: You do not have permission to perform this operation. - /api/v1/payments - GET - ::1[39m
2026-07-30 13:09:35:935 [31merror[39m: [31m403 - Access Denied: You do not have permission to perform this operation. - /api/v1/opinions - GET - ::1[39m
2026-07-30 13:09:35:935 [31merror[39m: [31m403 - Access Denied: You do not have permission to perform this operation. - /api/v1/memberships - GET - ::1[39m
2026-07-30 13:09:35:935 [31merror[39m: [31m403 - Access Denied: You do not have permission to perform this operation. - /api/v1/advocates - GET - ::1[39m
2026-07-30 13:09:35:935 [31merror[39m: [31m403 - Access Denied: You do not have permission to perform this operation. - /api/v1/payments - GET - ::1[39m
2026-07-30 13:09:35:935 [31merror[39m: [31m403 - Access Denied: You do not have permission to perform this operation. - /api/v1/opinions - GET - ::1[39m
2026-07-30 13:09:35:935 [31merror[39m: [31m403 - Access Denied: You do not have permission to perform this operation. - /api/v1/memberships - GET - ::1[39m
2026-07-30 13:09:36:936 [31merror[39m: [31m403 - Access Denied: You do not have permission to perform this operation. - /api/v1/advocates - GET - ::1[39m
2026-07-30 13:09:37:937 [31merror[39m: [31m403 - Access Denied: You do not have permission to perform this operation. - /api/v1/advocates - GET - ::1[39m
2026-07-30 13:09:48:948 [31merror[39m: [31m403 - Access Denied: You do not have permission to perform this operation. - /api/v1/advocates - GET - ::1[39m
2026-07-30 13:09:48:948 [31merror[39m: [31m403 - Access Denied: You do not have permission to perform this operation. - /api/v1/payments - GET - ::1[39m
2026-07-30 13:09:48:948 [31merror[39m: [31m403 - Access Denied: You do not have permission to perform this operation. - /api/v1/opinions - GET - ::1[39m
2026-07-30 13:09:48:948 [31merror[39m: [31m403 - Access Denied: You do not have permission to perform this operation. - /api/v1/memberships - GET - ::1[39m
2026-07-30 13:09:48:948 [31merror[39m: [31m403 - Access Denied: You do not have permission to perform this operation. - /api/v1/advocates - GET - ::1[39m
2026-07-30 13:09:48:948 [31merror[39m: [31m403 - Access Denied: You do not have permission to perform this operation. - /api/v1/payments - GET - ::1[39m
2026-07-30 13:09:48:948 [31merror[39m: [31m403 - Access Denied: You do not have permission to perform this operation. - /api/v1/opinions - GET - ::1[39m
2026-07-30 13:09:48:948 [31merror[39m: [31m403 - Access Denied: You do not have permission to perform this operation. - /api/v1/memberships - GET - ::1[39m
2026-07-30 13:14:07:147 [32minfo[39m: [32mMySQL database connection established successfully.[39m
2026-07-30 13:14:07:147 [33mwarn[39m: [33mensureTasksTable / ensureAmendmentTable failed:[39m
2026-07-30 13:14:07:147 [32minfo[39m: [32mAlert scanner scheduled daily at midnight (0 0 * * *).[39m
2026-07-30 13:14:07:147 [32minfo[39m: [32mServer successfully started on port 5000 in development mode.[39m
2026-07-30 13:24:21:2421 [32minfo[39m: [32mMySQL database connection established successfully.[39m
2026-07-30 13:24:21:2421 [33mwarn[39m: [33mensureTasksTable / ensureAmendmentTable failed:[39m
2026-07-30 13:24:21:2421 [32minfo[39m: [32mAlert scanner scheduled daily at midnight (0 0 * * *).[39m
2026-07-30 13:24:21:2421 [32minfo[39m: [32mServer successfully started on port 5000 in development mode.[39m
2026-07-30 13:30:10:3010 [31merror[39m: [31mJWT Verification Error: jwt expired[39m
2026-07-30 13:30:10:3010 [31merror[39m: [31m401 - Invalid or expired security token. Please log in again. - /api/v1/documents/1/download - GET - ::1[39m
2026-07-30 14:15:09:159 [31merror[39m: [31mJWT Verification Error: jwt expired[39m
2026-07-30 14:15:09:159 [31merror[39m: [31m401 - Invalid or expired security token. Please log in again. - /api/v1/cases - GET - ::1[39m
2026-07-30 14:15:09:159 [31merror[39m: [31mJWT Verification Error: jwt expired[39m
2026-07-30 14:15:09:159 [31merror[39m: [31m401 - Invalid or expired security token. Please log in again. - /api/v1/clients - GET - ::1[39m
2026-07-30 14:15:09:159 [31merror[39m: [31mJWT Verification Error: jwt expired[39m
2026-07-30 14:15:09:159 [31merror[39m: [31m401 - Invalid or expired security token. Please log in again. - /api/v1/advocates - GET - ::1[39m
2026-07-30 14:15:09:159 [31merror[39m: [31mJWT Verification Error: jwt expired[39m
2026-07-30 14:15:09:159 [31merror[39m: [31m401 - Invalid or expired security token. Please log in again. - /api/v1/diary - GET - ::1[39m
2026-07-30 14:15:09:159 [31merror[39m: [31mJWT Verification Error: jwt expired[39m
2026-07-30 14:15:09:159 [31merror[39m: [31m401 - Invalid or expired security token. Please log in again. - /api/v1/daybook - GET - ::1[39m
2026-07-30 14:15:09:159 [31merror[39m: [31mJWT Verification Error: jwt expired[39m
2026-07-30 14:15:09:159 [31merror[39m: [31m401 - Invalid or expired security token. Please log in again. - /api/v1/payments - GET - ::1[39m
2026-07-30 14:15:09:159 [31merror[39m: [31mJWT Verification Error: jwt expired[39m
2026-07-30 14:15:09:159 [31merror[39m: [31m401 - Invalid or expired security token. Please log in again. - /api/v1/alerts - GET - ::1[39m
2026-07-30 14:15:09:159 [31merror[39m: [31mJWT Verification Error: jwt expired[39m
2026-07-30 14:15:09:159 [31merror[39m: [31m401 - Invalid or expired security token. Please log in again. - /api/v1/lands - GET - ::1[39m
2026-07-30 14:15:09:159 [31merror[39m: [31mJWT Verification Error: jwt expired[39m
2026-07-30 14:15:09:159 [31merror[39m: [31m401 - Invalid or expired security token. Please log in again. - /api/v1/advocates - GET - ::1[39m
2026-07-30 14:15:09:159 [31merror[39m: [31mJWT Verification Error: jwt expired[39m
2026-07-30 14:15:09:159 [31merror[39m: [31m401 - Invalid or expired security token. Please log in again. - /api/v1/cases - GET - ::1[39m
2026-07-30 14:15:09:159 [31merror[39m: [31mJWT Verification Error: jwt expired[39m
2026-07-30 14:15:09:159 [31merror[39m: [31m401 - Invalid or expired security token. Please log in again. - /api/v1/clients - GET - ::1[39m
2026-07-30 14:15:09:159 [31merror[39m: [31mJWT Verification Error: jwt expired[39m
2026-07-30 14:15:09:159 [31merror[39m: [31m401 - Invalid or expired security token. Please log in again. - /api/v1/diary - GET - ::1[39m
2026-07-30 14:15:09:159 [31merror[39m: [31mJWT Verification Error: jwt expired[39m
2026-07-30 14:15:09:159 [31merror[39m: [31m401 - Invalid or expired security token. Please log in again. - /api/v1/daybook - GET - ::1[39m
2026-07-30 14:15:09:159 [31merror[39m: [31mJWT Verification Error: jwt expired[39m
2026-07-30 14:15:09:159 [31merror[39m: [31m401 - Invalid or expired security token. Please log in again. - /api/v1/payments - GET - ::1[39m
2026-07-30 14:15:09:159 [31merror[39m: [31mJWT Verification Error: jwt expired[39m
2026-07-30 14:15:09:159 [31merror[39m: [31m401 - Invalid or expired security token. Please log in again. - /api/v1/alerts - GET - ::1[39m
2026-07-30 14:15:09:159 [31merror[39m: [31mJWT Verification Error: jwt expired[39m
2026-07-30 14:15:09:159 [31merror[39m: [31m401 - Invalid or expired security token. Please log in again. - /api/v1/lands - GET - ::1[39m
2026-07-30 14:15:09:159 [31merror[39m: [31mJWT Verification Error: jwt expired[39m
2026-07-30 14:15:09:159 [31merror[39m: [31m401 - Invalid or expired security token. Please log in again. - /api/v1/opinions - GET - ::1[39m
2026-07-30 14:15:09:159 [31merror[39m: [31mJWT Verification Error: jwt expired[39m
2026-07-30 14:15:09:159 [31merror[39m: [31m401 - Invalid or expired security token. Please log in again. - /api/v1/memberships - GET - ::1[39m
2026-07-30 14:15:09:159 [31merror[39m: [31mJWT Verification Error: jwt expired[39m
2026-07-30 14:15:09:159 [31merror[39m: [31m401 - Invalid or expired security token. Please log in again. - /api/v1/acts - GET - ::1[39m
2026-07-30 14:15:09:159 [31merror[39m: [31mJWT Verification Error: jwt expired[39m
2026-07-30 14:15:09:159 [31merror[39m: [31m401 - Invalid or expired security token. Please log in again. - /api/v1/amendments - GET - ::1[39m
2026-07-30 14:15:09:159 [31merror[39m: [31mJWT Verification Error: jwt expired[39m
2026-07-30 14:15:09:159 [31merror[39m: [31m401 - Invalid or expired security token. Please log in again. - /api/v1/roles/roles - GET - ::1[39m
2026-07-30 14:15:09:159 [31merror[39m: [31mJWT Verification Error: jwt expired[39m
2026-07-30 14:15:09:159 [31merror[39m: [31m401 - Invalid or expired security token. Please log in again. - /api/v1/roles/modules - GET - ::1[39m
2026-07-30 14:15:09:159 [31merror[39m: [31mJWT Verification Error: jwt expired[39m
2026-07-30 14:15:09:159 [31merror[39m: [31m401 - Invalid or expired security token. Please log in again. - /api/v1/dashboard - GET - ::1[39m
2026-07-30 14:15:09:159 [31merror[39m: [31mJWT Verification Error: jwt expired[39m
2026-07-30 14:15:09:159 [31merror[39m: [31m401 - Invalid or expired security token. Please log in again. - /api/v1/opinions - GET - ::1[39m
2026-07-30 14:15:09:159 [31merror[39m: [31mJWT Verification Error: jwt expired[39m
2026-07-30 14:15:09:159 [31merror[39m: [31m401 - Invalid or expired security token. Please log in again. - /api/v1/memberships - GET - ::1[39m
2026-07-30 14:15:09:159 [31merror[39m: [31mJWT Verification Error: jwt expired[39m
2026-07-30 14:15:09:159 [31merror[39m: [31m401 - Invalid or expired security token. Please log in again. - /api/v1/acts - GET - ::1[39m
2026-07-30 14:15:09:159 [31merror[39m: [31mJWT Verification Error: jwt expired[39m
2026-07-30 14:15:09:159 [31merror[39m: [31m401 - Invalid or expired security token. Please log in again. - /api/v1/amendments - GET - ::1[39m
2026-07-30 14:15:09:159 [31merror[39m: [31mJWT Verification Error: jwt expired[39m
2026-07-30 14:15:09:159 [31merror[39m: [31m401 - Invalid or expired security token. Please log in again. - /api/v1/roles/roles - GET - ::1[39m
2026-07-30 14:15:09:159 [31merror[39m: [31mJWT Verification Error: jwt expired[39m
2026-07-30 14:15:09:159 [31merror[39m: [31m401 - Invalid or expired security token. Please log in again. - /api/v1/roles/modules - GET - ::1[39m
2026-07-30 14:15:09:159 [31merror[39m: [31mJWT Verification Error: jwt expired[39m
2026-07-30 14:15:09:159 [31merror[39m: [31m401 - Invalid or expired security token. Please log in again. - /api/v1/dashboard - GET - ::1[39m
2026-07-30 14:15:09:159 [31merror[39m: [31mJWT Verification Error: jwt expired[39m
2026-07-30 14:15:09:159 [31merror[39m: [31m401 - Invalid or expired security token. Please log in again. - /api/v1/roles/roles - GET - ::1[39m
2026-07-30 14:15:09:159 [31merror[39m: [31mJWT Verification Error: jwt expired[39m
2026-07-30 14:15:09:159 [31merror[39m: [31m401 - Invalid or expired security token. Please log in again. - /api/v1/roles/roles - GET - ::1[39m
2026-07-30 14:15:09:159 [31merror[39m: [31m403 - Access Denied: You do not have permission to perform this operation. - /api/v1/advocates - GET - ::1[39m
2026-07-30 14:15:10:1510 [31merror[39m: [31m403 - Access Denied: You do not have permission to perform this operation. - /api/v1/payments - GET - ::1[39m
2026-07-30 14:15:10:1510 [31merror[39m: [31m403 - Access Denied: You do not have permission to perform this operation. - /api/v1/advocates - GET - ::1[39m
2026-07-30 14:15:10:1510 [31merror[39m: [31m403 - Access Denied: You do not have permission to perform this operation. - /api/v1/payments - GET - ::1[39m
2026-07-30 14:15:10:1510 [31merror[39m: [31m403 - Access Denied: You do not have permission to perform this operation. - /api/v1/opinions - GET - ::1[39m
2026-07-30 14:15:10:1510 [31merror[39m: [31m403 - Access Denied: You do not have permission to perform this operation. - /api/v1/memberships - GET - ::1[39m
2026-07-30 14:15:10:1510 [31merror[39m: [31m403 - Access Denied: You do not have permission to perform this operation. - /api/v1/memberships - GET - ::1[39m
2026-07-30 14:15:10:1510 [31merror[39m: [31m403 - Access Denied: You do not have permission to perform this operation. - /api/v1/opinions - GET - ::1[39m
2026-07-30 14:17:10:1710 [31merror[39m: [31mJWT Verification Error: jwt expired[39m
2026-07-30 14:17:10:1710 [31merror[39m: [31m401 - Invalid or expired security token. Please log in again. - /api/v1/acts?includeDeleted=false - GET - ::1[39m
2026-07-30 14:17:10:1710 [31merror[39m: [31mJWT Verification Error: jwt expired[39m
2026-07-30 14:17:10:1710 [31merror[39m: [31m401 - Invalid or expired security token. Please log in again. - /api/v1/cases - GET - ::1[39m
2026-07-30 14:17:10:1710 [31merror[39m: [31mJWT Verification Error: jwt expired[39m
2026-07-30 14:17:10:1710 [31merror[39m: [31m401 - Invalid or expired security token. Please log in again. - /api/v1/clients - GET - ::1[39m
2026-07-30 14:17:10:1710 [31merror[39m: [31mJWT Verification Error: jwt expired[39m
2026-07-30 14:17:10:1710 [31merror[39m: [31m401 - Invalid or expired security token. Please log in again. - /api/v1/advocates - GET - ::1[39m
2026-07-30 14:17:10:1710 [31merror[39m: [31mJWT Verification Error: jwt expired[39m
2026-07-30 14:17:10:1710 [31merror[39m: [31m401 - Invalid or expired security token. Please log in again. - /api/v1/diary - GET - ::1[39m
2026-07-30 14:17:10:1710 [31merror[39m: [31mJWT Verification Error: jwt expired[39m
2026-07-30 14:17:10:1710 [31merror[39m: [31m401 - Invalid or expired security token. Please log in again. - /api/v1/daybook - GET - ::1[39m
2026-07-30 14:17:10:1710 [31merror[39m: [31mJWT Verification Error: jwt expired[39m
2026-07-30 14:17:10:1710 [31merror[39m: [31m401 - Invalid or expired security token. Please log in again. - /api/v1/payments - GET - ::1[39m
2026-07-30 14:17:10:1710 [31merror[39m: [31mJWT Verification Error: jwt expired[39m
2026-07-30 14:17:10:1710 [31merror[39m: [31m401 - Invalid or expired security token. Please log in again. - /api/v1/alerts - GET - ::1[39m
2026-07-30 14:17:10:1710 [31merror[39m: [31mJWT Verification Error: jwt expired[39m
2026-07-30 14:17:10:1710 [31merror[39m: [31m401 - Invalid or expired security token. Please log in again. - /api/v1/lands - GET - ::1[39m
2026-07-30 14:17:10:1710 [31merror[39m: [31mJWT Verification Error: jwt expired[39m
2026-07-30 14:17:10:1710 [31merror[39m: [31m401 - Invalid or expired security token. Please log in again. - /api/v1/opinions - GET - ::1[39m
2026-07-30 14:17:10:1710 [31merror[39m: [31mJWT Verification Error: jwt expired[39m
2026-07-30 14:17:10:1710 [31merror[39m: [31m401 - Invalid or expired security token. Please log in again. - /api/v1/memberships - GET - ::1[39m
2026-07-30 14:17:10:1710 [31merror[39m: [31mJWT Verification Error: jwt expired[39m
2026-07-30 14:17:10:1710 [31merror[39m: [31m401 - Invalid or expired security token. Please log in again. - /api/v1/acts - GET - ::1[39m
2026-07-30 14:17:10:1710 [31merror[39m: [31mJWT Verification Error: jwt expired[39m
2026-07-30 14:17:10:1710 [31merror[39m: [31m401 - Invalid or expired security token. Please log in again. - /api/v1/amendments - GET - ::1[39m
2026-07-30 14:17:10:1710 [31merror[39m: [31mJWT Verification Error: jwt expired[39m
2026-07-30 14:17:10:1710 [31merror[39m: [31m401 - Invalid or expired security token. Please log in again. - /api/v1/roles/roles - GET - ::1[39m
2026-07-30 14:17:10:1710 [31merror[39m: [31mJWT Verification Error: jwt expired[39m
2026-07-30 14:17:10:1710 [31merror[39m: [31m401 - Invalid or expired security token. Please log in again. - /api/v1/roles/modules - GET - ::1[39m
2026-07-30 14:17:10:1710 [31merror[39m: [31mJWT Verification Error: jwt expired[39m
2026-07-30 14:17:10:1710 [31merror[39m: [31m401 - Invalid or expired security token. Please log in again. - /api/v1/roles/roles - GET - ::1[39m
2026-07-30 14:17:10:1710 [31merror[39m: [31mJWT Verification Error: jwt expired[39m
2026-07-30 14:17:10:1710 [31merror[39m: [31m401 - Invalid or expired security token. Please log in again. - /api/v1/cases - GET - ::1[39m
2026-07-30 14:17:10:1710 [31merror[39m: [31mJWT Verification Error: jwt expired[39m
2026-07-30 14:17:10:1710 [31merror[39m: [31m401 - Invalid or expired security token. Please log in again. - /api/v1/acts?includeDeleted=false - GET - ::1[39m
2026-07-30 14:17:10:1710 [31merror[39m: [31mJWT Verification Error: jwt expired[39m
2026-07-30 14:17:10:1710 [31merror[39m: [31m401 - Invalid or expired security token. Please log in again. - /api/v1/clients - GET - ::1[39m
2026-07-30 14:17:10:1710 [31merror[39m: [31mJWT Verification Error: jwt expired[39m
2026-07-30 14:17:10:1710 [31merror[39m: [31m401 - Invalid or expired security token. Please log in again. - /api/v1/advocates - GET - ::1[39m
2026-07-30 14:17:10:1710 [31merror[39m: [31mJWT Verification Error: jwt expired[39m
2026-07-30 14:17:10:1710 [31merror[39m: [31m401 - Invalid or expired security token. Please log in again. - /api/v1/diary - GET - ::1[39m
2026-07-30 14:17:10:1710 [31merror[39m: [31mJWT Verification Error: jwt expired[39m
2026-07-30 14:17:10:1710 [31merror[39m: [31m401 - Invalid or expired security token. Please log in again. - /api/v1/daybook - GET - ::1[39m
2026-07-30 14:17:10:1710 [31merror[39m: [31mJWT Verification Error: jwt expired[39m
2026-07-30 14:17:10:1710 [31merror[39m: [31m401 - Invalid or expired security token. Please log in again. - /api/v1/payments - GET - ::1[39m
2026-07-30 14:17:10:1710 [31merror[39m: [31mJWT Verification Error: jwt expired[39m
2026-07-30 14:17:10:1710 [31merror[39m: [31m401 - Invalid or expired security token. Please log in again. - /api/v1/alerts - GET - ::1[39m
2026-07-30 14:17:10:1710 [31merror[39m: [31mJWT Verification Error: jwt expired[39m
2026-07-30 14:17:10:1710 [31merror[39m: [31m401 - Invalid or expired security token. Please log in again. - /api/v1/lands - GET - ::1[39m
2026-07-30 14:17:10:1710 [31merror[39m: [31mJWT Verification Error: jwt expired[39m
2026-07-30 14:17:10:1710 [31merror[39m: [31m401 - Invalid or expired security token. Please log in again. - /api/v1/opinions - GET - ::1[39m
2026-07-30 14:17:10:1710 [31merror[39m: [31mJWT Verification Error: jwt expired[39m
2026-07-30 14:17:10:1710 [31merror[39m: [31m401 - Invalid or expired security token. Please log in again. - /api/v1/memberships - GET - ::1[39m
2026-07-30 14:17:10:1710 [31merror[39m: [31mJWT Verification Error: jwt expired[39m
2026-07-30 14:17:10:1710 [31merror[39m: [31m401 - Invalid or expired security token. Please log in again. - /api/v1/acts - GET - ::1[39m
2026-07-30 14:17:10:1710 [31merror[39m: [31mJWT Verification Error: jwt expired[39m
2026-07-30 14:17:10:1710 [31merror[39m: [31m401 - Invalid or expired security token. Please log in again. - /api/v1/amendments - GET - ::1[39m
2026-07-30 14:17:10:1710 [31merror[39m: [31mJWT Verification Error: jwt expired[39m
2026-07-30 14:17:10:1710 [31merror[39m: [31m401 - Invalid or expired security token. Please log in again. - /api/v1/roles/roles - GET - ::1[39m
2026-07-30 14:17:10:1710 [31merror[39m: [31mJWT Verification Error: jwt expired[39m
2026-07-30 14:17:10:1710 [31merror[39m: [31m401 - Invalid or expired security token. Please log in again. - /api/v1/roles/modules - GET - ::1[39m
2026-07-30 14:17:10:1710 [31merror[39m: [31mJWT Verification Error: jwt expired[39m
2026-07-30 14:17:10:1710 [31merror[39m: [31m401 - Invalid or expired security token. Please log in again. - /api/v1/roles/roles - GET - ::1[39m
2026-07-30 14:33:12:3312 [31merror[39m: [31mJWT Verification Error: jwt expired[39m
2026-07-30 14:33:12:3312 [31merror[39m: [31m401 - Invalid or expired security token. Please log in again. - /api/v1/documents - GET - ::1[39m
2026-07-30 14:33:12:3312 [31merror[39m: [31mJWT Verification Error: jwt expired[39m
2026-07-30 14:33:12:3312 [31merror[39m: [31m401 - Invalid or expired security token. Please log in again. - /api/v1/cases - GET - ::1[39m
2026-07-30 14:33:12:3312 [31merror[39m: [31mJWT Verification Error: jwt expired[39m
2026-07-30 14:33:12:3312 [31merror[39m: [31m401 - Invalid or expired security token. Please log in again. - /api/v1/masters/document-categories?activeOnly=true - GET - ::1[39m
2026-07-30 14:33:12:3312 [31merror[39m: [31mJWT Verification Error: jwt expired[39m
2026-07-30 14:33:12:3312 [31merror[39m: [31m401 - Invalid or expired security token. Please log in again. - /api/v1/documents - GET - ::1[39m
2026-07-30 14:33:12:3312 [31merror[39m: [31mJWT Verification Error: jwt expired[39m
2026-07-30 14:33:12:3312 [31merror[39m: [31m401 - Invalid or expired security token. Please log in again. - /api/v1/cases - GET - ::1[39m
2026-07-30 14:33:12:3312 [31merror[39m: [31mJWT Verification Error: jwt expired[39m
2026-07-30 14:33:12:3312 [31merror[39m: [31m401 - Invalid or expired security token. Please log in again. - /api/v1/masters/document-categories?activeOnly=true - GET - ::1[39m
2026-07-30 14:37:42:3742 [32minfo[39m: [32mMySQL database connection established successfully.[39m
2026-07-30 14:37:42:3742 [33mwarn[39m: [33mensureTasksTable / ensureAmendmentTable failed:[39m
2026-07-30 14:37:42:3742 [32minfo[39m: [32mAlert scanner scheduled daily at midnight (0 0 * * *).[39m
2026-07-30 14:37:42:3742 [32minfo[39m: [32mServer successfully started on port 5000 in development mode.[39m
2026-07-30 14:37:43:3743 [32minfo[39m: [32mMySQL database connection established successfully.[39m
2026-07-30 14:37:43:3743 [33mwarn[39m: [33mensureTasksTable / ensureAmendmentTable failed:[39m
2026-07-30 14:37:43:3743 [32minfo[39m: [32mAlert scanner scheduled daily at midnight (0 0 * * *).[39m
2026-07-30 14:37:43:3743 [32minfo[39m: [32mServer successfully started on port 5000 in development mode.[39m
2026-07-30 14:44:05:445 [32minfo[39m: [32mMySQL database connection established successfully.[39m
2026-07-30 14:44:06:446 [33mwarn[39m: [33mensureTasksTable / ensureAmendmentTable failed:[39m
2026-07-30 14:44:06:446 [32minfo[39m: [32mAlert scanner scheduled daily at midnight (0 0 * * *).[39m
2026-07-30 14:44:06:446 [32minfo[39m: [32mServer successfully started on port 5000 in development mode.[39m
2026-07-30 14:44:08:448 [31merror[39m: [31mJWT Verification Error: jwt expired[39m
2026-07-30 14:44:08:448 [31merror[39m: [31m401 - Invalid or expired security token. Please log in again. - /api/v1/dashboard - GET - ::1[39m
2026-07-30 14:44:08:448 [31merror[39m: [31mJWT Verification Error: jwt expired[39m
2026-07-30 14:44:08:448 [31merror[39m: [31m401 - Invalid or expired security token. Please log in again. - /api/v1/cases - GET - ::1[39m
2026-07-30 14:44:08:448 [31merror[39m: [31mJWT Verification Error: jwt expired[39m
2026-07-30 14:44:08:448 [31merror[39m: [31m401 - Invalid or expired security token. Please log in again. - /api/v1/clients - GET - ::1[39m
2026-07-30 14:44:08:448 [31merror[39m: [31mJWT Verification Error: jwt expired[39m
2026-07-30 14:44:08:448 [31merror[39m: [31m401 - Invalid or expired security token. Please log in again. - /api/v1/diary - GET - ::1[39m
2026-07-30 14:44:08:448 [31merror[39m: [31mJWT Verification Error: jwt expired[39m
2026-07-30 14:44:08:448 [31merror[39m: [31m401 - Invalid or expired security token. Please log in again. - /api/v1/advocates - GET - ::1[39m
2026-07-30 14:44:08:448 [31merror[39m: [31mJWT Verification Error: jwt expired[39m
2026-07-30 14:44:08:448 [31merror[39m: [31m401 - Invalid or expired security token. Please log in again. - /api/v1/daybook - GET - ::1[39m
2026-07-30 14:44:08:448 [31merror[39m: [31mJWT Verification Error: jwt expired[39m
2026-07-30 14:44:08:448 [31merror[39m: [31m401 - Invalid or expired security token. Please log in again. - /api/v1/payments - GET - ::1[39m
2026-07-30 14:44:08:448 [31merror[39m: [31mJWT Verification Error: jwt expired[39m
2026-07-30 14:44:08:448 [31merror[39m: [31m401 - Invalid or expired security token. Please log in again. - /api/v1/dashboard - GET - ::1[39m
2026-07-30 14:44:08:448 [31merror[39m: [31mJWT Verification Error: jwt expired[39m
2026-07-30 14:44:08:448 [31merror[39m: [31m401 - Invalid or expired security token. Please log in again. - /api/v1/cases - GET - ::1[39m
2026-07-30 14:44:08:448 [31merror[39m: [31mJWT Verification Error: jwt expired[39m
2026-07-30 14:44:08:448 [31merror[39m: [31m401 - Invalid or expired security token. Please log in again. - /api/v1/clients - GET - ::1[39m
2026-07-30 14:44:08:448 [31merror[39m: [31mJWT Verification Error: jwt expired[39m
2026-07-30 14:44:08:448 [31merror[39m: [31m401 - Invalid or expired security token. Please log in again. - /api/v1/advocates - GET - ::1[39m
2026-07-30 14:44:08:448 [31merror[39m: [31mJWT Verification Error: jwt expired[39m
2026-07-30 14:44:08:448 [31merror[39m: [31m401 - Invalid or expired security token. Please log in again. - /api/v1/payments - GET - ::1[39m
2026-07-30 14:44:08:448 [31merror[39m: [31mJWT Verification Error: jwt expired[39m
2026-07-30 14:44:08:448 [31merror[39m: [31m401 - Invalid or expired security token. Please log in again. - /api/v1/diary - GET - ::1[39m
2026-07-30 14:44:08:448 [31merror[39m: [31mJWT Verification Error: jwt expired[39m
2026-07-30 14:44:08:448 [31merror[39m: [31m401 - Invalid or expired security token. Please log in again. - /api/v1/daybook - GET - ::1[39m
2026-07-30 14:44:08:448 [31merror[39m: [31mJWT Verification Error: jwt expired[39m
2026-07-30 14:44:08:448 [31merror[39m: [31m401 - Invalid or expired security token. Please log in again. - /api/v1/alerts - GET - ::1[39m
2026-07-30 14:44:08:448 [31merror[39m: [31mJWT Verification Error: jwt expired[39m
2026-07-30 14:44:08:448 [31merror[39m: [31m401 - Invalid or expired security token. Please log in again. - /api/v1/lands - GET - ::1[39m
2026-07-30 14:44:08:448 [31merror[39m: [31mJWT Verification Error: jwt expired[39m
2026-07-30 14:44:08:448 [31merror[39m: [31m401 - Invalid or expired security token. Please log in again. - /api/v1/opinions - GET - ::1[39m
2026-07-30 14:44:08:448 [31merror[39m: [31mJWT Verification Error: jwt expired[39m
2026-07-30 14:44:08:448 [31merror[39m: [31m401 - Invalid or expired security token. Please log in again. - /api/v1/memberships - GET - ::1[39m
2026-07-30 14:44:08:448 [31merror[39m: [31mJWT Verification Error: jwt expired[39m
2026-07-30 14:44:08:448 [31merror[39m: [31m401 - Invalid or expired security token. Please log in again. - /api/v1/acts - GET - ::1[39m
2026-07-30 14:44:08:448 [31merror[39m: [31mJWT Verification Error: jwt expired[39m
2026-07-30 14:44:08:448 [31merror[39m: [31m401 - Invalid or expired security token. Please log in again. - /api/v1/amendments - GET - ::1[39m
2026-07-30 14:44:08:448 [31merror[39m: [31mJWT Verification Error: jwt expired[39m
2026-07-30 14:44:08:448 [31merror[39m: [31m401 - Invalid or expired security token. Please log in again. - /api/v1/roles/roles - GET - ::1[39m
2026-07-30 14:44:08:448 [31merror[39m: [31mJWT Verification Error: jwt expired[39m
2026-07-30 14:44:08:448 [31merror[39m: [31m401 - Invalid or expired security token. Please log in again. - /api/v1/roles/modules - GET - ::1[39m
2026-07-30 14:44:08:448 [31merror[39m: [31mJWT Verification Error: jwt expired[39m
2026-07-30 14:44:08:448 [31merror[39m: [31m401 - Invalid or expired security token. Please log in again. - /api/v1/alerts - GET - ::1[39m
2026-07-30 14:44:08:448 [31merror[39m: [31mJWT Verification Error: jwt expired[39m
2026-07-30 14:44:08:448 [31merror[39m: [31m401 - Invalid or expired security token. Please log in again. - /api/v1/lands - GET - ::1[39m
2026-07-30 14:44:08:448 [31merror[39m: [31mJWT Verification Error: jwt expired[39m
2026-07-30 14:44:08:448 [31merror[39m: [31m401 - Invalid or expired security token. Please log in again. - /api/v1/opinions - GET - ::1[39m
2026-07-30 14:44:08:448 [31merror[39m: [31mJWT Verification Error: jwt expired[39m
2026-07-30 14:44:08:448 [31merror[39m: [31m401 - Invalid or expired security token. Please log in again. - /api/v1/memberships - GET - ::1[39m
2026-07-30 14:44:08:448 [31merror[39m: [31mJWT Verification Error: jwt expired[39m
2026-07-30 14:44:08:448 [31merror[39m: [31m401 - Invalid or expired security token. Please log in again. - /api/v1/acts - GET - ::1[39m
2026-07-30 14:44:08:448 [31merror[39m: [31mJWT Verification Error: jwt expired[39m
2026-07-30 14:44:08:448 [31merror[39m: [31m401 - Invalid or expired security token. Please log in again. - /api/v1/roles/roles - GET - ::1[39m
2026-07-30 14:44:08:448 [31merror[39m: [31mJWT Verification Error: jwt expired[39m
2026-07-30 14:44:08:448 [31merror[39m: [31m401 - Invalid or expired security token. Please log in again. - /api/v1/amendments - GET - ::1[39m
2026-07-30 14:44:08:448 [31merror[39m: [31mJWT Verification Error: jwt expired[39m
2026-07-30 14:44:08:448 [31merror[39m: [31m401 - Invalid or expired security token. Please log in again. - /api/v1/roles/modules - GET - ::1[39m
2026-07-30 14:44:08:448 [31merror[39m: [31mJWT Verification Error: jwt expired[39m
2026-07-30 14:44:08:448 [31merror[39m: [31m401 - Invalid or expired security token. Please log in again. - /api/v1/roles/roles - GET - ::1[39m
2026-07-30 14:44:08:448 [31merror[39m: [31m403 - Access Denied: You do not have permission to perform this operation. - /api/v1/advocates - GET - ::1[39m
2026-07-30 14:44:09:449 [31merror[39m: [31m403 - Access Denied: You do not have permission to perform this operation. - /api/v1/payments - GET - ::1[39m
2026-07-30 14:44:09:449 [31merror[39m: [31m403 - Access Denied: You do not have permission to perform this operation. - /api/v1/opinions - GET - ::1[39m
2026-07-30 14:44:09:449 [31merror[39m: [31m403 - Access Denied: You do not have permission to perform this operation. - /api/v1/memberships - GET - ::1[39m
2026-07-30 14:44:09:449 [31merror[39m: [31mJWT Verification Error: jwt expired[39m
2026-07-30 14:44:09:449 [31merror[39m: [31m401 - Invalid or expired security token. Please log in again. - /api/v1/roles/roles - GET - ::1[39m
2026-07-30 14:44:09:449 [31merror[39m: [31m403 - Access Denied: You do not have permission to perform this operation. - /api/v1/advocates - GET - ::1[39m
2026-07-30 14:44:09:449 [31merror[39m: [31m403 - Access Denied: You do not have permission to perform this operation. - /api/v1/payments - GET - ::1[39m
2026-07-30 14:44:09:449 [31merror[39m: [31m403 - Access Denied: You do not have permission to perform this operation. - /api/v1/opinions - GET - ::1[39m
2026-07-30 14:44:09:449 [31merror[39m: [31m403 - Access Denied: You do not have permission to perform this operation. - /api/v1/memberships - GET - ::1[39m
2026-07-30 14:45:53:4553 [32minfo[39m: [32mMySQL database connection established successfully.[39m
2026-07-30 14:45:53:4553 [33mwarn[39m: [33mensureTasksTable / ensureAmendmentTable failed:[39m
2026-07-30 14:45:53:4553 [32minfo[39m: [32mAlert scanner scheduled daily at midnight (0 0 * * *).[39m
2026-07-30 14:45:53:4553 [32minfo[39m: [32mServer successfully started on port 5000 in development mode.[39m
2026-07-30 14:45:57:4557 [32minfo[39m: [32mMySQL database connection established successfully.[39m
2026-07-30 14:45:57:4557 [33mwarn[39m: [33mensureTasksTable / ensureAmendmentTable failed:[39m
2026-07-30 14:45:57:4557 [32minfo[39m: [32mAlert scanner scheduled daily at midnight (0 0 * * *).[39m
2026-07-30 14:45:57:4557 [32minfo[39m: [32mServer successfully started on port 5000 in development mode.[39m
2026-07-30 14:48:57:4857 [32minfo[39m: [32mMySQL database connection established successfully.[39m
2026-07-30 14:48:57:4857 [33mwarn[39m: [33mensureTasksTable / ensureAmendmentTable failed:[39m
2026-07-30 14:48:58:4858 [32minfo[39m: [32mAlert scanner scheduled daily at midnight (0 0 * * *).[39m
2026-07-30 14:48:58:4858 [32minfo[39m: [32mServer successfully started on port 5000 in development mode.[39m
2026-07-30 14:49:05:495 [32minfo[39m: [32mMySQL database connection established successfully.[39m
2026-07-30 14:49:05:495 [33mwarn[39m: [33mensureTasksTable / ensureAmendmentTable failed:[39m
2026-07-30 14:49:05:495 [32minfo[39m: [32mAlert scanner scheduled daily at midnight (0 0 * * *).[39m
2026-07-30 14:49:05:495 [32minfo[39m: [32mServer successfully started on port 5000 in development mode.[39m
2026-07-30 14:51:42:5142 [32minfo[39m: [32mMySQL database connection established successfully.[39m
2026-07-30 14:51:42:5142 [33mwarn[39m: [33mensureTasksTable / ensureAmendmentTable failed:[39m
2026-07-30 14:51:42:5142 [32minfo[39m: [32mAlert scanner scheduled daily at midnight (0 0 * * *).[39m
2026-07-30 14:51:42:5142 [32minfo[39m: [32mServer successfully started on port 5000 in development mode.[39m
2026-07-30 14:51:48:5148 [32minfo[39m: [32mMySQL database connection established successfully.[39m
2026-07-30 14:51:48:5148 [33mwarn[39m: [33mensureTasksTable / ensureAmendmentTable failed:[39m
2026-07-30 14:51:48:5148 [32minfo[39m: [32mAlert scanner scheduled daily at midnight (0 0 * * *).[39m
2026-07-30 14:51:48:5148 [32minfo[39m: [32mServer successfully started on port 5000 in development mode.[39m
2026-07-30 14:55:03:553 [31merror[39m: [31mJWT Verification Error: jwt expired[39m
2026-07-30 14:55:03:553 [31merror[39m: [31m401 - Invalid or expired security token. Please log in again. - /api/v1/dashboard - GET - ::1[39m
2026-07-30 14:55:03:553 [31merror[39m: [31mJWT Verification Error: jwt expired[39m
2026-07-30 14:55:03:553 [31merror[39m: [31m401 - Invalid or expired security token. Please log in again. - /api/v1/payments - GET - ::1[39m
2026-07-30 14:55:03:553 [31merror[39m: [31mJWT Verification Error: jwt expired[39m
2026-07-30 14:55:03:553 [31merror[39m: [31m401 - Invalid or expired security token. Please log in again. - /api/v1/cases - GET - ::1[39m
2026-07-30 14:55:03:553 [31merror[39m: [31mJWT Verification Error: jwt expired[39m
2026-07-30 14:55:03:553 [31merror[39m: [31m401 - Invalid or expired security token. Please log in again. - /api/v1/clients - GET - ::1[39m
2026-07-30 14:55:03:553 [31merror[39m: [31mJWT Verification Error: jwt expired[39m
2026-07-30 14:55:03:553 [31merror[39m: [31m401 - Invalid or expired security token. Please log in again. - /api/v1/advocates - GET - ::1[39m
2026-07-30 14:55:03:553 [31merror[39m: [31mJWT Verification Error: jwt expired[39m
2026-07-30 14:55:03:553 [31merror[39m: [31m401 - Invalid or expired security token. Please log in again. - /api/v1/diary - GET - ::1[39m
2026-07-30 14:55:03:553 [31merror[39m: [31mJWT Verification Error: jwt expired[39m
2026-07-30 14:55:03:553 [31merror[39m: [31m401 - Invalid or expired security token. Please log in again. - /api/v1/daybook - GET - ::1[39m
2026-07-30 14:55:03:553 [31merror[39m: [31mJWT Verification Error: jwt expired[39m
2026-07-30 14:55:03:553 [31merror[39m: [31m401 - Invalid or expired security token. Please log in again. - /api/v1/alerts - GET - ::1[39m
2026-07-30 14:55:03:553 [31merror[39m: [31mJWT Verification Error: jwt expired[39m
2026-07-30 14:55:03:553 [31merror[39m: [31m401 - Invalid or expired security token. Please log in again. - /api/v1/lands - GET - ::1[39m
2026-07-30 14:55:03:553 [31merror[39m: [31mJWT Verification Error: jwt expired[39m
2026-07-30 14:55:03:553 [31merror[39m: [31m401 - Invalid or expired security token. Please log in again. - /api/v1/opinions - GET - ::1[39m
2026-07-30 14:55:03:553 [31merror[39m: [31mJWT Verification Error: jwt expired[39m
2026-07-30 14:55:03:553 [31merror[39m: [31m401 - Invalid or expired security token. Please log in again. - /api/v1/memberships - GET - ::1[39m
2026-07-30 14:55:03:553 [31merror[39m: [31mJWT Verification Error: jwt expired[39m
2026-07-30 14:55:03:553 [31merror[39m: [31m401 - Invalid or expired security token. Please log in again. - /api/v1/acts - GET - ::1[39m
2026-07-30 14:55:03:553 [31merror[39m: [31mJWT Verification Error: jwt expired[39m
2026-07-30 14:55:03:553 [31merror[39m: [31m401 - Invalid or expired security token. Please log in again. - /api/v1/amendments - GET - ::1[39m
2026-07-30 14:55:03:553 [31merror[39m: [31mJWT Verification Error: jwt expired[39m
2026-07-30 14:55:03:553 [31merror[39m: [31m401 - Invalid or expired security token. Please log in again. - /api/v1/roles/roles - GET - ::1[39m
2026-07-30 14:55:03:553 [31merror[39m: [31mJWT Verification Error: jwt expired[39m
2026-07-30 14:55:03:553 [31merror[39m: [31m401 - Invalid or expired security token. Please log in again. - /api/v1/roles/modules - GET - ::1[39m
2026-07-30 14:55:03:553 [31merror[39m: [31mJWT Verification Error: jwt expired[39m
2026-07-30 14:55:03:553 [31merror[39m: [31m401 - Invalid or expired security token. Please log in again. - /api/v1/roles/roles - GET - ::1[39m
2026-07-30 14:55:03:553 [31merror[39m: [31mJWT Verification Error: jwt expired[39m
2026-07-30 14:55:03:553 [31merror[39m: [31m401 - Invalid or expired security token. Please log in again. - /api/v1/dashboard - GET - ::1[39m
2026-07-30 14:55:03:553 [31merror[39m: [31mJWT Verification Error: jwt expired[39m
2026-07-30 14:55:03:553 [31merror[39m: [31m401 - Invalid or expired security token. Please log in again. - /api/v1/cases - GET - ::1[39m
2026-07-30 14:55:03:553 [31merror[39m: [31mJWT Verification Error: jwt expired[39m
2026-07-30 14:55:03:553 [31merror[39m: [31m401 - Invalid or expired security token. Please log in again. - /api/v1/clients - GET - ::1[39m
2026-07-30 14:55:03:553 [31merror[39m: [31mJWT Verification Error: jwt expired[39m
2026-07-30 14:55:03:553 [31merror[39m: [31m401 - Invalid or expired security token. Please log in again. - /api/v1/advocates - GET - ::1[39m
2026-07-30 14:55:03:553 [31merror[39m: [31mJWT Verification Error: jwt expired[39m
2026-07-30 14:55:03:553 [31merror[39m: [31m401 - Invalid or expired security token. Please log in again. - /api/v1/diary - GET - ::1[39m
2026-07-30 14:55:03:553 [31merror[39m: [31mJWT Verification Error: jwt expired[39m
2026-07-30 14:55:03:553 [31merror[39m: [31m401 - Invalid or expired security token. Please log in again. - /api/v1/daybook - GET - ::1[39m
2026-07-30 14:55:03:553 [31merror[39m: [31mJWT Verification Error: jwt expired[39m
2026-07-30 14:55:03:553 [31merror[39m: [31m401 - Invalid or expired security token. Please log in again. - /api/v1/payments - GET - ::1[39m
2026-07-30 14:55:03:553 [31merror[39m: [31mJWT Verification Error: jwt expired[39m
2026-07-30 14:55:03:553 [31merror[39m: [31m401 - Invalid or expired security token. Please log in again. - /api/v1/alerts - GET - ::1[39m
2026-07-30 14:55:03:553 [31merror[39m: [31mJWT Verification Error: jwt expired[39m
2026-07-30 14:55:03:553 [31merror[39m: [31m401 - Invalid or expired security token. Please log in again. - /api/v1/lands - GET - ::1[39m
2026-07-30 14:55:03:553 [31merror[39m: [31mJWT Verification Error: jwt expired[39m
2026-07-30 14:55:03:553 [31merror[39m: [31m401 - Invalid or expired security token. Please log in again. - /api/v1/opinions - GET - ::1[39m
2026-07-30 14:55:03:553 [31merror[39m: [31mJWT Verification Error: jwt expired[39m
2026-07-30 14:55:03:553 [31merror[39m: [31m401 - Invalid or expired security token. Please log in again. - /api/v1/memberships - GET - ::1[39m
2026-07-30 14:55:03:553 [31merror[39m: [31mJWT Verification Error: jwt expired[39m
2026-07-30 14:55:03:553 [31merror[39m: [31m401 - Invalid or expired security token. Please log in again. - /api/v1/acts - GET - ::1[39m
2026-07-30 14:55:03:553 [31merror[39m: [31mJWT Verification Error: jwt expired[39m
2026-07-30 14:55:03:553 [31merror[39m: [31m401 - Invalid or expired security token. Please log in again. - /api/v1/amendments - GET - ::1[39m
2026-07-30 14:55:03:553 [31merror[39m: [31mJWT Verification Error: jwt expired[39m
2026-07-30 14:55:03:553 [31merror[39m: [31m401 - Invalid or expired security token. Please log in again. - /api/v1/roles/roles - GET - ::1[39m
2026-07-30 14:55:03:553 [31merror[39m: [31mJWT Verification Error: jwt expired[39m
2026-07-30 14:55:03:553 [31merror[39m: [31m401 - Invalid or expired security token. Please log in again. - /api/v1/roles/modules - GET - ::1[39m
2026-07-30 14:55:03:553 [31merror[39m: [31mJWT Verification Error: jwt expired[39m
2026-07-30 14:55:03:553 [31merror[39m: [31m401 - Invalid or expired security token. Please log in again. - /api/v1/roles/roles - GET - ::1[39m
2026-07-30 14:55:04:554 [31merror[39m: [31mGetDashboard error: Unknown column 'Document.search_content' in 'field list'[39m
2026-07-30 14:55:04:554 [31merror[39m: [31m500 - Unknown column 'Document.search_content' in 'field list' - /api/v1/dashboard - GET - ::1[39m
2026-07-30 14:55:04:554 [31merror[39m: [31mGetDashboard error: Unknown column 'Document.search_content' in 'field list'[39m
2026-07-30 14:55:04:554 [31merror[39m: [31m500 - Unknown column 'Document.search_content' in 'field list' - /api/v1/dashboard - GET - ::1[39m
2026-07-30 14:55:17:5517 [32minfo[39m: [32mShutting down server gracefully...[39m
2026-07-30 14:55:22:5522 [32minfo[39m: [32mMySQL database connection established successfully.[39m
2026-07-30 14:55:22:5522 [33mwarn[39m: [33mensureTasksTable / ensureAmendmentTable failed:[39m
2026-07-30 14:55:22:5522 [32minfo[39m: [32mAlert scanner scheduled daily at midnight (0 0 * * *).[39m
2026-07-30 14:55:22:5522 [32minfo[39m: [32mServer successfully started on port 5000 in development mode.[39m
2026-07-30 14:55:30:5530 [31merror[39m: [31mGetDashboard error: Unknown column 'Document.search_content' in 'field list'[39m
2026-07-30 14:55:30:5530 [31merror[39m: [31m500 - Unknown column 'Document.search_content' in 'field list' - /api/v1/dashboard - GET - ::1[39m
2026-07-30 14:55:31:5531 [31merror[39m: [31mGetDashboard error: Unknown column 'Document.search_content' in 'field list'[39m
2026-07-30 14:55:31:5531 [31merror[39m: [31m500 - Unknown column 'Document.search_content' in 'field list' - /api/v1/dashboard - GET - ::1[39m
2026-07-30 14:55:37:5537 [32minfo[39m: [32mMySQL database connection established successfully.[39m
2026-07-30 14:55:37:5537 [33mwarn[39m: [33mensureTasksTable / ensureAmendmentTable failed:[39m
2026-07-30 14:55:37:5537 [32minfo[39m: [32mAlert scanner scheduled daily at midnight (0 0 * * *).[39m
2026-07-30 14:55:37:5537 [32minfo[39m: [32mServer successfully started on port 5000 in development mode.[39m
2026-07-30 14:55:37:5537 [31merror[39m: [31mGetDashboard error: Unknown column 'Document.search_content' in 'field list'[39m
2026-07-30 14:55:37:5537 [31merror[39m: [31m500 - Unknown column 'Document.search_content' in 'field list' - /api/v1/dashboard - GET - ::1[39m
2026-07-30 14:55:43:5543 [32minfo[39m: [32mMySQL database connection established successfully.[39m
2026-07-30 14:55:43:5543 [33mwarn[39m: [33mensureTasksTable / ensureAmendmentTable failed:[39m
2026-07-30 14:55:43:5543 [32minfo[39m: [32mAlert scanner scheduled daily at midnight (0 0 * * *).[39m
2026-07-30 14:55:43:5543 [32minfo[39m: [32mServer successfully started on port 5000 in development mode.[39m
2026-07-30 14:55:53:5553 [31merror[39m: [31mGetDashboard error: Unknown column 'Document.search_content' in 'field list'[39m
2026-07-30 14:55:53:5553 [31merror[39m: [31m500 - Unknown column 'Document.search_content' in 'field list' - /api/v1/dashboard - GET - ::1[39m
2026-07-30 14:55:53:5553 [31merror[39m: [31mGetDashboard error: Unknown column 'Document.search_content' in 'field list'[39m
2026-07-30 14:55:53:5553 [31merror[39m: [31m500 - Unknown column 'Document.search_content' in 'field list' - /api/v1/dashboard - GET - ::1[39m
2026-07-30 14:56:02:562 [32minfo[39m: [32mMySQL database connection established successfully.[39m
2026-07-30 14:56:02:562 [33mwarn[39m: [33mensureTasksTable / ensureAmendmentTable failed:[39m
2026-07-30 14:56:02:562 [32minfo[39m: [32mAlert scanner scheduled daily at midnight (0 0 * * *).[39m
2026-07-30 14:56:02:562 [32minfo[39m: [32mServer successfully started on port 5000 in development mode.[39m
2026-07-30 14:56:17:5617 [31merror[39m: [31mGetDashboard error: Unknown column 'Document.search_content' in 'field list'[39m
2026-07-30 14:56:17:5617 [31merror[39m: [31m500 - Unknown column 'Document.search_content' in 'field list' - /api/v1/dashboard - GET - ::1[39m
2026-07-30 14:56:17:5617 [31merror[39m: [31mGetDashboard error: Unknown column 'Document.search_content' in 'field list'[39m
2026-07-30 14:56:17:5617 [31merror[39m: [31m500 - Unknown column 'Document.search_content' in 'field list' - /api/v1/dashboard - GET - ::1[39m
2026-07-30 14:56:34:5634 [31merror[39m: [31mGetAllDocuments error: Unknown column 'Document.search_content' in 'field list'[39m
2026-07-30 14:56:34:5634 [31merror[39m: [31m500 - Unknown column 'Document.search_content' in 'field list' - /api/v1/documents - GET - ::1[39m
2026-07-30 14:56:34:5634 [31merror[39m: [31mGetAllDocuments error: Unknown column 'Document.search_content' in 'field list'[39m
2026-07-30 14:56:34:5634 [31merror[39m: [31m500 - Unknown column 'Document.search_content' in 'field list' - /api/v1/documents - GET - ::1[39m
2026-07-30 14:56:44:5644 [31merror[39m: [31mGetAllDocuments error: Unknown column 'Document.search_content' in 'field list'[39m
2026-07-30 14:56:44:5644 [31merror[39m: [31m500 - Unknown column 'Document.search_content' in 'field list' - /api/v1/documents - GET - ::1[39m
2026-07-30 14:56:44:5644 [31merror[39m: [31mGetAllDocuments error: Unknown column 'Document.search_content' in 'field list'[39m
2026-07-30 14:56:44:5644 [31merror[39m: [31m500 - Unknown column 'Document.search_content' in 'field list' - /api/v1/documents - GET - ::1[39m
2026-07-30 14:57:31:5731 [32minfo[39m: [32mMySQL database connection established successfully.[39m
2026-07-30 14:57:32:5732 [33mwarn[39m: [33mensureTasksTable / ensureAmendmentTable failed:[39m
2026-07-30 14:57:32:5732 [32minfo[39m: [32mAlert scanner scheduled daily at midnight (0 0 * * *).[39m
2026-07-30 14:57:32:5732 [32minfo[39m: [32mServer successfully started on port 5000 in development mode.[39m
2026-07-30 14:57:32:5732 [31merror[39m: [31mGetAllDocuments error: Unknown column 'Document.search_content' in 'field list'[39m
2026-07-30 14:57:32:5732 [31merror[39m: [31m500 - Unknown column 'Document.search_content' in 'field list' - /api/v1/documents - GET - ::1[39m
2026-07-30 14:57:39:5739 [32minfo[39m: [32mMySQL database connection established successfully.[39m
2026-07-30 14:57:39:5739 [33mwarn[39m: [33mensureTasksTable / ensureAmendmentTable failed:[39m
2026-07-30 14:57:39:5739 [32minfo[39m: [32mAlert scanner scheduled daily at midnight (0 0 * * *).[39m
2026-07-30 14:57:39:5739 [32minfo[39m: [32mServer successfully started on port 5000 in development mode.[39m
2026-07-30 14:57:47:5747 [32minfo[39m: [32mMySQL database connection established successfully.[39m
2026-07-30 14:57:47:5747 [33mwarn[39m: [33mensureTasksTable / ensureAmendmentTable failed:[39m
2026-07-30 14:57:47:5747 [32minfo[39m: [32mAlert scanner scheduled daily at midnight (0 0 * * *).[39m
2026-07-30 14:57:47:5747 [32minfo[39m: [32mServer successfully started on port 5000 in development mode.[39m
2026-07-30 14:57:52:5752 [32minfo[39m: [32mMySQL database connection established successfully.[39m
2026-07-30 14:57:52:5752 [33mwarn[39m: [33mensureTasksTable / ensureAmendmentTable failed:[39m
2026-07-30 14:57:52:5752 [32minfo[39m: [32mAlert scanner scheduled daily at midnight (0 0 * * *).[39m
2026-07-30 14:57:52:5752 [32minfo[39m: [32mServer successfully started on port 5000 in development mode.[39m
2026-07-30 14:58:16:5816 [31merror[39m: [31mGetDashboard error: Unknown column 'Document.search_content' in 'field list'[39m
2026-07-30 14:58:16:5816 [31merror[39m: [31m500 - Unknown column 'Document.search_content' in 'field list' - /api/v1/dashboard - GET - ::1[39m
2026-07-30 14:58:16:5816 [31merror[39m: [31mGetDashboard error: Unknown column 'Document.search_content' in 'field list'[39m
2026-07-30 14:58:16:5816 [31merror[39m: [31m500 - Unknown column 'Document.search_content' in 'field list' - /api/v1/dashboard - GET - ::1[39m
2026-07-30 14:58:18:5818 [31merror[39m: [31mGetDashboard error: Unknown column 'Document.search_content' in 'field list'[39m
2026-07-30 14:58:18:5818 [31merror[39m: [31m500 - Unknown column 'Document.search_content' in 'field list' - /api/v1/dashboard - GET - ::1[39m
2026-07-30 14:58:19:5819 [31merror[39m: [31mGetDashboard error: Unknown column 'Document.search_content' in 'field list'[39m
2026-07-30 14:58:19:5819 [31merror[39m: [31m500 - Unknown column 'Document.search_content' in 'field list' - /api/v1/dashboard - GET - ::1[39m
2026-07-30 14:58:20:5820 [31merror[39m: [31mGetDashboard error: Unknown column 'Document.search_content' in 'field list'[39m
2026-07-30 14:58:20:5820 [31merror[39m: [31m500 - Unknown column 'Document.search_content' in 'field list' - /api/v1/dashboard - GET - ::1[39m
2026-07-30 14:59:17:5917 [32minfo[39m: [32mMySQL database connection established successfully.[39m
2026-07-30 14:59:17:5917 [33mwarn[39m: [33mensureTasksTable / ensureAmendmentTable failed:[39m
2026-07-30 14:59:17:5917 [32minfo[39m: [32mAlert scanner scheduled daily at midnight (0 0 * * *).[39m
2026-07-30 14:59:17:5917 [32minfo[39m: [32mServer successfully started on port 5000 in development mode.[39m
2026-07-30 14:59:45:5945 [31merror[39m: [31mGetDashboard error: Unknown column 'Document.search_content' in 'field list'[39m
2026-07-30 14:59:45:5945 [31merror[39m: [31m500 - Unknown column 'Document.search_content' in 'field list' - /api/v1/dashboard - GET - ::1[39m
2026-07-30 14:59:46:5946 [31merror[39m: [31mGetDashboard error: Unknown column 'Document.search_content' in 'field list'[39m
2026-07-30 14:59:46:5946 [31merror[39m: [31m500 - Unknown column 'Document.search_content' in 'field list' - /api/v1/dashboard - GET - ::1[39m
2026-07-30 14:59:49:5949 [31merror[39m: [31mGetDashboard error: Unknown column 'Document.search_content' in 'field list'[39m
2026-07-30 14:59:49:5949 [31merror[39m: [31m500 - Unknown column 'Document.search_content' in 'field list' - /api/v1/dashboard - GET - ::1[39m
2026-07-30 14:59:49:5949 [31merror[39m: [31mGetDashboard error: Unknown column 'Document.search_content' in 'field list'[39m
2026-07-30 14:59:49:5949 [31merror[39m: [31m500 - Unknown column 'Document.search_content' in 'field list' - /api/v1/dashboard - GET - ::1[39m
2026-07-30 14:59:50:5950 [31merror[39m: [31mGetDashboard error: Unknown column 'Document.search_content' in 'field list'[39m
2026-07-30 14:59:50:5950 [31merror[39m: [31m500 - Unknown column 'Document.search_content' in 'field list' - /api/v1/dashboard - GET - ::1[39m
2026-07-30 14:59:50:5950 [31merror[39m: [31mGetDashboard error: Unknown column 'Document.search_content' in 'field list'[39m
2026-07-30 14:59:50:5950 [31merror[39m: [31m500 - Unknown column 'Document.search_content' in 'field list' - /api/v1/dashboard - GET - ::1[39m
2026-07-30 14:59:50:5950 [31merror[39m: [31mGetDashboard error: Unknown column 'Document.search_content' in 'field list'[39m
2026-07-30 14:59:50:5950 [31merror[39m: [31m500 - Unknown column 'Document.search_content' in 'field list' - /api/v1/dashboard - GET - ::1[39m
2026-07-30 14:59:50:5950 [31merror[39m: [31mGetDashboard error: Unknown column 'Document.search_content' in 'field list'[39m
2026-07-30 14:59:50:5950 [31merror[39m: [31m500 - Unknown column 'Document.search_content' in 'field list' - /api/v1/dashboard - GET - ::1[39m
2026-07-30 14:59:50:5950 [31merror[39m: [31mGetDashboard error: Unknown column 'Document.search_content' in 'field list'[39m
2026-07-30 14:59:50:5950 [31merror[39m: [31m500 - Unknown column 'Document.search_content' in 'field list' - /api/v1/dashboard - GET - ::1[39m
2026-07-30 14:59:56:5956 [31merror[39m: [31mGetDashboard error: Unknown column 'Document.search_content' in 'field list'[39m
2026-07-30 14:59:56:5956 [31merror[39m: [31m500 - Unknown column 'Document.search_content' in 'field list' - /api/v1/dashboard - GET - ::1[39m
2026-07-30 14:59:57:5957 [31merror[39m: [31mGetDashboard error: Unknown column 'Document.search_content' in 'field list'[39m
2026-07-30 14:59:57:5957 [31merror[39m: [31m500 - Unknown column 'Document.search_content' in 'field list' - /api/v1/dashboard - GET - ::1[39m
2026-07-30 14:59:57:5957 [31merror[39m: [31mGetDashboard error: Unknown column 'Document.search_content' in 'field list'[39m
2026-07-30 14:59:57:5957 [31merror[39m: [31m500 - Unknown column 'Document.search_content' in 'field list' - /api/v1/dashboard - GET - ::1[39m
2026-07-30 15:00:00:00 [31merror[39m: [31mGetDashboard error: Unknown column 'Document.search_content' in 'field list'[39m
2026-07-30 15:00:00:00 [31merror[39m: [31m500 - Unknown column 'Document.search_content' in 'field list' - /api/v1/dashboard - GET - ::1[39m
2026-07-30 15:00:00:00 [31merror[39m: [31mGetDashboard error: Unknown column 'Document.search_content' in 'field list'[39m
2026-07-30 15:00:00:00 [31merror[39m: [31m500 - Unknown column 'Document.search_content' in 'field list' - /api/v1/dashboard - GET - ::1[39m
2026-07-30 15:00:02:02 [31merror[39m: [31mGetDashboard error: Unknown column 'Document.search_content' in 'field list'[39m
2026-07-30 15:00:02:02 [31merror[39m: [31m500 - Unknown column 'Document.search_content' in 'field list' - /api/v1/dashboard - GET - ::1[39m
2026-07-30 15:00:06:06 [31merror[39m: [31mGetDashboard error: Unknown column 'Document.search_content' in 'field list'[39m
2026-07-30 15:00:06:06 [31merror[39m: [31m500 - Unknown column 'Document.search_content' in 'field list' - /api/v1/dashboard - GET - ::1[39m
2026-07-30 15:00:06:06 [31merror[39m: [31mGetDashboard error: Unknown column 'Document.search_content' in 'field list'[39m
2026-07-30 15:00:06:06 [31merror[39m: [31m500 - Unknown column 'Document.search_content' in 'field list' - /api/v1/dashboard - GET - ::1[39m
2026-07-30 15:00:18:018 [31merror[39m: [31mGetDashboard error: Unknown column 'Document.search_content' in 'field list'[39m
2026-07-30 15:00:18:018 [31merror[39m: [31m500 - Unknown column 'Document.search_content' in 'field list' - /api/v1/dashboard - GET - ::1[39m
2026-07-30 15:00:21:021 [31merror[39m: [31mGetDashboard error: Unknown column 'Document.search_content' in 'field list'[39m
2026-07-30 15:00:21:021 [31merror[39m: [31m500 - Unknown column 'Document.search_content' in 'field list' - /api/v1/dashboard - GET - ::1[39m
2026-07-30 15:00:22:022 [31merror[39m: [31mGetDashboard error: Unknown column 'Document.search_content' in 'field list'[39m
2026-07-30 15:00:22:022 [31merror[39m: [31m500 - Unknown column 'Document.search_content' in 'field list' - /api/v1/dashboard - GET - ::1[39m
2026-07-30 15:01:04:14 [31merror[39m: [31mGetDashboard error: Unknown column 'Document.search_content' in 'field list'[39m
2026-07-30 15:01:04:14 [31merror[39m: [31m500 - Unknown column 'Document.search_content' in 'field list' - /api/v1/dashboard - GET - ::1[39m
2026-07-30 15:01:04:14 [31merror[39m: [31mGetDashboard error: Unknown column 'Document.search_content' in 'field list'[39m
2026-07-30 15:01:04:14 [31merror[39m: [31m500 - Unknown column 'Document.search_content' in 'field list' - /api/v1/dashboard - GET - ::1[39m
2026-07-30 15:01:07:17 [31merror[39m: [31mGetDashboard error: Unknown column 'Document.search_content' in 'field list'[39m
2026-07-30 15:01:07:17 [31merror[39m: [31m500 - Unknown column 'Document.search_content' in 'field list' - /api/v1/dashboard - GET - ::1[39m
2026-07-30 15:02:09:29 [31merror[39m: [31mGetDashboard error: Unknown column 'Document.search_content' in 'field list'[39m
2026-07-30 15:02:09:29 [31merror[39m: [31m500 - Unknown column 'Document.search_content' in 'field list' - /api/v1/dashboard - GET - ::1[39m
2026-07-30 15:02:09:29 [31merror[39m: [31mGetDashboard error: Unknown column 'Document.search_content' in 'field list'[39m
2026-07-30 15:02:09:29 [31merror[39m: [31m500 - Unknown column 'Document.search_content' in 'field list' - /api/v1/dashboard - GET - ::1[39m
2026-07-30 15:02:20:220 [31merror[39m: [31mGetDashboard error: Unknown column 'Document.search_content' in 'field list'[39m
2026-07-30 15:02:20:220 [31merror[39m: [31m500 - Unknown column 'Document.search_content' in 'field list' - /api/v1/dashboard - GET - ::1[39m
2026-07-30 15:02:20:220 [31merror[39m: [31mGetDashboard error: Unknown column 'Document.search_content' in 'field list'[39m
2026-07-30 15:02:20:220 [31merror[39m: [31m500 - Unknown column 'Document.search_content' in 'field list' - /api/v1/dashboard - GET - ::1[39m
2026-07-30 15:02:21:221 [31merror[39m: [31mGetDashboard error: Unknown column 'Document.search_content' in 'field list'[39m
2026-07-30 15:02:21:221 [31merror[39m: [31m500 - Unknown column 'Document.search_content' in 'field list' - /api/v1/dashboard - GET - ::1[39m
2026-07-30 15:02:21:221 [31merror[39m: [31mGetDashboard error: Unknown column 'Document.search_content' in 'field list'[39m
2026-07-30 15:02:21:221 [31merror[39m: [31m500 - Unknown column 'Document.search_content' in 'field list' - /api/v1/dashboard - GET - ::1[39m
2026-07-30 15:02:21:221 [31merror[39m: [31mGetDashboard error: Unknown column 'Document.search_content' in 'field list'[39m
2026-07-30 15:02:21:221 [31merror[39m: [31m500 - Unknown column 'Document.search_content' in 'field list' - /api/v1/dashboard - GET - ::1[39m
2026-07-30 15:02:22:222 [31merror[39m: [31mGetDashboard error: Unknown column 'Document.search_content' in 'field list'[39m
2026-07-30 15:02:22:222 [31merror[39m: [31m500 - Unknown column 'Document.search_content' in 'field list' - /api/v1/dashboard - GET - ::1[39m
2026-07-30 15:02:22:222 [31merror[39m: [31mGetDashboard error: Unknown column 'Document.search_content' in 'field list'[39m
2026-07-30 15:02:22:222 [31merror[39m: [31m500 - Unknown column 'Document.search_content' in 'field list' - /api/v1/dashboard - GET - ::1[39m
2026-07-30 15:02:22:222 [31merror[39m: [31mGetDashboard error: Unknown column 'Document.search_content' in 'field list'[39m
2026-07-30 15:02:22:222 [31merror[39m: [31m500 - Unknown column 'Document.search_content' in 'field list' - /api/v1/dashboard - GET - ::1[39m
2026-07-30 15:02:34:234 [32minfo[39m: [32mShutting down server gracefully...[39m
2026-07-30 15:02:37:237 [32minfo[39m: [32mMySQL database connection established successfully.[39m
2026-07-30 15:02:38:238 [33mwarn[39m: [33mensureTasksTable / ensureAmendmentTable failed:[39m
2026-07-30 15:02:38:238 [32minfo[39m: [32mAlert scanner scheduled daily at midnight (0 0 * * *).[39m
2026-07-30 15:02:38:238 [32minfo[39m: [32mServer successfully started on port 5000 in development mode.[39m
2026-07-30 15:02:44:244 [31merror[39m: [31mGetDashboard error: Unknown column 'Document.search_content' in 'field list'[39m
2026-07-30 15:02:44:244 [31merror[39m: [31m500 - Unknown column 'Document.search_content' in 'field list' - /api/v1/dashboard - GET - ::1[39m
2026-07-30 15:02:44:244 [31merror[39m: [31mGetDashboard error: Unknown column 'Document.search_content' in 'field list'[39m
2026-07-30 15:02:44:244 [31merror[39m: [31m500 - Unknown column 'Document.search_content' in 'field list' - /api/v1/dashboard - GET - ::1[39m
2026-07-30 15:03:22:322 [32minfo[39m: [32mMySQL database connection established successfully.[39m
2026-07-30 15:03:23:323 [33mwarn[39m: [33mensureTasksTable / ensureAmendmentTable failed:[39m
2026-07-30 15:03:23:323 [32minfo[39m: [32mAlert scanner scheduled daily at midnight (0 0 * * *).[39m
2026-07-30 15:03:23:323 [32minfo[39m: [32mServer successfully started on port 5000 in development mode.[39m
2026-07-30 15:12:15:1215 [31merror[39m: [31mJWT Verification Error: jwt expired[39m
2026-07-30 15:12:15:1215 [31merror[39m: [31m401 - Invalid or expired security token. Please log in again. - /api/v1/cases - GET - ::1[39m
2026-07-30 15:12:15:1215 [31merror[39m: [31mJWT Verification Error: jwt expired[39m
2026-07-30 15:12:15:1215 [31merror[39m: [31m401 - Invalid or expired security token. Please log in again. - /api/v1/clients - GET - ::1[39m
2026-07-30 15:12:15:1215 [31merror[39m: [31mJWT Verification Error: jwt expired[39m
2026-07-30 15:12:15:1215 [31merror[39m: [31m401 - Invalid or expired security token. Please log in again. - /api/v1/advocates - GET - ::1[39m
2026-07-30 15:12:15:1215 [31merror[39m: [31mJWT Verification Error: jwt expired[39m
2026-07-30 15:12:15:1215 [31merror[39m: [31m401 - Invalid or expired security token. Please log in again. - /api/v1/masters/case-types?activeOnly=true - GET - ::1[39m
2026-07-30 15:12:15:1215 [31merror[39m: [31mJWT Verification Error: jwt expired[39m
2026-07-30 15:12:15:1215 [31merror[39m: [31m401 - Invalid or expired security token. Please log in again. - /api/v1/masters/case-stages?activeOnly=true - GET - ::1[39m
2026-07-30 15:12:15:1215 [31merror[39m: [31mJWT Verification Error: jwt expired[39m
2026-07-30 15:12:15:1215 [31merror[39m: [31m401 - Invalid or expired security token. Please log in again. - /api/v1/masters/courts?activeOnly=true - GET - ::1[39m
2026-07-30 15:12:15:1215 [31merror[39m: [31mJWT Verification Error: jwt expired[39m
2026-07-30 15:12:15:1215 [31merror[39m: [31m401 - Invalid or expired security token. Please log in again. - /api/v1/cases - GET - ::1[39m
2026-07-30 15:12:16:1216 [31merror[39m: [31mJWT Verification Error: jwt expired[39m
2026-07-30 15:12:16:1216 [31merror[39m: [31m401 - Invalid or expired security token. Please log in again. - /api/v1/clients - GET - ::1[39m
2026-07-30 15:12:16:1216 [31merror[39m: [31mJWT Verification Error: jwt expired[39m
2026-07-30 15:12:16:1216 [31merror[39m: [31m401 - Invalid or expired security token. Please log in again. - /api/v1/advocates - GET - ::1[39m
2026-07-30 15:12:16:1216 [31merror[39m: [31mJWT Verification Error: jwt expired[39m
2026-07-30 15:12:16:1216 [31merror[39m: [31m401 - Invalid or expired security token. Please log in again. - /api/v1/masters/case-types?activeOnly=true - GET - ::1[39m
2026-07-30 15:12:16:1216 [31merror[39m: [31mJWT Verification Error: jwt expired[39m
2026-07-30 15:12:16:1216 [31merror[39m: [31m401 - Invalid or expired security token. Please log in again. - /api/v1/masters/case-stages?activeOnly=true - GET - ::1[39m
2026-07-30 15:12:16:1216 [31merror[39m: [31mJWT Verification Error: jwt expired[39m
2026-07-30 15:12:16:1216 [31merror[39m: [31m401 - Invalid or expired security token. Please log in again. - /api/v1/masters/courts?activeOnly=true - GET - ::1[39m
2026-07-30 15:27:10:2710 [31merror[39m: [31mUpdateDocument error: Unknown column 'search_content' in 'field list'[39m
2026-07-30 15:27:10:2710 [31merror[39m: [31m500 - Unknown column 'search_content' in 'field list' - /api/v1/documents/1 - PUT - ::1[39m
2026-07-30 15:28:08:288 [32minfo[39m: [32mMySQL database connection established successfully.[39m
2026-07-30 15:28:08:288 [33mwarn[39m: [33mensureTasksTable / ensureAmendmentTable failed:[39m
2026-07-30 15:28:08:288 [32minfo[39m: [32mAlert scanner scheduled daily at midnight (0 0 * * *).[39m
2026-07-30 15:28:08:288 [32minfo[39m: [32mServer successfully started on port 5000 in development mode.[39m
2026-07-30 15:28:50:2850 [31merror[39m: [31mJWT Verification Error: jwt expired[39m
2026-07-30 15:28:50:2850 [31merror[39m: [31m401 - Invalid or expired security token. Please log in again. - /api/v1/documents - GET - ::1[39m
2026-07-30 15:28:50:2850 [31merror[39m: [31mJWT Verification Error: jwt expired[39m
2026-07-30 15:28:50:2850 [31merror[39m: [31m401 - Invalid or expired security token. Please log in again. - /api/v1/diary - GET - ::1[39m
2026-07-30 15:28:50:2850 [31merror[39m: [31mJWT Verification Error: jwt expired[39m
2026-07-30 15:28:50:2850 [31merror[39m: [31m401 - Invalid or expired security token. Please log in again. - /api/v1/cases - GET - ::1[39m
2026-07-30 15:28:50:2850 [31merror[39m: [31mJWT Verification Error: jwt expired[39m
2026-07-30 15:28:50:2850 [31merror[39m: [31m401 - Invalid or expired security token. Please log in again. - /api/v1/masters/document-categories?activeOnly=true - GET - ::1[39m
2026-07-30 15:28:50:2850 [31merror[39m: [31mJWT Verification Error: jwt expired[39m
2026-07-30 15:28:50:2850 [31merror[39m: [31m401 - Invalid or expired security token. Please log in again. - /api/v1/cases - GET - ::1[39m
2026-07-30 15:28:50:2850 [31merror[39m: [31mJWT Verification Error: jwt expired[39m
2026-07-30 15:28:50:2850 [31merror[39m: [31m401 - Invalid or expired security token. Please log in again. - /api/v1/clients - GET - ::1[39m
2026-07-30 15:28:50:2850 [31merror[39m: [31mJWT Verification Error: jwt expired[39m
2026-07-30 15:28:50:2850 [31merror[39m: [31m401 - Invalid or expired security token. Please log in again. - /api/v1/advocates - GET - ::1[39m
2026-07-30 15:28:50:2850 [31merror[39m: [31mJWT Verification Error: jwt expired[39m
2026-07-30 15:28:50:2850 [31merror[39m: [31m401 - Invalid or expired security token. Please log in again. - /api/v1/daybook - GET - ::1[39m
2026-07-30 15:28:50:2850 [31merror[39m: [31mJWT Verification Error: jwt expired[39m
2026-07-30 15:28:50:2850 [31merror[39m: [31m401 - Invalid or expired security token. Please log in again. - /api/v1/payments - GET - ::1[39m
2026-07-30 15:28:50:2850 [31merror[39m: [31mJWT Verification Error: jwt expired[39m
2026-07-30 15:28:50:2850 [31merror[39m: [31m401 - Invalid or expired security token. Please log in again. - /api/v1/alerts - GET - ::1[39m
2026-07-30 15:28:50:2850 [31merror[39m: [31mJWT Verification Error: jwt expired[39m
2026-07-30 15:28:50:2850 [31merror[39m: [31m401 - Invalid or expired security token. Please log in again. - /api/v1/lands - GET - ::1[39m
2026-07-30 15:28:50:2850 [31merror[39m: [31mJWT Verification Error: jwt expired[39m
2026-07-30 15:28:50:2850 [31merror[39m: [31m401 - Invalid or expired security token. Please log in again. - /api/v1/opinions - GET - ::1[39m
2026-07-30 15:28:50:2850 [31merror[39m: [31mJWT Verification Error: jwt expired[39m
2026-07-30 15:28:50:2850 [31merror[39m: [31m401 - Invalid or expired security token. Please log in again. - /api/v1/memberships - GET - ::1[39m
2026-07-30 15:28:50:2850 [31merror[39m: [31mJWT Verification Error: jwt expired[39m
2026-07-30 15:28:50:2850 [31merror[39m: [31m401 - Invalid or expired security token. Please log in again. - /api/v1/acts - GET - ::1[39m
2026-07-30 15:28:50:2850 [31merror[39m: [31mJWT Verification Error: jwt expired[39m
2026-07-30 15:28:50:2850 [31merror[39m: [31m401 - Invalid or expired security token. Please log in again. - /api/v1/amendments - GET - ::1[39m
2026-07-30 15:28:50:2850 [31merror[39m: [31mJWT Verification Error: jwt expired[39m
2026-07-30 15:28:50:2850 [31merror[39m: [31m401 - Invalid or expired security token. Please log in again. - /api/v1/roles/roles - GET - ::1[39m
2026-07-30 15:28:50:2850 [31merror[39m: [31mJWT Verification Error: jwt expired[39m
2026-07-30 15:28:50:2850 [31merror[39m: [31m401 - Invalid or expired security token. Please log in again. - /api/v1/roles/modules - GET - ::1[39m
2026-07-30 15:28:50:2850 [31merror[39m: [31mJWT Verification Error: jwt expired[39m
2026-07-30 15:28:50:2850 [31merror[39m: [31m401 - Invalid or expired security token. Please log in again. - /api/v1/roles/roles - GET - ::1[39m
2026-07-30 15:28:50:2850 [31merror[39m: [31mJWT Verification Error: jwt expired[39m
2026-07-30 15:28:50:2850 [31merror[39m: [31m401 - Invalid or expired security token. Please log in again. - /api/v1/documents - GET - ::1[39m
2026-07-30 15:28:50:2850 [31merror[39m: [31mJWT Verification Error: jwt expired[39m
2026-07-30 15:28:50:2850 [31merror[39m: [31m401 - Invalid or expired security token. Please log in again. - /api/v1/cases - GET - ::1[39m
2026-07-30 15:28:50:2850 [31merror[39m: [31mJWT Verification Error: jwt expired[39m
2026-07-30 15:28:50:2850 [31merror[39m: [31m401 - Invalid or expired security token. Please log in again. - /api/v1/masters/document-categories?activeOnly=true - GET - ::1[39m
2026-07-30 15:28:50:2850 [31merror[39m: [31mJWT Verification Error: jwt expired[39m
2026-07-30 15:28:50:2850 [31merror[39m: [31m401 - Invalid or expired security token. Please log in again. - /api/v1/cases - GET - ::1[39m
2026-07-30 15:28:50:2850 [31merror[39m: [31mJWT Verification Error: jwt expired[39m
2026-07-30 15:28:50:2850 [31merror[39m: [31m401 - Invalid or expired security token. Please log in again. - /api/v1/clients - GET - ::1[39m
2026-07-30 15:28:50:2850 [31merror[39m: [31mJWT Verification Error: jwt expired[39m
2026-07-30 15:28:50:2850 [31merror[39m: [31m401 - Invalid or expired security token. Please log in again. - /api/v1/advocates - GET - ::1[39m
2026-07-30 15:28:50:2850 [31merror[39m: [31mJWT Verification Error: jwt expired[39m
2026-07-30 15:28:50:2850 [31merror[39m: [31m401 - Invalid or expired security token. Please log in again. - /api/v1/daybook - GET - ::1[39m
2026-07-30 15:28:50:2850 [31merror[39m: [31mJWT Verification Error: jwt expired[39m
2026-07-30 15:28:50:2850 [31merror[39m: [31m401 - Invalid or expired security token. Please log in again. - /api/v1/diary - GET - ::1[39m
2026-07-30 15:28:50:2850 [31merror[39m: [31mJWT Verification Error: jwt expired[39m
2026-07-30 15:28:50:2850 [31merror[39m: [31m401 - Invalid or expired security token. Please log in again. - /api/v1/payments - GET - ::1[39m
2026-07-30 15:28:50:2850 [31merror[39m: [31mJWT Verification Error: jwt expired[39m
2026-07-30 15:28:50:2850 [31merror[39m: [31m401 - Invalid or expired security token. Please log in again. - /api/v1/alerts - GET - ::1[39m
2026-07-30 15:28:50:2850 [31merror[39m: [31mJWT Verification Error: jwt expired[39m
2026-07-30 15:28:50:2850 [31merror[39m: [31m401 - Invalid or expired security token. Please log in again. - /api/v1/lands - GET - ::1[39m
2026-07-30 15:28:50:2850 [31merror[39m: [31mJWT Verification Error: jwt expired[39m
2026-07-30 15:28:50:2850 [31merror[39m: [31m401 - Invalid or expired security token. Please log in again. - /api/v1/opinions - GET - ::1[39m
2026-07-30 15:28:50:2850 [31merror[39m: [31mJWT Verification Error: jwt expired[39m
2026-07-30 15:28:50:2850 [31merror[39m: [31m401 - Invalid or expired security token. Please log in again. - /api/v1/memberships - GET - ::1[39m
2026-07-30 15:28:50:2850 [31merror[39m: [31mJWT Verification Error: jwt expired[39m
2026-07-30 15:28:50:2850 [31merror[39m: [31m401 - Invalid or expired security token. Please log in again. - /api/v1/acts - GET - ::1[39m
2026-07-30 15:28:50:2850 [31merror[39m: [31mJWT Verification Error: jwt expired[39m
2026-07-30 15:28:50:2850 [31merror[39m: [31m401 - Invalid or expired security token. Please log in again. - /api/v1/amendments - GET - ::1[39m
2026-07-30 15:28:50:2850 [31merror[39m: [31mJWT Verification Error: jwt expired[39m
2026-07-30 15:28:50:2850 [31merror[39m: [31m401 - Invalid or expired security token. Please log in again. - /api/v1/roles/roles - GET - ::1[39m
2026-07-30 15:28:50:2850 [31merror[39m: [31mJWT Verification Error: jwt expired[39m
2026-07-30 15:28:50:2850 [31merror[39m: [31m401 - Invalid or expired security token. Please log in again. - /api/v1/roles/modules - GET - ::1[39m
2026-07-30 15:28:50:2850 [31merror[39m: [31mJWT Verification Error: jwt expired[39m
2026-07-30 15:28:50:2850 [31merror[39m: [31m401 - Invalid or expired security token. Please log in again. - /api/v1/roles/roles - GET - ::1[39m
2026-07-30 15:33:47:3347 [32minfo[39m: [32mMySQL database connection established successfully.[39m
2026-07-30 15:33:48:3348 [33mwarn[39m: [33mensureTasksTable / ensureAmendmentTable failed:[39m
2026-07-30 15:33:48:3348 [32minfo[39m: [32mAlert scanner scheduled daily at midnight (0 0 * * *).[39m
2026-07-30 15:33:48:3348 [32minfo[39m: [32mServer successfully started on port 5000 in development mode.[39m
2026-07-30 15:42:53:4253 [32minfo[39m: [32mMySQL database connection established successfully.[39m
2026-07-30 15:42:53:4253 [33mwarn[39m: [33mensureTasksTable / ensureAmendmentTable failed:[39m
2026-07-30 15:42:53:4253 [32minfo[39m: [32mAlert scanner scheduled daily at midnight (0 0 * * *).[39m
2026-07-30 15:42:53:4253 [32minfo[39m: [32mServer successfully started on port 5000 in development mode.[39m
2026-07-30 15:42:54:4254 [32minfo[39m: [32mMySQL database connection established successfully.[39m
2026-07-30 15:42:54:4254 [33mwarn[39m: [33mensureTasksTable / ensureAmendmentTable failed:[39m
2026-07-30 15:42:54:4254 [32minfo[39m: [32mAlert scanner scheduled daily at midnight (0 0 * * *).[39m
2026-07-30 15:42:54:4254 [32minfo[39m: [32mServer successfully started on port 5000 in development mode.[39m
2026-07-30 15:43:10:4310 [32minfo[39m: [32mMySQL database connection established successfully.[39m
2026-07-30 15:43:10:4310 [33mwarn[39m: [33mensureTasksTable / ensureAmendmentTable failed:[39m
2026-07-30 15:43:10:4310 [32minfo[39m: [32mAlert scanner scheduled daily at midnight (0 0 * * *).[39m
2026-07-30 15:43:10:4310 [32minfo[39m: [32mServer successfully started on port 5000 in development mode.[39m
2026-07-30 15:43:18:4318 [32minfo[39m: [32mMySQL database connection established successfully.[39m
2026-07-30 15:43:18:4318 [33mwarn[39m: [33mensureTasksTable / ensureAmendmentTable failed:[39m
2026-07-30 15:43:18:4318 [32minfo[39m: [32mAlert scanner scheduled daily at midnight (0 0 * * *).[39m
2026-07-30 15:43:18:4318 [32minfo[39m: [32mServer successfully started on port 5000 in development mode.[39m
2026-07-30 15:43:19:4319 [32minfo[39m: [32mMySQL database connection established successfully.[39m
2026-07-30 15:43:19:4319 [33mwarn[39m: [33mensureTasksTable / ensureAmendmentTable failed:[39m
2026-07-30 15:43:19:4319 [32minfo[39m: [32mAlert scanner scheduled daily at midnight (0 0 * * *).[39m
2026-07-30 15:43:19:4319 [32minfo[39m: [32mServer successfully started on port 5000 in development mode.[39m
2026-07-30 15:44:04:444 [31merror[39m: [31mJWT Verification Error: jwt expired[39m
2026-07-30 15:44:04:444 [31merror[39m: [31m401 - Invalid or expired security token. Please log in again. - /api/v1/documents - GET - ::1[39m
2026-07-30 15:44:04:444 [31merror[39m: [31mJWT Verification Error: jwt expired[39m
2026-07-30 15:44:04:444 [31merror[39m: [31m401 - Invalid or expired security token. Please log in again. - /api/v1/cases - GET - ::1[39m
2026-07-30 15:44:04:444 [31merror[39m: [31mJWT Verification Error: jwt expired[39m
2026-07-30 15:44:04:444 [31merror[39m: [31m401 - Invalid or expired security token. Please log in again. - /api/v1/masters/document-categories?activeOnly=true - GET - ::1[39m
2026-07-30 15:44:30:4430 [32minfo[39m: [32mMySQL database connection established successfully.[39m
2026-07-30 15:44:30:4430 [33mwarn[39m: [33mensureTasksTable / ensureAmendmentTable failed:[39m
2026-07-30 15:44:30:4430 [32minfo[39m: [32mAlert scanner scheduled daily at midnight (0 0 * * *).[39m
2026-07-30 15:44:30:4430 [32minfo[39m: [32mServer successfully started on port 5000 in development mode.[39m
2026-07-30 15:46:20:4620 [32minfo[39m: [32mMySQL database connection established successfully.[39m
2026-07-30 15:46:20:4620 [33mwarn[39m: [33mensureTasksTable / ensureAmendmentTable failed:[39m
2026-07-30 15:46:20:4620 [32minfo[39m: [32mAlert scanner scheduled daily at midnight (0 0 * * *).[39m
2026-07-30 15:46:20:4620 [32minfo[39m: [32mServer successfully started on port 5000 in development mode.[39m
2026-07-30 15:49:22:4922 [32minfo[39m: [32mMySQL database connection established successfully.[39m
2026-07-30 15:49:22:4922 [33mwarn[39m: [33mensureTasksTable / ensureAmendmentTable failed:[39m
2026-07-30 15:49:22:4922 [32minfo[39m: [32mAlert scanner scheduled daily at midnight (0 0 * * *).[39m
2026-07-30 15:49:22:4922 [32minfo[39m: [32mServer successfully started on port 5000 in development mode.[39m
2026-07-30 15:49:40:4940 [32minfo[39m: [32mMySQL database connection established successfully.[39m
2026-07-30 15:49:41:4941 [33mwarn[39m: [33mensureTasksTable / ensureAmendmentTable failed:[39m
2026-07-30 15:49:41:4941 [32minfo[39m: [32mAlert scanner scheduled daily at midnight (0 0 * * *).[39m
2026-07-30 15:49:41:4941 [32minfo[39m: [32mServer successfully started on port 5000 in development mode.[39m
2026-07-30 15:49:43:4943 [32minfo[39m: [32mMySQL database connection established successfully.[39m
2026-07-30 15:49:43:4943 [33mwarn[39m: [33mensureTasksTable / ensureAmendmentTable failed:[39m
2026-07-30 15:49:43:4943 [32minfo[39m: [32mAlert scanner scheduled daily at midnight (0 0 * * *).[39m
2026-07-30 15:49:43:4943 [32minfo[39m: [32mServer successfully started on port 5000 in development mode.[39m
2026-07-30 15:49:46:4946 [32minfo[39m: [32mMySQL database connection established successfully.[39m
2026-07-30 15:49:46:4946 [33mwarn[39m: [33mensureTasksTable / ensureAmendmentTable failed:[39m
2026-07-30 15:49:46:4946 [32minfo[39m: [32mAlert scanner scheduled daily at midnight (0 0 * * *).[39m
2026-07-30 15:49:46:4946 [32minfo[39m: [32mServer successfully started on port 5000 in development mode.[39m
2026-07-30 15:50:41:5041 [33mwarn[39m: [33mDocument text extraction failed for "Test.pdf": bad XRef entry[39m
2026-07-30 15:51:13:5113 [32minfo[39m: [32mMySQL database connection established successfully.[39m
2026-07-30 15:51:13:5113 [33mwarn[39m: [33mensureTasksTable / ensureAmendmentTable failed:[39m
2026-07-30 15:51:13:5113 [32minfo[39m: [32mAlert scanner scheduled daily at midnight (0 0 * * *).[39m
2026-07-30 15:51:13:5113 [32minfo[39m: [32mServer successfully started on port 5000 in development mode.[39m
2026-07-30 15:51:39:5139 [33mwarn[39m: [33mDocument text extraction failed for "file-1785406495079-976127703.pdf": bad XRef entry[39m
2026-07-30 15:52:44:5244 [33mwarn[39m: [33mDocument text extraction failed for "file-1785406495079-976127703.pdf": bad XRef entry[39m
2026-07-30 15:54:03:543 [33mwarn[39m: [33mDocument text extraction failed for "file-1785406495079-976127703.pdf": bad XRef entry[39m
2026-07-30 15:54:09:549 [33mwarn[39m: [33mDocument text extraction failed for "file-1785406495079-976127703.pdf": bad XRef entry[39m
2026-07-30 15:54:52:5452 [33mwarn[39m: [33mDocument text extraction failed for "file-1785406495079-976127703.pdf": bad XRef entry[39m
2026-07-30 15:55:01:551 [33mwarn[39m: [33mDocument text extraction failed for "file-1785406495079-976127703.pdf": bad XRef entry[39m
2026-07-30 15:56:15:5615 [32minfo[39m: [32mMySQL database connection established successfully.[39m
2026-07-30 15:56:15:5615 [33mwarn[39m: [33mensureTasksTable / ensureAmendmentTable failed:[39m
2026-07-30 15:56:15:5615 [32minfo[39m: [32mAlert scanner scheduled daily at midnight (0 0 * * *).[39m
2026-07-30 15:56:15:5615 [32minfo[39m: [32mServer successfully started on port 5000 in development mode.[39m
2026-07-30 15:56:30:5630 [33mwarn[39m: [33mDocument text extraction failed for "file-1785406495079-976127703.pdf": bad XRef entry[39m
2026-07-30 15:57:01:571 [31merror[39m: [31mJWT Verification Error: jwt expired[39m
2026-07-30 15:57:01:571 [31merror[39m: [31m401 - Invalid or expired security token. Please log in again. - /api/v1/dashboard - GET - ::1[39m
2026-07-30 15:57:01:571 [31merror[39m: [31mJWT Verification Error: jwt expired[39m
2026-07-30 15:57:01:571 [31merror[39m: [31m401 - Invalid or expired security token. Please log in again. - /api/v1/cases - GET - ::1[39m
2026-07-30 15:57:01:571 [31merror[39m: [31mJWT Verification Error: jwt expired[39m
2026-07-30 15:57:01:571 [31merror[39m: [31m401 - Invalid or expired security token. Please log in again. - /api/v1/clients - GET - ::1[39m
2026-07-30 15:57:01:571 [31merror[39m: [31mJWT Verification Error: jwt expired[39m
2026-07-30 15:57:01:571 [31merror[39m: [31m401 - Invalid or expired security token. Please log in again. - /api/v1/advocates - GET - ::1[39m
2026-07-30 15:57:01:571 [31merror[39m: [31mJWT Verification Error: jwt expired[39m
2026-07-30 15:57:01:571 [31merror[39m: [31m401 - Invalid or expired security token. Please log in again. - /api/v1/diary - GET - ::1[39m
2026-07-30 15:57:01:571 [31merror[39m: [31mJWT Verification Error: jwt expired[39m
2026-07-30 15:57:01:571 [31merror[39m: [31m401 - Invalid or expired security token. Please log in again. - /api/v1/daybook - GET - ::1[39m
2026-07-30 15:57:01:571 [31merror[39m: [31mJWT Verification Error: jwt expired[39m
2026-07-30 15:57:01:571 [31merror[39m: [31m401 - Invalid or expired security token. Please log in again. - /api/v1/payments - GET - ::1[39m
2026-07-30 15:57:01:571 [31merror[39m: [31mJWT Verification Error: jwt expired[39m
2026-07-30 15:57:01:571 [31merror[39m: [31m401 - Invalid or expired security token. Please log in again. - /api/v1/alerts - GET - ::1[39m
2026-07-30 15:57:01:571 [31merror[39m: [31mJWT Verification Error: jwt expired[39m
2026-07-30 15:57:01:571 [31merror[39m: [31m401 - Invalid or expired security token. Please log in again. - /api/v1/lands - GET - ::1[39m
2026-07-30 15:57:01:571 [31merror[39m: [31mJWT Verification Error: jwt expired[39m
2026-07-30 15:57:01:571 [31merror[39m: [31m401 - Invalid or expired security token. Please log in again. - /api/v1/opinions - GET - ::1[39m
2026-07-30 15:57:01:571 [31merror[39m: [31mJWT Verification Error: jwt expired[39m
2026-07-30 15:57:01:571 [31merror[39m: [31m401 - Invalid or expired security token. Please log in again. - /api/v1/acts - GET - ::1[39m
2026-07-30 15:57:01:571 [31merror[39m: [31mJWT Verification Error: jwt expired[39m
2026-07-30 15:57:01:571 [31merror[39m: [31m401 - Invalid or expired security token. Please log in again. - /api/v1/amendments - GET - ::1[39m
2026-07-30 15:57:01:571 [31merror[39m: [31mJWT Verification Error: jwt expired[39m
2026-07-30 15:57:01:571 [31merror[39m: [31m401 - Invalid or expired security token. Please log in again. - /api/v1/roles/roles - GET - ::1[39m
2026-07-30 15:57:01:571 [31merror[39m: [31mJWT Verification Error: jwt expired[39m
2026-07-30 15:57:01:571 [31merror[39m: [31m401 - Invalid or expired security token. Please log in again. - /api/v1/roles/modules - GET - ::1[39m
2026-07-30 15:57:01:571 [31merror[39m: [31mJWT Verification Error: jwt expired[39m
2026-07-30 15:57:01:571 [31merror[39m: [31m401 - Invalid or expired security token. Please log in again. - /api/v1/memberships - GET - ::1[39m
2026-07-30 15:57:01:571 [31merror[39m: [31mJWT Verification Error: jwt expired[39m
2026-07-30 15:57:01:571 [31merror[39m: [31m401 - Invalid or expired security token. Please log in again. - /api/v1/dashboard - GET - ::1[39m
2026-07-30 15:57:01:571 [31merror[39m: [31mJWT Verification Error: jwt expired[39m
2026-07-30 15:57:01:571 [31merror[39m: [31m401 - Invalid or expired security token. Please log in again. - /api/v1/cases - GET - ::1[39m
2026-07-30 15:57:01:571 [31merror[39m: [31mJWT Verification Error: jwt expired[39m
2026-07-30 15:57:01:571 [31merror[39m: [31m401 - Invalid or expired security token. Please log in again. - /api/v1/clients - GET - ::1[39m
2026-07-30 15:57:01:571 [31merror[39m: [31mJWT Verification Error: jwt expired[39m
2026-07-30 15:57:01:571 [31merror[39m: [31m401 - Invalid or expired security token. Please log in again. - /api/v1/advocates - GET - ::1[39m
2026-07-30 15:57:01:571 [31merror[39m: [31mJWT Verification Error: jwt expired[39m
2026-07-30 15:57:01:571 [31merror[39m: [31m401 - Invalid or expired security token. Please log in again. - /api/v1/diary - GET - ::1[39m
2026-07-30 15:57:01:571 [31merror[39m: [31mJWT Verification Error: jwt expired[39m
2026-07-30 15:57:01:571 [31merror[39m: [31m401 - Invalid or expired security token. Please log in again. - /api/v1/daybook - GET - ::1[39m
2026-07-30 15:57:01:571 [31merror[39m: [31mJWT Verification Error: jwt expired[39m
2026-07-30 15:57:01:571 [31merror[39m: [31m401 - Invalid or expired security token. Please log in again. - /api/v1/payments - GET - ::1[39m
2026-07-30 15:57:01:571 [31merror[39m: [31mJWT Verification Error: jwt expired[39m
2026-07-30 15:57:01:571 [31merror[39m: [31m401 - Invalid or expired security token. Please log in again. - /api/v1/alerts - GET - ::1[39m
2026-07-30 15:57:01:571 [31merror[39m: [31mJWT Verification Error: jwt expired[39m
2026-07-30 15:57:01:571 [31merror[39m: [31m401 - Invalid or expired security token. Please log in again. - /api/v1/lands - GET - ::1[39m
2026-07-30 15:57:01:571 [31merror[39m: [31mJWT Verification Error: jwt expired[39m
2026-07-30 15:57:01:571 [31merror[39m: [31m401 - Invalid or expired security token. Please log in again. - /api/v1/opinions - GET - ::1[39m
2026-07-30 15:57:01:571 [31merror[39m: [31mJWT Verification Error: jwt expired[39m
2026-07-30 15:57:01:571 [31merror[39m: [31m401 - Invalid or expired security token. Please log in again. - /api/v1/acts - GET - ::1[39m
2026-07-30 15:57:01:571 [31merror[39m: [31mJWT Verification Error: jwt expired[39m
2026-07-30 15:57:01:571 [31merror[39m: [31m401 - Invalid or expired security token. Please log in again. - /api/v1/amendments - GET - ::1[39m
2026-07-30 15:57:01:571 [31merror[39m: [31mJWT Verification Error: jwt expired[39m
2026-07-30 15:57:01:571 [31merror[39m: [31m401 - Invalid or expired security token. Please log in again. - /api/v1/roles/roles - GET - ::1[39m
2026-07-30 15:57:01:571 [31merror[39m: [31mJWT Verification Error: jwt expired[39m
2026-07-30 15:57:01:571 [31merror[39m: [31m401 - Invalid or expired security token. Please log in again. - /api/v1/roles/modules - GET - ::1[39m
2026-07-30 15:57:01:571 [31merror[39m: [31mJWT Verification Error: jwt expired[39m
2026-07-30 15:57:01:571 [31merror[39m: [31m401 - Invalid or expired security token. Please log in again. - /api/v1/memberships - GET - ::1[39m
2026-07-30 15:57:01:571 [31merror[39m: [31mJWT Verification Error: jwt expired[39m
2026-07-30 15:57:01:571 [31merror[39m: [31m401 - Invalid or expired security token. Please log in again. - /api/v1/roles/roles - GET - ::1[39m
2026-07-30 15:57:02:572 [31merror[39m: [31mJWT Verification Error: jwt expired[39m
2026-07-30 15:57:02:572 [31merror[39m: [31m401 - Invalid or expired security token. Please log in again. - /api/v1/roles/roles - GET - ::1[39m
2026-07-30 15:57:02:572 [31merror[39m: [31m403 - Access Denied: You do not have permission to perform this operation. - /api/v1/advocates - GET - ::1[39m
2026-07-30 15:57:02:572 [31merror[39m: [31m403 - Access Denied: You do not have permission to perform this operation. - /api/v1/payments - GET - ::1[39m
2026-07-30 15:57:02:572 [31merror[39m: [31m403 - Access Denied: You do not have permission to perform this operation. - /api/v1/opinions - GET - ::1[39m
2026-07-30 15:57:02:572 [31merror[39m: [31m403 - Access Denied: You do not have permission to perform this operation. - /api/v1/memberships - GET - ::1[39m
2026-07-30 15:57:02:572 [31merror[39m: [31m403 - Access Denied: You do not have permission to perform this operation. - /api/v1/advocates - GET - ::1[39m
2026-07-30 15:57:02:572 [31merror[39m: [31m403 - Access Denied: You do not have permission to perform this operation. - /api/v1/payments - GET - ::1[39m
2026-07-30 15:57:02:572 [31merror[39m: [31m403 - Access Denied: You do not have permission to perform this operation. - /api/v1/opinions - GET - ::1[39m
2026-07-30 15:57:02:572 [31merror[39m: [31m403 - Access Denied: You do not have permission to perform this operation. - /api/v1/memberships - GET - ::1[39m
2026-07-30 15:57:36:5736 [33mwarn[39m: [33mDocument text extraction failed for "file-1785406495079-976127703.pdf": bad XRef entry[39m
2026-07-30 15:57:38:5738 [32minfo[39m: [32mMySQL database connection established successfully.[39m
2026-07-30 15:57:39:5739 [33mwarn[39m: [33mensureTasksTable / ensureAmendmentTable failed:[39m
2026-07-30 15:57:39:5739 [32minfo[39m: [32mAlert scanner scheduled daily at midnight (0 0 * * *).[39m
2026-07-30 15:57:39:5739 [32minfo[39m: [32mServer successfully started on port 5000 in development mode.[39m
2026-07-30 15:57:43:5743 [32minfo[39m: [32mMySQL database connection established successfully.[39m
2026-07-30 15:57:43:5743 [33mwarn[39m: [33mensureTasksTable / ensureAmendmentTable failed:[39m
2026-07-30 15:57:43:5743 [32minfo[39m: [32mAlert scanner scheduled daily at midnight (0 0 * * *).[39m
2026-07-30 15:57:43:5743 [32minfo[39m: [32mServer successfully started on port 5000 in development mode.[39m
2026-07-30 15:57:54:5754 [32minfo[39m: [32mMySQL database connection established successfully.[39m
2026-07-30 15:57:54:5754 [33mwarn[39m: [33mensureTasksTable / ensureAmendmentTable failed:[39m
2026-07-30 15:57:54:5754 [32minfo[39m: [32mAlert scanner scheduled daily at midnight (0 0 * * *).[39m
2026-07-30 15:57:54:5754 [32minfo[39m: [32mServer successfully started on port 5000 in development mode.[39m
2026-07-30 15:58:28:5828 [33mwarn[39m: [33mDocument text extraction failed for "file-1785406495079-976127703.pdf": bad XRef entry[39m
2026-07-30 16:00:20:020 [31merror[39m: [31mJWT Verification Error: jwt expired[39m
2026-07-30 16:00:20:020 [31merror[39m: [31m401 - Invalid or expired security token. Please log in again. - /api/v1/documents/1 - GET - ::1[39m
2026-07-30 16:00:20:020 [33mwarn[39m: [33mDocument text extraction failed for "file-1785406495079-976127703.pdf": bad XRef entry[39m
2026-07-30 16:03:27:327 [32minfo[39m: [32mMySQL database connection established successfully.[39m
2026-07-30 16:03:28:328 [33mwarn[39m: [33mensureTasksTable / ensureAmendmentTable failed:[39m
2026-07-30 16:03:28:328 [32minfo[39m: [32mAlert scanner scheduled daily at midnight (0 0 * * *).[39m
2026-07-30 16:03:28:328 [32minfo[39m: [32mServer successfully started on port 5000 in development mode.[39m
2026-07-30 16:04:57:457 [33mwarn[39m: [33mDocument text extraction failed for "file-1785406495079-976127703.pdf": bad XRef entry[39m
2026-07-30 16:09:49:949 [33mwarn[39m: [33mDocument text extraction failed for "file-1785406495079-976127703.pdf": bad XRef entry[39m
2026-07-30 16:10:44:1044 [33mwarn[39m: [33mDocument text extraction failed for "file-1785406495079-976127703.pdf": bad XRef entry[39m
2026-07-30 16:11:24:1124 [33mwarn[39m: [33mDocument text extraction failed for "file-1785406495079-976127703.pdf": bad XRef entry[39m
2026-07-30 16:11:41:1141 [33mwarn[39m: [33mDocument text extraction failed for "file-1785406495079-976127703.pdf": bad XRef entry[39m
2026-07-30 16:12:35:1235 [33mwarn[39m: [33mDocument text extraction failed for "file-1785408154620-499603611.pdf": bad XRef entry[39m
2026-07-30 16:15:10:1510 [33mwarn[39m: [33mDocument text extraction failed for "file-1785408154620-499603611.pdf": bad XRef entry[39m
2026-07-30 16:18:11:1811 [31merror[39m: [31mJWT Verification Error: jwt expired[39m
2026-07-30 16:18:11:1811 [31merror[39m: [31m401 - Invalid or expired security token. Please log in again. - /api/v1/references - GET - ::1[39m
2026-07-30 16:18:11:1811 [31merror[39m: [31mJWT Verification Error: jwt expired[39m
2026-07-30 16:18:11:1811 [31merror[39m: [31m401 - Invalid or expired security token. Please log in again. - /api/v1/references - GET - ::1[39m
2026-07-30 16:32:28:3228 [33mwarn[39m: [33mDocument text extraction failed for "file-1785408154620-499603611.pdf": bad XRef entry[39m
2026-07-30 16:46:27:4627 [32minfo[39m: [32mMySQL database connection established successfully.[39m
2026-07-30 16:46:28:4628 [32minfo[39m: [32mMySQL database connection established successfully.[39m
2026-07-30 16:46:28:4628 [33mwarn[39m: [33mensureTasksTable / ensureAmendmentTable failed:[39m
2026-07-30 16:46:28:4628 [32minfo[39m: [32mAlert scanner scheduled daily at midnight (0 0 * * *).[39m
2026-07-30 16:46:28:4628 [32minfo[39m: [32mServer successfully started on port 5000 in development mode.[39m
2026-07-30 16:46:29:4629 [31merror[39m: [31mJWT Verification Error: jwt expired[39m
2026-07-30 16:46:29:4629 [31merror[39m: [31m401 - Invalid or expired security token. Please log in again. - /api/v1/dashboard - GET - ::1[39m
2026-07-30 16:46:29:4629 [31merror[39m: [31mJWT Verification Error: jwt expired[39m
2026-07-30 16:46:29:4629 [31merror[39m: [31m401 - Invalid or expired security token. Please log in again. - /api/v1/cases - GET - ::1[39m
2026-07-30 16:46:29:4629 [31merror[39m: [31mJWT Verification Error: jwt expired[39m
2026-07-30 16:46:29:4629 [31merror[39m: [31m401 - Invalid or expired security token. Please log in again. - /api/v1/clients - GET - ::1[39m
2026-07-30 16:46:29:4629 [31merror[39m: [31mJWT Verification Error: jwt expired[39m
2026-07-30 16:46:29:4629 [31merror[39m: [31m401 - Invalid or expired security token. Please log in again. - /api/v1/advocates - GET - ::1[39m
2026-07-30 16:46:29:4629 [31merror[39m: [31mJWT Verification Error: jwt expired[39m
2026-07-30 16:46:29:4629 [31merror[39m: [31m401 - Invalid or expired security token. Please log in again. - /api/v1/diary - GET - ::1[39m
2026-07-30 16:46:29:4629 [31merror[39m: [31mJWT Verification Error: jwt expired[39m
2026-07-30 16:46:29:4629 [31merror[39m: [31m401 - Invalid or expired security token. Please log in again. - /api/v1/daybook - GET - ::1[39m
2026-07-30 16:46:29:4629 [31merror[39m: [31mJWT Verification Error: jwt expired[39m
2026-07-30 16:46:30:4630 [31merror[39m: [31m401 - Invalid or expired security token. Please log in again. - /api/v1/payments - GET - ::1[39m
2026-07-30 16:46:30:4630 [31merror[39m: [31mJWT Verification Error: jwt expired[39m
2026-07-30 16:46:30:4630 [31merror[39m: [31m401 - Invalid or expired security token. Please log in again. - /api/v1/alerts - GET - ::1[39m
2026-07-30 16:46:30:4630 [31merror[39m: [31mJWT Verification Error: jwt expired[39m
2026-07-30 16:46:30:4630 [31merror[39m: [31m401 - Invalid or expired security token. Please log in again. - /api/v1/lands - GET - ::1[39m
2026-07-30 16:46:30:4630 [31merror[39m: [31mJWT Verification Error: jwt expired[39m
2026-07-30 16:46:30:4630 [31merror[39m: [31m401 - Invalid or expired security token. Please log in again. - /api/v1/opinions - GET - ::1[39m
2026-07-30 16:46:30:4630 [31merror[39m: [31mJWT Verification Error: jwt expired[39m
2026-07-30 16:46:30:4630 [31merror[39m: [31m401 - Invalid or expired security token. Please log in again. - /api/v1/memberships - GET - ::1[39m
2026-07-30 16:46:30:4630 [31merror[39m: [31mJWT Verification Error: jwt expired[39m
2026-07-30 16:46:30:4630 [31merror[39m: [31m401 - Invalid or expired security token. Please log in again. - /api/v1/acts - GET - ::1[39m
2026-07-30 16:46:30:4630 [31merror[39m: [31mJWT Verification Error: jwt expired[39m
2026-07-30 16:46:30:4630 [31merror[39m: [31m401 - Invalid or expired security token. Please log in again. - /api/v1/amendments - GET - ::1[39m
2026-07-30 16:46:30:4630 [31merror[39m: [31mJWT Verification Error: jwt expired[39m
2026-07-30 16:46:30:4630 [31merror[39m: [31m401 - Invalid or expired security token. Please log in again. - /api/v1/roles/roles - GET - ::1[39m
2026-07-30 16:46:30:4630 [31merror[39m: [31mJWT Verification Error: jwt expired[39m
2026-07-30 16:46:30:4630 [31merror[39m: [31m401 - Invalid or expired security token. Please log in again. - /api/v1/roles/roles - GET - ::1[39m
2026-07-30 16:46:30:4630 [31merror[39m: [31mJWT Verification Error: jwt expired[39m
2026-07-30 16:46:30:4630 [31merror[39m: [31m401 - Invalid or expired security token. Please log in again. - /api/v1/dashboard - GET - ::1[39m
2026-07-30 16:46:30:4630 [31merror[39m: [31mJWT Verification Error: jwt expired[39m
2026-07-30 16:46:30:4630 [31merror[39m: [31m401 - Invalid or expired security token. Please log in again. - /api/v1/cases - GET - ::1[39m
2026-07-30 16:46:30:4630 [31merror[39m: [31mJWT Verification Error: jwt expired[39m
2026-07-30 16:46:30:4630 [31merror[39m: [31m401 - Invalid or expired security token. Please log in again. - /api/v1/clients - GET - ::1[39m
2026-07-30 16:46:30:4630 [31merror[39m: [31mJWT Verification Error: jwt expired[39m
2026-07-30 16:46:30:4630 [31merror[39m: [31m401 - Invalid or expired security token. Please log in again. - /api/v1/roles/modules - GET - ::1[39m
2026-07-30 16:46:30:4630 [31merror[39m: [31mJWT Verification Error: jwt expired[39m
2026-07-30 16:46:30:4630 [31merror[39m: [31m401 - Invalid or expired security token. Please log in again. - /api/v1/advocates - GET - ::1[39m
2026-07-30 16:46:30:4630 [31merror[39m: [31mJWT Verification Error: jwt expired[39m
2026-07-30 16:46:30:4630 [31merror[39m: [31m401 - Invalid or expired security token. Please log in again. - /api/v1/diary - GET - ::1[39m
2026-07-30 16:46:30:4630 [31merror[39m: [31mJWT Verification Error: jwt expired[39m
2026-07-30 16:46:30:4630 [31merror[39m: [31m401 - Invalid or expired security token. Please log in again. - /api/v1/daybook - GET - ::1[39m
2026-07-30 16:46:30:4630 [31merror[39m: [31mJWT Verification Error: jwt expired[39m
2026-07-30 16:46:30:4630 [31merror[39m: [31m401 - Invalid or expired security token. Please log in again. - /api/v1/payments - GET - ::1[39m
2026-07-30 16:46:30:4630 [31merror[39m: [31mJWT Verification Error: jwt expired[39m
2026-07-30 16:46:30:4630 [31merror[39m: [31m401 - Invalid or expired security token. Please log in again. - /api/v1/alerts - GET - ::1[39m
2026-07-30 16:46:30:4630 [31merror[39m: [31mJWT Verification Error: jwt expired[39m
2026-07-30 16:46:30:4630 [31merror[39m: [31m401 - Invalid or expired security token. Please log in again. - /api/v1/lands - GET - ::1[39m
2026-07-30 16:46:30:4630 [31merror[39m: [31mJWT Verification Error: jwt expired[39m
2026-07-30 16:46:30:4630 [31merror[39m: [31m401 - Invalid or expired security token. Please log in again. - /api/v1/opinions - GET - ::1[39m
2026-07-30 16:46:30:4630 [31merror[39m: [31mJWT Verification Error: jwt expired[39m
2026-07-30 16:46:30:4630 [31merror[39m: [31m401 - Invalid or expired security token. Please log in again. - /api/v1/memberships - GET - ::1[39m
2026-07-30 16:46:30:4630 [31merror[39m: [31mJWT Verification Error: jwt expired[39m
2026-07-30 16:46:30:4630 [31merror[39m: [31m401 - Invalid or expired security token. Please log in again. - /api/v1/acts - GET - ::1[39m
2026-07-30 16:46:30:4630 [31merror[39m: [31mJWT Verification Error: jwt expired[39m
2026-07-30 16:46:30:4630 [31merror[39m: [31m401 - Invalid or expired security token. Please log in again. - /api/v1/amendments - GET - ::1[39m
2026-07-30 16:46:30:4630 [31merror[39m: [31mJWT Verification Error: jwt expired[39m
2026-07-30 16:46:30:4630 [31merror[39m: [31m401 - Invalid or expired security token. Please log in again. - /api/v1/roles/roles - GET - ::1[39m
2026-07-30 16:46:30:4630 [31merror[39m: [31mJWT Verification Error: jwt expired[39m
2026-07-30 16:46:30:4630 [31merror[39m: [31m401 - Invalid or expired security token. Please log in again. - /api/v1/roles/modules - GET - ::1[39m
2026-07-30 16:46:30:4630 [31merror[39m: [31mJWT Verification Error: jwt expired[39m
2026-07-30 16:46:30:4630 [31merror[39m: [31m401 - Invalid or expired security token. Please log in again. - /api/v1/roles/roles - GET - ::1[39m
2026-07-30 16:46:38:4638 [31merror[39m: [31m403 - Access Denied: You do not have permission to perform this operation. - /api/v1/advocates - GET - ::1[39m
2026-07-30 16:46:38:4638 [31merror[39m: [31m403 - Access Denied: You do not have permission to perform this operation. - /api/v1/payments - GET - ::1[39m
2026-07-30 16:46:43:4643 [31merror[39m: [31m403 - Access Denied: You do not have permission to perform this operation. - /api/v1/opinions - GET - ::1[39m
2026-07-30 16:46:43:4643 [31merror[39m: [31m403 - Access Denied: You do not have permission to perform this operation. - /api/v1/memberships - GET - ::1[39m
2026-07-30 16:46:45:4645 [31merror[39m: [31m403 - Access Denied: You do not have permission to perform this operation. - /api/v1/payments - GET - ::1[39m
2026-07-30 16:46:45:4645 [31merror[39m: [31m403 - Access Denied: You do not have permission to perform this operation. - /api/v1/advocates - GET - ::1[39m
2026-07-30 16:46:45:4645 [31merror[39m: [31m403 - Access Denied: You do not have permission to perform this operation. - /api/v1/opinions - GET - ::1[39m
2026-07-30 16:46:45:4645 [31merror[39m: [31m403 - Access Denied: You do not have permission to perform this operation. - /api/v1/memberships - GET - ::1[39m
2026-07-30 16:49:00:490 [31merror[39m: [31mJWT Verification Error: jwt expired[39m
2026-07-30 16:49:00:490 [31merror[39m: [31m401 - Invalid or expired security token. Please log in again. - /api/v1/dashboard - GET - ::1[39m
2026-07-30 16:49:00:490 [31merror[39m: [31mJWT Verification Error: jwt expired[39m
2026-07-30 16:49:00:490 [31merror[39m: [31m401 - Invalid or expired security token. Please log in again. - /api/v1/cases - GET - ::1[39m
2026-07-30 16:49:00:490 [31merror[39m: [31mJWT Verification Error: jwt expired[39m
2026-07-30 16:49:00:490 [31merror[39m: [31m401 - Invalid or expired security token. Please log in again. - /api/v1/clients - GET - ::1[39m
2026-07-30 16:49:00:490 [31merror[39m: [31mJWT Verification Error: jwt expired[39m
2026-07-30 16:49:00:490 [31merror[39m: [31m401 - Invalid or expired security token. Please log in again. - /api/v1/advocates - GET - ::1[39m
2026-07-30 16:49:00:490 [31merror[39m: [31mJWT Verification Error: jwt expired[39m
2026-07-30 16:49:00:490 [31merror[39m: [31m401 - Invalid or expired security token. Please log in again. - /api/v1/diary - GET - ::1[39m
2026-07-30 16:49:00:490 [31merror[39m: [31mJWT Verification Error: jwt expired[39m
2026-07-30 16:49:00:490 [31merror[39m: [31m401 - Invalid or expired security token. Please log in again. - /api/v1/daybook - GET - ::1[39m
2026-07-30 16:49:00:490 [31merror[39m: [31mJWT Verification Error: jwt expired[39m
2026-07-30 16:49:00:490 [31merror[39m: [31m401 - Invalid or expired security token. Please log in again. - /api/v1/payments - GET - ::1[39m
2026-07-30 16:49:00:490 [31merror[39m: [31mJWT Verification Error: jwt expired[39m
2026-07-30 16:49:00:490 [31merror[39m: [31m401 - Invalid or expired security token. Please log in again. - /api/v1/alerts - GET - ::1[39m
2026-07-30 16:49:00:490 [31merror[39m: [31mJWT Verification Error: jwt expired[39m
2026-07-30 16:49:00:490 [31merror[39m: [31m401 - Invalid or expired security token. Please log in again. - /api/v1/lands - GET - ::1[39m
2026-07-30 16:49:00:490 [31merror[39m: [31mJWT Verification Error: jwt expired[39m
2026-07-30 16:49:00:490 [31merror[39m: [31m401 - Invalid or expired security token. Please log in again. - /api/v1/opinions - GET - ::1[39m
2026-07-30 16:49:00:490 [31merror[39m: [31mJWT Verification Error: jwt expired[39m
2026-07-30 16:49:00:490 [31merror[39m: [31m401 - Invalid or expired security token. Please log in again. - /api/v1/memberships - GET - ::1[39m
2026-07-30 16:49:00:490 [31merror[39m: [31mJWT Verification Error: jwt expired[39m
2026-07-30 16:49:00:490 [31merror[39m: [31m401 - Invalid or expired security token. Please log in again. - /api/v1/acts - GET - ::1[39m
2026-07-30 16:49:00:490 [31merror[39m: [31mJWT Verification Error: jwt expired[39m
2026-07-30 16:49:00:490 [31merror[39m: [31m401 - Invalid or expired security token. Please log in again. - /api/v1/amendments - GET - ::1[39m
2026-07-30 16:49:00:490 [31merror[39m: [31mJWT Verification Error: jwt expired[39m
2026-07-30 16:49:00:490 [31merror[39m: [31m401 - Invalid or expired security token. Please log in again. - /api/v1/roles/roles - GET - ::1[39m
2026-07-30 16:49:00:490 [31merror[39m: [31mJWT Verification Error: jwt expired[39m
2026-07-30 16:49:00:490 [31merror[39m: [31m401 - Invalid or expired security token. Please log in again. - /api/v1/roles/modules - GET - ::1[39m
2026-07-30 16:49:00:490 [31merror[39m: [31mJWT Verification Error: jwt expired[39m
2026-07-30 16:49:00:490 [31merror[39m: [31m401 - Invalid or expired security token. Please log in again. - /api/v1/roles/roles - GET - ::1[39m
2026-07-30 16:49:00:490 [31merror[39m: [31mJWT Verification Error: jwt expired[39m
2026-07-30 16:49:00:490 [31merror[39m: [31m401 - Invalid or expired security token. Please log in again. - /api/v1/dashboard - GET - ::1[39m
2026-07-30 16:49:00:490 [31merror[39m: [31mJWT Verification Error: jwt expired[39m
2026-07-30 16:49:00:490 [31merror[39m: [31m401 - Invalid or expired security token. Please log in again. - /api/v1/cases - GET - ::1[39m
2026-07-30 16:49:00:490 [31merror[39m: [31mJWT Verification Error: jwt expired[39m
2026-07-30 16:49:00:490 [31merror[39m: [31m401 - Invalid or expired security token. Please log in again. - /api/v1/clients - GET - ::1[39m
2026-07-30 16:49:00:490 [31merror[39m: [31mJWT Verification Error: jwt expired[39m
2026-07-30 16:49:00:490 [31merror[39m: [31m401 - Invalid or expired security token. Please log in again. - /api/v1/advocates - GET - ::1[39m
2026-07-30 16:49:00:490 [31merror[39m: [31mJWT Verification Error: jwt expired[39m
2026-07-30 16:49:00:490 [31merror[39m: [31m401 - Invalid or expired security token. Please log in again. - /api/v1/diary - GET - ::1[39m
2026-07-30 16:49:00:490 [31merror[39m: [31mJWT Verification Error: jwt expired[39m
2026-07-30 16:49:00:490 [31merror[39m: [31m401 - Invalid or expired security token. Please log in again. - /api/v1/daybook - GET - ::1[39m
2026-07-30 16:49:00:490 [31merror[39m: [31mJWT Verification Error: jwt expired[39m
2026-07-30 16:49:00:490 [31merror[39m: [31m401 - Invalid or expired security token. Please log in again. - /api/v1/payments - GET - ::1[39m
2026-07-30 16:49:00:490 [31merror[39m: [31mJWT Verification Error: jwt expired[39m
2026-07-30 16:49:00:490 [31merror[39m: [31m401 - Invalid or expired security token. Please log in again. - /api/v1/alerts - GET - ::1[39m
2026-07-30 16:49:00:490 [31merror[39m: [31mJWT Verification Error: jwt expired[39m
2026-07-30 16:49:00:490 [31merror[39m: [31m401 - Invalid or expired security token. Please log in again. - /api/v1/lands - GET - ::1[39m
2026-07-30 16:49:00:490 [31merror[39m: [31mJWT Verification Error: jwt expired[39m
2026-07-30 16:49:00:490 [31merror[39m: [31m401 - Invalid or expired security token. Please log in again. - /api/v1/opinions - GET - ::1[39m
2026-07-30 16:49:00:490 [31merror[39m: [31mJWT Verification Error: jwt expired[39m
2026-07-30 16:49:00:490 [31merror[39m: [31m401 - Invalid or expired security token. Please log in again. - /api/v1/memberships - GET - ::1[39m
2026-07-30 16:49:00:490 [31merror[39m: [31mJWT Verification Error: jwt expired[39m
2026-07-30 16:49:00:490 [31merror[39m: [31m401 - Invalid or expired security token. Please log in again. - /api/v1/acts - GET - ::1[39m
2026-07-30 16:49:00:490 [31merror[39m: [31mJWT Verification Error: jwt expired[39m
2026-07-30 16:49:00:490 [31merror[39m: [31m401 - Invalid or expired security token. Please log in again. - /api/v1/amendments - GET - ::1[39m
2026-07-30 16:49:00:490 [31merror[39m: [31mJWT Verification Error: jwt expired[39m
2026-07-30 16:49:00:490 [31merror[39m: [31m401 - Invalid or expired security token. Please log in again. - /api/v1/roles/roles - GET - ::1[39m
2026-07-30 16:49:00:490 [31merror[39m: [31mJWT Verification Error: jwt expired[39m
2026-07-30 16:49:00:490 [31merror[39m: [31m401 - Invalid or expired security token. Please log in again. - /api/v1/roles/modules - GET - ::1[39m
2026-07-30 16:49:00:490 [31merror[39m: [31mJWT Verification Error: jwt expired[39m
2026-07-30 16:49:00:490 [31merror[39m: [31m401 - Invalid or expired security token. Please log in again. - /api/v1/roles/roles - GET - ::1[39m
2026-07-30 16:49:08:498 [32minfo[39m: [32mMySQL database connection established successfully.[39m
2026-07-30 16:49:08:498 [33mwarn[39m: [33mensureTasksTable / ensureAmendmentTable failed:[39m
2026-07-30 16:49:08:498 [32minfo[39m: [32mAlert scanner scheduled daily at midnight (0 0 * * *).[39m
2026-07-30 16:49:08:498 [32minfo[39m: [32mServer successfully started on port 5000 in development mode.[39m
2026-07-30 16:51:13:5113 [33mwarn[39m: [33mDocument text extraction failed for "file-1785408154620-499603611.pdf": bad XRef entry[39m
2026-07-30 16:51:18:5118 [32minfo[39m: [32mMySQL database connection established successfully.[39m
2026-07-30 16:51:18:5118 [33mwarn[39m: [33mensureTasksTable / ensureAmendmentTable failed:[39m
2026-07-30 16:51:18:5118 [32minfo[39m: [32mAlert scanner scheduled daily at midnight (0 0 * * *).[39m
2026-07-30 16:51:18:5118 [32minfo[39m: [32mServer successfully started on port 5000 in development mode.[39m
2026-07-30 16:51:19:5119 [33mwarn[39m: [33mDocument text extraction failed for "file-1785408154620-499603611.pdf": bad XRef entry[39m
2026-07-30 16:51:27:5127 [33mwarn[39m: [33mDocument text extraction failed for "file-1785408154620-499603611.pdf": bad XRef entry[39m
2026-07-30 16:54:08:548 [33mwarn[39m: [33mDocument text extraction failed for "file-1785408154620-499603611.pdf": bad XRef entry[39m
2026-07-30 16:58:18:5818 [32minfo[39m: [32mMySQL database connection established successfully.[39m
2026-07-30 16:58:19:5819 [32minfo[39m: [32mMySQL database connection established successfully.[39m
2026-07-30 16:58:19:5819 [33mwarn[39m: [33mensureTasksTable / ensureAmendmentTable failed:[39m
2026-07-30 16:58:19:5819 [32minfo[39m: [32mAlert scanner scheduled daily at midnight (0 0 * * *).[39m
2026-07-30 16:58:19:5819 [32minfo[39m: [32mServer successfully started on port 5000 in development mode.[39m
2026-07-30 18:52:28:5228 [32minfo[39m: [32mShutting down server gracefully...[39m
2026-07-31 09:50:59:5059 [32minfo[39m: [32mMySQL database connection established successfully.[39m
2026-07-31 09:51:00:510 [33mwarn[39m: [33mensureTasksTable / ensureAmendmentTable failed:[39m
2026-07-31 09:51:00:510 [32minfo[39m: [32mAlert scanner scheduled daily at midnight (0 0 * * *).[39m
2026-07-31 09:51:00:510 [32minfo[39m: [32mServer successfully started on port 5000 in development mode.[39m
2026-07-31 09:51:01:511 [32minfo[39m: [32mMySQL database connection established successfully.[39m
2026-07-31 09:51:01:511 [33mwarn[39m: [33mensureTasksTable / ensureAmendmentTable failed:[39m
2026-07-31 09:51:01:511 [32minfo[39m: [32mAlert scanner scheduled daily at midnight (0 0 * * *).[39m
2026-07-31 09:51:01:511 [32minfo[39m: [32mServer successfully started on port 5000 in development mode.[39m
2026-07-31 09:51:06:516 [31merror[39m: [31mJWT Verification Error: jwt expired[39m
2026-07-31 09:51:06:516 [31merror[39m: [31m401 - Invalid or expired security token. Please log in again. - /api/v1/dashboard - GET - ::1[39m
2026-07-31 09:51:06:516 [31merror[39m: [31mJWT Verification Error: jwt expired[39m
2026-07-31 09:51:06:516 [31merror[39m: [31m401 - Invalid or expired security token. Please log in again. - /api/v1/cases - GET - ::1[39m
2026-07-31 09:51:06:516 [31merror[39m: [31mJWT Verification Error: jwt expired[39m
2026-07-31 09:51:06:516 [31merror[39m: [31m401 - Invalid or expired security token. Please log in again. - /api/v1/clients - GET - ::1[39m
2026-07-31 09:51:06:516 [31merror[39m: [31mJWT Verification Error: jwt expired[39m
2026-07-31 09:51:06:516 [31merror[39m: [31m401 - Invalid or expired security token. Please log in again. - /api/v1/advocates - GET - ::1[39m
2026-07-31 09:51:06:516 [31merror[39m: [31mJWT Verification Error: jwt expired[39m
2026-07-31 09:51:06:516 [31merror[39m: [31m401 - Invalid or expired security token. Please log in again. - /api/v1/diary - GET - ::1[39m
2026-07-31 09:51:06:516 [31merror[39m: [31mJWT Verification Error: jwt expired[39m
2026-07-31 09:51:06:516 [31merror[39m: [31m401 - Invalid or expired security token. Please log in again. - /api/v1/payments - GET - ::1[39m
2026-07-31 09:51:06:516 [31merror[39m: [31mJWT Verification Error: jwt expired[39m
2026-07-31 09:51:06:516 [31merror[39m: [31m401 - Invalid or expired security token. Please log in again. - /api/v1/alerts - GET - ::1[39m
2026-07-31 09:51:07:517 [31merror[39m: [31mJWT Verification Error: jwt expired[39m
2026-07-31 09:51:07:517 [31merror[39m: [31m401 - Invalid or expired security token. Please log in again. - /api/v1/daybook - GET - ::1[39m
2026-07-31 09:51:07:517 [31merror[39m: [31mJWT Verification Error: jwt expired[39m
2026-07-31 09:51:07:517 [31merror[39m: [31m401 - Invalid or expired security token. Please log in again. - /api/v1/lands - GET - ::1[39m
2026-07-31 09:51:07:517 [31merror[39m: [31mJWT Verification Error: jwt expired[39m
2026-07-31 09:51:07:517 [31merror[39m: [31m401 - Invalid or expired security token. Please log in again. - /api/v1/opinions - GET - ::1[39m
2026-07-31 09:51:07:517 [31merror[39m: [31mJWT Verification Error: jwt expired[39m
2026-07-31 09:51:07:517 [31merror[39m: [31m401 - Invalid or expired security token. Please log in again. - /api/v1/memberships - GET - ::1[39m
2026-07-31 09:51:07:517 [31merror[39m: [31mJWT Verification Error: jwt expired[39m
2026-07-31 09:51:07:517 [31merror[39m: [31m401 - Invalid or expired security token. Please log in again. - /api/v1/acts - GET - ::1[39m
2026-07-31 09:51:07:517 [31merror[39m: [31mJWT Verification Error: jwt expired[39m
2026-07-31 09:51:07:517 [31merror[39m: [31m401 - Invalid or expired security token. Please log in again. - /api/v1/amendments - GET - ::1[39m
2026-07-31 09:51:07:517 [31merror[39m: [31mJWT Verification Error: jwt expired[39m
2026-07-31 09:51:07:517 [31merror[39m: [31m401 - Invalid or expired security token. Please log in again. - /api/v1/roles/roles - GET - ::1[39m
2026-07-31 09:51:07:517 [31merror[39m: [31mJWT Verification Error: jwt expired[39m
2026-07-31 09:51:07:517 [31merror[39m: [31m401 - Invalid or expired security token. Please log in again. - /api/v1/roles/modules - GET - ::1[39m
2026-07-31 09:51:07:517 [31merror[39m: [31mJWT Verification Error: jwt expired[39m
2026-07-31 09:51:07:517 [31merror[39m: [31m401 - Invalid or expired security token. Please log in again. - /api/v1/roles/roles - GET - ::1[39m
2026-07-31 09:51:07:517 [31merror[39m: [31mJWT Verification Error: jwt expired[39m
2026-07-31 09:51:07:517 [31merror[39m: [31m401 - Invalid or expired security token. Please log in again. - /api/v1/dashboard - GET - ::1[39m
2026-07-31 09:51:07:517 [31merror[39m: [31mJWT Verification Error: jwt expired[39m
2026-07-31 09:51:07:517 [31merror[39m: [31m401 - Invalid or expired security token. Please log in again. - /api/v1/cases - GET - ::1[39m
2026-07-31 09:51:07:517 [31merror[39m: [31mJWT Verification Error: jwt expired[39m
2026-07-31 09:51:07:517 [31merror[39m: [31m401 - Invalid or expired security token. Please log in again. - /api/v1/clients - GET - ::1[39m
2026-07-31 09:51:07:517 [31merror[39m: [31mJWT Verification Error: jwt expired[39m
2026-07-31 09:51:07:517 [31merror[39m: [31m401 - Invalid or expired security token. Please log in again. - /api/v1/advocates - GET - ::1[39m
2026-07-31 09:51:07:517 [31merror[39m: [31mJWT Verification Error: jwt expired[39m
2026-07-31 09:51:07:517 [31merror[39m: [31m401 - Invalid or expired security token. Please log in again. - /api/v1/diary - GET - ::1[39m
2026-07-31 09:51:07:517 [31merror[39m: [31mJWT Verification Error: jwt expired[39m
2026-07-31 09:51:07:517 [31merror[39m: [31m401 - Invalid or expired security token. Please log in again. - /api/v1/daybook - GET - ::1[39m
2026-07-31 09:51:07:517 [31merror[39m: [31mJWT Verification Error: jwt expired[39m
2026-07-31 09:51:07:517 [31merror[39m: [31m401 - Invalid or expired security token. Please log in again. - /api/v1/payments - GET - ::1[39m
2026-07-31 09:51:07:517 [31merror[39m: [31mJWT Verification Error: jwt expired[39m
2026-07-31 09:51:07:517 [31merror[39m: [31m401 - Invalid or expired security token. Please log in again. - /api/v1/alerts - GET - ::1[39m
2026-07-31 09:51:07:517 [31merror[39m: [31mJWT Verification Error: jwt expired[39m
2026-07-31 09:51:07:517 [31merror[39m: [31m401 - Invalid or expired security token. Please log in again. - /api/v1/lands - GET - ::1[39m
2026-07-31 09:51:07:517 [31merror[39m: [31mJWT Verification Error: jwt expired[39m
2026-07-31 09:51:07:517 [31merror[39m: [31m401 - Invalid or expired security token. Please log in again. - /api/v1/opinions - GET - ::1[39m
2026-07-31 09:51:07:517 [31merror[39m: [31mJWT Verification Error: jwt expired[39m
2026-07-31 09:51:07:517 [31merror[39m: [31m401 - Invalid or expired security token. Please log in again. - /api/v1/memberships - GET - ::1[39m
2026-07-31 09:51:07:517 [31merror[39m: [31mJWT Verification Error: jwt expired[39m
2026-07-31 09:51:07:517 [31merror[39m: [31m401 - Invalid or expired security token. Please log in again. - /api/v1/acts - GET - ::1[39m
2026-07-31 09:51:07:517 [31merror[39m: [31mJWT Verification Error: jwt expired[39m
2026-07-31 09:51:07:517 [31merror[39m: [31m401 - Invalid or expired security token. Please log in again. - /api/v1/amendments - GET - ::1[39m
2026-07-31 09:51:07:517 [31merror[39m: [31mJWT Verification Error: jwt expired[39m
2026-07-31 09:51:07:517 [31merror[39m: [31m401 - Invalid or expired security token. Please log in again. - /api/v1/roles/roles - GET - ::1[39m
2026-07-31 09:51:07:517 [31merror[39m: [31mJWT Verification Error: jwt expired[39m
2026-07-31 09:51:07:517 [31merror[39m: [31m401 - Invalid or expired security token. Please log in again. - /api/v1/roles/modules - GET - ::1[39m
2026-07-31 09:51:07:517 [31merror[39m: [31mJWT Verification Error: jwt expired[39m
2026-07-31 09:51:07:517 [31merror[39m: [31m401 - Invalid or expired security token. Please log in again. - /api/v1/roles/roles - GET - ::1[39m
2026-07-31 11:23:11:2311 [32minfo[39m: [32mMySQL database connection established successfully.[39m
2026-07-31 11:23:12:2312 [32minfo[39m: [32mMySQL database connection established successfully.[39m
2026-07-31 11:23:13:2313 [33mwarn[39m: [33mensureTasksTable / ensureAmendmentTable failed:[39m
2026-07-31 11:23:13:2313 [32minfo[39m: [32mAlert scanner scheduled daily at midnight (0 0 * * *).[39m
2026-07-31 11:23:13:2313 [32minfo[39m: [32mServer successfully started on port 5000 in development mode.[39m
2026-07-31 11:23:24:2324 [31merror[39m: [31mJWT Verification Error: jwt expired[39m
2026-07-31 11:23:24:2324 [31merror[39m: [31m401 - Invalid or expired security token. Please log in again. - /api/v1/amendments?limit=10&offset=0 - GET - ::1[39m
2026-07-31 11:23:24:2324 [31merror[39m: [31mJWT Verification Error: jwt expired[39m
2026-07-31 11:23:24:2324 [31merror[39m: [31m401 - Invalid or expired security token. Please log in again. - /api/v1/payments - GET - ::1[39m
2026-07-31 11:23:24:2324 [31merror[39m: [31mJWT Verification Error: jwt expired[39m
2026-07-31 11:23:24:2324 [31merror[39m: [31m401 - Invalid or expired security token. Please log in again. - /api/v1/cases - GET - ::1[39m
2026-07-31 11:23:24:2324 [31merror[39m: [31mJWT Verification Error: jwt expired[39m
2026-07-31 11:23:24:2324 [31merror[39m: [31m401 - Invalid or expired security token. Please log in again. - /api/v1/clients - GET - ::1[39m
2026-07-31 11:23:24:2324 [31merror[39m: [31mJWT Verification Error: jwt expired[39m
2026-07-31 11:23:24:2324 [31merror[39m: [31m401 - Invalid or expired security token. Please log in again. - /api/v1/advocates - GET - ::1[39m
2026-07-31 11:23:24:2324 [31merror[39m: [31mJWT Verification Error: jwt expired[39m
2026-07-31 11:23:24:2324 [31merror[39m: [31m401 - Invalid or expired security token. Please log in again. - /api/v1/diary - GET - ::1[39m
2026-07-31 11:23:24:2324 [31merror[39m: [31mJWT Verification Error: jwt expired[39m
2026-07-31 11:23:24:2324 [31merror[39m: [31m401 - Invalid or expired security token. Please log in again. - /api/v1/daybook - GET - ::1[39m
2026-07-31 11:23:24:2324 [31merror[39m: [31mJWT Verification Error: jwt expired[39m
2026-07-31 11:23:24:2324 [31merror[39m: [31m401 - Invalid or expired security token. Please log in again. - /api/v1/alerts - GET - ::1[39m
2026-07-31 11:23:24:2324 [31merror[39m: [31mJWT Verification Error: jwt expired[39m
2026-07-31 11:23:24:2324 [31merror[39m: [31m401 - Invalid or expired security token. Please log in again. - /api/v1/lands - GET - ::1[39m
2026-07-31 11:23:24:2324 [31merror[39m: [31mJWT Verification Error: jwt expired[39m
2026-07-31 11:23:24:2324 [31merror[39m: [31m401 - Invalid or expired security token. Please log in again. - /api/v1/opinions - GET - ::1[39m
2026-07-31 11:23:24:2324 [31merror[39m: [31mJWT Verification Error: jwt expired[39m
2026-07-31 11:23:24:2324 [31merror[39m: [31m401 - Invalid or expired security token. Please log in again. - /api/v1/memberships - GET - ::1[39m
2026-07-31 11:23:24:2324 [31merror[39m: [31mJWT Verification Error: jwt expired[39m
2026-07-31 11:23:24:2324 [31merror[39m: [31m401 - Invalid or expired security token. Please log in again. - /api/v1/acts - GET - ::1[39m
2026-07-31 11:23:24:2324 [31merror[39m: [31mJWT Verification Error: jwt expired[39m
2026-07-31 11:23:24:2324 [31merror[39m: [31m401 - Invalid or expired security token. Please log in again. - /api/v1/amendments - GET - ::1[39m
2026-07-31 11:23:24:2324 [31merror[39m: [31mJWT Verification Error: jwt expired[39m
2026-07-31 11:23:24:2324 [31merror[39m: [31m401 - Invalid or expired security token. Please log in again. - /api/v1/roles/roles - GET - ::1[39m
2026-07-31 11:23:24:2324 [31merror[39m: [31mJWT Verification Error: jwt expired[39m
2026-07-31 11:23:24:2324 [31merror[39m: [31m401 - Invalid or expired security token. Please log in again. - /api/v1/roles/modules - GET - ::1[39m
2026-07-31 11:23:24:2324 [31merror[39m: [31mJWT Verification Error: jwt expired[39m
2026-07-31 11:23:24:2324 [31merror[39m: [31m401 - Invalid or expired security token. Please log in again. - /api/v1/roles/roles - GET - ::1[39m
2026-07-31 11:23:24:2324 [31merror[39m: [31mJWT Verification Error: jwt expired[39m
2026-07-31 11:23:24:2324 [31merror[39m: [31m401 - Invalid or expired security token. Please log in again. - /api/v1/amendments?limit=10&offset=0 - GET - ::1[39m
2026-07-31 11:23:24:2324 [31merror[39m: [31mJWT Verification Error: jwt expired[39m
2026-07-31 11:23:24:2324 [31merror[39m: [31m401 - Invalid or expired security token. Please log in again. - /api/v1/cases - GET - ::1[39m
2026-07-31 11:23:24:2324 [31merror[39m: [31mJWT Verification Error: jwt expired[39m
2026-07-31 11:23:24:2324 [31merror[39m: [31m401 - Invalid or expired security token. Please log in again. - /api/v1/clients - GET - ::1[39m
2026-07-31 11:23:24:2324 [31merror[39m: [31mJWT Verification Error: jwt expired[39m
2026-07-31 11:23:24:2324 [31merror[39m: [31m401 - Invalid or expired security token. Please log in again. - /api/v1/advocates - GET - ::1[39m
2026-07-31 11:23:24:2324 [31merror[39m: [31mJWT Verification Error: jwt expired[39m
2026-07-31 11:23:24:2324 [31merror[39m: [31m401 - Invalid or expired security token. Please log in again. - /api/v1/diary - GET - ::1[39m
2026-07-31 11:23:24:2324 [31merror[39m: [31mJWT Verification Error: jwt expired[39m
2026-07-31 11:23:24:2324 [31merror[39m: [31m401 - Invalid or expired security token. Please log in again. - /api/v1/daybook - GET - ::1[39m
2026-07-31 11:23:24:2324 [31merror[39m: [31mJWT Verification Error: jwt expired[39m
2026-07-31 11:23:24:2324 [31merror[39m: [31m401 - Invalid or expired security token. Please log in again. - /api/v1/alerts - GET - ::1[39m
2026-07-31 11:23:24:2324 [31merror[39m: [31mJWT Verification Error: jwt expired[39m
2026-07-31 11:23:24:2324 [31merror[39m: [31m401 - Invalid or expired security token. Please log in again. - /api/v1/payments - GET - ::1[39m
2026-07-31 11:23:24:2324 [31merror[39m: [31mJWT Verification Error: jwt expired[39m
2026-07-31 11:23:24:2324 [31merror[39m: [31m401 - Invalid or expired security token. Please log in again. - /api/v1/lands - GET - ::1[39m
2026-07-31 11:23:24:2324 [31merror[39m: [31mJWT Verification Error: jwt expired[39m
2026-07-31 11:23:24:2324 [31merror[39m: [31m401 - Invalid or expired security token. Please log in again. - /api/v1/opinions - GET - ::1[39m
2026-07-31 11:23:24:2324 [31merror[39m: [31mJWT Verification Error: jwt expired[39m
2026-07-31 11:23:24:2324 [31merror[39m: [31m401 - Invalid or expired security token. Please log in again. - /api/v1/memberships - GET - ::1[39m
2026-07-31 11:23:24:2324 [31merror[39m: [31mJWT Verification Error: jwt expired[39m
2026-07-31 11:23:24:2324 [31merror[39m: [31m401 - Invalid or expired security token. Please log in again. - /api/v1/acts - GET - ::1[39m
2026-07-31 11:23:24:2324 [31merror[39m: [31mJWT Verification Error: jwt expired[39m
2026-07-31 11:23:24:2324 [31merror[39m: [31m401 - Invalid or expired security token. Please log in again. - /api/v1/amendments - GET - ::1[39m
2026-07-31 11:23:24:2324 [31merror[39m: [31mJWT Verification Error: jwt expired[39m
2026-07-31 11:23:24:2324 [31merror[39m: [31m401 - Invalid or expired security token. Please log in again. - /api/v1/roles/roles - GET - ::1[39m
2026-07-31 11:23:24:2324 [31merror[39m: [31mJWT Verification Error: jwt expired[39m
2026-07-31 11:23:24:2324 [31merror[39m: [31m401 - Invalid or expired security token. Please log in again. - /api/v1/roles/modules - GET - ::1[39m
2026-07-31 11:23:24:2324 [31merror[39m: [31mJWT Verification Error: jwt expired[39m
2026-07-31 11:23:24:2324 [31merror[39m: [31m401 - Invalid or expired security token. Please log in again. - /api/v1/roles/roles - GET - ::1[39m
2026-07-31 11:24:20:2420 [32minfo[39m: [32mMySQL database connection established successfully.[39m
2026-07-31 11:24:20:2420 [33mwarn[39m: [33mensureTasksTable / ensureAmendmentTable failed:[39m
2026-07-31 11:24:20:2420 [32minfo[39m: [32mAlert scanner scheduled daily at midnight (0 0 * * *).[39m
2026-07-31 11:24:20:2420 [32minfo[39m: [32mServer successfully started on port 5000 in development mode.[39m
2026-07-31 11:25:10:2510 [33mwarn[39m: [33mDocument text extraction failed for "file-1785408154620-499603611.pdf": bad XRef entry[39m
2026-07-31 11:25:16:2516 [33mwarn[39m: [33mDocument text extraction failed for "file-1785408154620-499603611.pdf": bad XRef entry[39m
2026-07-31 11:25:47:2547 [33mwarn[39m: [33mDocument text extraction failed for "file-1785408154620-499603611.pdf": bad XRef entry[39m
2026-07-31 11:31:54:3154 [33mwarn[39m: [33mDocument text extraction failed for "file-1785408154620-499603611.pdf": bad XRef entry[39m
2026-07-31 11:32:47:3247 [33mwarn[39m: [33mDocument text extraction failed for "file-1785408154620-499603611.pdf": bad XRef entry[39m
2026-07-31 11:34:11:3411 [33mwarn[39m: [33mDocument text extraction failed for "file-1785408154620-499603611.pdf": bad XRef entry[39m
2026-07-31 11:34:21:3421 [33mwarn[39m: [33mDocument text extraction failed for "file-1785408154620-499603611.pdf": bad XRef entry[39m
2026-07-31 11:40:38:4038 [32minfo[39m: [32mMySQL database connection established successfully.[39m
2026-07-31 11:40:39:4039 [33mwarn[39m: [33mensureTasksTable / ensureAmendmentTable failed:[39m
2026-07-31 11:40:39:4039 [32minfo[39m: [32mAlert scanner scheduled daily at midnight (0 0 * * *).[39m
2026-07-31 11:40:39:4039 [32minfo[39m: [32mServer successfully started on port 5000 in development mode.[39m
2026-07-31 11:40:42:4042 [32minfo[39m: [32mMySQL database connection established successfully.[39m
2026-07-31 11:40:42:4042 [33mwarn[39m: [33mensureTasksTable / ensureAmendmentTable failed:[39m
2026-07-31 11:40:42:4042 [32minfo[39m: [32mAlert scanner scheduled daily at midnight (0 0 * * *).[39m
2026-07-31 11:40:42:4042 [32minfo[39m: [32mServer successfully started on port 5000 in development mode.[39m
2026-07-31 11:40:52:4052 [32minfo[39m: [32mMySQL database connection established successfully.[39m
2026-07-31 11:40:54:4054 [32minfo[39m: [32mMySQL database connection established successfully.[39m
2026-07-31 11:40:54:4054 [33mwarn[39m: [33mensureTasksTable / ensureAmendmentTable failed:[39m
2026-07-31 11:40:54:4054 [32minfo[39m: [32mAlert scanner scheduled daily at midnight (0 0 * * *).[39m
2026-07-31 11:40:54:4054 [32minfo[39m: [32mServer successfully started on port 5000 in development mode.[39m
2026-07-31 11:40:58:4058 [32minfo[39m: [32mMySQL database connection established successfully.[39m
2026-07-31 11:40:58:4058 [33mwarn[39m: [33mensureTasksTable / ensureAmendmentTable failed:[39m
2026-07-31 11:40:58:4058 [32minfo[39m: [32mSeeding default state court fee rules and slabs...[39m
2026-07-31 11:40:59:4059 [32minfo[39m: [32mSuccessfully seeded default state fee rules and slabs.[39m
2026-07-31 11:40:59:4059 [32minfo[39m: [32mSynced StateCourtFeeRule and StateCourtFeeSlab tables.[39m
2026-07-31 11:40:59:4059 [32minfo[39m: [32mAlert scanner scheduled daily at midnight (0 0 * * *).[39m
2026-07-31 11:40:59:4059 [32minfo[39m: [32mServer successfully started on port 5000 in development mode.[39m
2026-07-31 11:41:14:4114 [32minfo[39m: [32mMySQL database connection established successfully.[39m
2026-07-31 11:41:14:4114 [33mwarn[39m: [33mensureTasksTable / ensureAmendmentTable failed:[39m
2026-07-31 11:41:15:4115 [32minfo[39m: [32mSynced StateCourtFeeRule and StateCourtFeeSlab tables.[39m
2026-07-31 11:41:15:4115 [32minfo[39m: [32mAlert scanner scheduled daily at midnight (0 0 * * *).[39m
2026-07-31 11:41:15:4115 [32minfo[39m: [32mServer successfully started on port 5000 in development mode.[39m
2026-07-31 11:41:51:4151 [31merror[39m: [31mJWT Verification Error: jwt expired[39m
2026-07-31 11:41:51:4151 [31merror[39m: [31m401 - Invalid or expired security token. Please log in again. - /api/v1/masters/state-fees?activeOnly=true - GET - ::1[39m
2026-07-31 11:58:14:5814 [31merror[39m: [31mJWT Verification Error: jwt expired[39m
2026-07-31 11:58:14:5814 [31merror[39m: [31m401 - Invalid or expired security token. Please log in again. - /api/v1/dashboard - GET - ::1[39m
2026-07-31 11:58:14:5814 [31merror[39m: [31mJWT Verification Error: jwt expired[39m
2026-07-31 11:58:14:5814 [31merror[39m: [31m401 - Invalid or expired security token. Please log in again. - /api/v1/cases - GET - ::1[39m
2026-07-31 11:58:14:5814 [31merror[39m: [31mJWT Verification Error: jwt expired[39m
2026-07-31 11:58:14:5814 [31merror[39m: [31m401 - Invalid or expired security token. Please log in again. - /api/v1/clients - GET - ::1[39m
2026-07-31 11:58:14:5814 [31merror[39m: [31mJWT Verification Error: jwt expired[39m
2026-07-31 11:58:14:5814 [31merror[39m: [31m401 - Invalid or expired security token. Please log in again. - /api/v1/advocates - GET - ::1[39m
2026-07-31 11:58:14:5814 [31merror[39m: [31mJWT Verification Error: jwt expired[39m
2026-07-31 11:58:14:5814 [31merror[39m: [31m401 - Invalid or expired security token. Please log in again. - /api/v1/diary - GET - ::1[39m
2026-07-31 11:58:14:5814 [31merror[39m: [31mJWT Verification Error: jwt expired[39m
2026-07-31 11:58:14:5814 [31merror[39m: [31m401 - Invalid or expired security token. Please log in again. - /api/v1/daybook - GET - ::1[39m
2026-07-31 11:58:14:5814 [31merror[39m: [31mJWT Verification Error: jwt expired[39m
2026-07-31 11:58:14:5814 [31merror[39m: [31m401 - Invalid or expired security token. Please log in again. - /api/v1/payments - GET - ::1[39m
2026-07-31 11:58:14:5814 [31merror[39m: [31mJWT Verification Error: jwt expired[39m
2026-07-31 11:58:14:5814 [31merror[39m: [31m401 - Invalid or expired security token. Please log in again. - /api/v1/alerts - GET - ::1[39m
2026-07-31 11:58:14:5814 [31merror[39m: [31mJWT Verification Error: jwt expired[39m
2026-07-31 11:58:14:5814 [31merror[39m: [31m401 - Invalid or expired security token. Please log in again. - /api/v1/lands - GET - ::1[39m
2026-07-31 11:58:14:5814 [31merror[39m: [31mJWT Verification Error: jwt expired[39m
2026-07-31 11:58:14:5814 [31merror[39m: [31m401 - Invalid or expired security token. Please log in again. - /api/v1/opinions - GET - ::1[39m
2026-07-31 11:58:14:5814 [31merror[39m: [31mJWT Verification Error: jwt expired[39m
2026-07-31 11:58:14:5814 [31merror[39m: [31m401 - Invalid or expired security token. Please log in again. - /api/v1/memberships - GET - ::1[39m
2026-07-31 11:58:14:5814 [31merror[39m: [31mJWT Verification Error: jwt expired[39m
2026-07-31 11:58:14:5814 [31merror[39m: [31m401 - Invalid or expired security token. Please log in again. - /api/v1/acts - GET - ::1[39m
2026-07-31 11:58:14:5814 [31merror[39m: [31mJWT Verification Error: jwt expired[39m
2026-07-31 11:58:14:5814 [31merror[39m: [31m401 - Invalid or expired security token. Please log in again. - /api/v1/amendments - GET - ::1[39m
2026-07-31 11:58:14:5814 [31merror[39m: [31mJWT Verification Error: jwt expired[39m
2026-07-31 11:58:14:5814 [31merror[39m: [31m401 - Invalid or expired security token. Please log in again. - /api/v1/roles/roles - GET - ::1[39m
2026-07-31 11:58:14:5814 [31merror[39m: [31mJWT Verification Error: jwt expired[39m
2026-07-31 11:58:14:5814 [31merror[39m: [31m401 - Invalid or expired security token. Please log in again. - /api/v1/roles/modules - GET - ::1[39m
2026-07-31 11:58:14:5814 [31merror[39m: [31mJWT Verification Error: jwt expired[39m
2026-07-31 11:58:14:5814 [31merror[39m: [31m401 - Invalid or expired security token. Please log in again. - /api/v1/roles/roles - GET - ::1[39m
2026-07-31 11:58:14:5814 [31merror[39m: [31mJWT Verification Error: jwt expired[39m
2026-07-31 11:58:14:5814 [31merror[39m: [31m401 - Invalid or expired security token. Please log in again. - /api/v1/dashboard - GET - ::1[39m
2026-07-31 11:58:14:5814 [31merror[39m: [31mJWT Verification Error: jwt expired[39m
2026-07-31 11:58:14:5814 [31merror[39m: [31m401 - Invalid or expired security token. Please log in again. - /api/v1/cases - GET - ::1[39m
2026-07-31 11:58:14:5814 [31merror[39m: [31mJWT Verification Error: jwt expired[39m
2026-07-31 11:58:14:5814 [31merror[39m: [31m401 - Invalid or expired security token. Please log in again. - /api/v1/clients - GET - ::1[39m
2026-07-31 11:58:14:5814 [31merror[39m: [31mJWT Verification Error: jwt expired[39m
2026-07-31 11:58:14:5814 [31merror[39m: [31m401 - Invalid or expired security token. Please log in again. - /api/v1/diary - GET - ::1[39m
2026-07-31 11:58:14:5814 [31merror[39m: [31mJWT Verification Error: jwt expired[39m
2026-07-31 11:58:14:5814 [31merror[39m: [31m401 - Invalid or expired security token. Please log in again. - /api/v1/advocates - GET - ::1[39m
2026-07-31 11:58:14:5814 [31merror[39m: [31mJWT Verification Error: jwt expired[39m
2026-07-31 11:58:14:5814 [31merror[39m: [31m401 - Invalid or expired security token. Please log in again. - /api/v1/daybook - GET - ::1[39m
2026-07-31 11:58:14:5814 [31merror[39m: [31mJWT Verification Error: jwt expired[39m
2026-07-31 11:58:14:5814 [31merror[39m: [31m401 - Invalid or expired security token. Please log in again. - /api/v1/payments - GET - ::1[39m
2026-07-31 11:58:14:5814 [31merror[39m: [31mJWT Verification Error: jwt expired[39m
2026-07-31 11:58:14:5814 [31merror[39m: [31m401 - Invalid or expired security token. Please log in again. - /api/v1/alerts - GET - ::1[39m
2026-07-31 11:58:14:5814 [31merror[39m: [31mJWT Verification Error: jwt expired[39m
2026-07-31 11:58:14:5814 [31merror[39m: [31m401 - Invalid or expired security token. Please log in again. - /api/v1/lands - GET - ::1[39m
2026-07-31 11:58:14:5814 [31merror[39m: [31mJWT Verification Error: jwt expired[39m
2026-07-31 11:58:14:5814 [31merror[39m: [31m401 - Invalid or expired security token. Please log in again. - /api/v1/opinions - GET - ::1[39m
2026-07-31 11:58:14:5814 [31merror[39m: [31mJWT Verification Error: jwt expired[39m
2026-07-31 11:58:14:5814 [31merror[39m: [31m401 - Invalid or expired security token. Please log in again. - /api/v1/memberships - GET - ::1[39m
2026-07-31 11:58:14:5814 [31merror[39m: [31mJWT Verification Error: jwt expired[39m
2026-07-31 11:58:14:5814 [31merror[39m: [31m401 - Invalid or expired security token. Please log in again. - /api/v1/acts - GET - ::1[39m
2026-07-31 11:58:14:5814 [31merror[39m: [31mJWT Verification Error: jwt expired[39m
2026-07-31 11:58:14:5814 [31merror[39m: [31m401 - Invalid or expired security token. Please log in again. - /api/v1/amendments - GET - ::1[39m
2026-07-31 11:58:14:5814 [31merror[39m: [31mJWT Verification Error: jwt expired[39m
2026-07-31 11:58:14:5814 [31merror[39m: [31m401 - Invalid or expired security token. Please log in again. - /api/v1/roles/roles - GET - ::1[39m
2026-07-31 11:58:14:5814 [31merror[39m: [31mJWT Verification Error: jwt expired[39m
2026-07-31 11:58:14:5814 [31merror[39m: [31m401 - Invalid or expired security token. Please log in again. - /api/v1/roles/modules - GET - ::1[39m
2026-07-31 11:58:14:5814 [31merror[39m: [31mJWT Verification Error: jwt expired[39m
2026-07-31 11:58:14:5814 [31merror[39m: [31m401 - Invalid or expired security token. Please log in again. - /api/v1/roles/roles - GET - ::1[39m
2026-07-31 12:12:56:1256 [33mwarn[39m: [33mDocument text extraction failed for "file-1785408154620-499603611.pdf": bad XRef entry[39m
2026-07-31 12:13:18:1318 [31merror[39m: [31mJWT Verification Error: jwt expired[39m
2026-07-31 12:13:18:1318 [31merror[39m: [31m401 - Invalid or expired security token. Please log in again. - /api/v1/references - GET - ::1[39m
2026-07-31 12:13:18:1318 [31merror[39m: [31mJWT Verification Error: jwt expired[39m
2026-07-31 12:13:18:1318 [31merror[39m: [31m401 - Invalid or expired security token. Please log in again. - /api/v1/references - GET - ::1[39m
2026-07-31 12:55:27:5527 [31merror[39m: [31mJWT Verification Error: jwt expired[39m
2026-07-31 12:55:27:5527 [31merror[39m: [31m401 - Invalid or expired security token. Please log in again. - /api/v1/dashboard - GET - ::1[39m
2026-07-31 12:55:27:5527 [31merror[39m: [31mJWT Verification Error: jwt expired[39m
2026-07-31 12:55:27:5527 [31merror[39m: [31m401 - Invalid or expired security token. Please log in again. - /api/v1/cases - GET - ::1[39m
2026-07-31 12:55:27:5527 [31merror[39m: [31mJWT Verification Error: jwt expired[39m
2026-07-31 12:55:27:5527 [31merror[39m: [31m401 - Invalid or expired security token. Please log in again. - /api/v1/clients - GET - ::1[39m
2026-07-31 12:55:27:5527 [31merror[39m: [31mJWT Verification Error: jwt expired[39m
2026-07-31 12:55:27:5527 [31merror[39m: [31m401 - Invalid or expired security token. Please log in again. - /api/v1/advocates - GET - ::1[39m
2026-07-31 12:55:27:5527 [31merror[39m: [31mJWT Verification Error: jwt expired[39m
2026-07-31 12:55:27:5527 [31merror[39m: [31m401 - Invalid or expired security token. Please log in again. - /api/v1/diary - GET - ::1[39m
2026-07-31 12:55:27:5527 [31merror[39m: [31mJWT Verification Error: jwt expired[39m
2026-07-31 12:55:27:5527 [31merror[39m: [31m401 - Invalid or expired security token. Please log in again. - /api/v1/daybook - GET - ::1[39m
2026-07-31 12:55:27:5527 [31merror[39m: [31mJWT Verification Error: jwt expired[39m
2026-07-31 12:55:27:5527 [31merror[39m: [31m401 - Invalid or expired security token. Please log in again. - /api/v1/lands - GET - ::1[39m
2026-07-31 12:55:27:5527 [31merror[39m: [31mJWT Verification Error: jwt expired[39m
2026-07-31 12:55:27:5527 [31merror[39m: [31m401 - Invalid or expired security token. Please log in again. - /api/v1/payments - GET - ::1[39m
2026-07-31 12:55:27:5527 [31merror[39m: [31mJWT Verification Error: jwt expired[39m
2026-07-31 12:55:27:5527 [31merror[39m: [31m401 - Invalid or expired security token. Please log in again. - /api/v1/alerts - GET - ::1[39m
2026-07-31 12:55:28:5528 [31merror[39m: [31mJWT Verification Error: jwt expired[39m
2026-07-31 12:55:28:5528 [31merror[39m: [31m401 - Invalid or expired security token. Please log in again. - /api/v1/opinions - GET - ::1[39m
2026-07-31 12:55:28:5528 [31merror[39m: [31mJWT Verification Error: jwt expired[39m
2026-07-31 12:55:28:5528 [31merror[39m: [31m401 - Invalid or expired security token. Please log in again. - /api/v1/memberships - GET - ::1[39m
2026-07-31 12:55:28:5528 [31merror[39m: [31mJWT Verification Error: jwt expired[39m
2026-07-31 12:55:28:5528 [31merror[39m: [31m401 - Invalid or expired security token. Please log in again. - /api/v1/acts - GET - ::1[39m
2026-07-31 12:55:28:5528 [31merror[39m: [31mJWT Verification Error: jwt expired[39m
2026-07-31 12:55:28:5528 [31merror[39m: [31m401 - Invalid or expired security token. Please log in again. - /api/v1/roles/roles - GET - ::1[39m
2026-07-31 12:55:28:5528 [31merror[39m: [31mJWT Verification Error: jwt expired[39m
2026-07-31 12:55:28:5528 [31merror[39m: [31m401 - Invalid or expired security token. Please log in again. - /api/v1/roles/modules - GET - ::1[39m
2026-07-31 12:55:28:5528 [31merror[39m: [31mJWT Verification Error: jwt expired[39m
2026-07-31 12:55:28:5528 [31merror[39m: [31m401 - Invalid or expired security token. Please log in again. - /api/v1/dashboard - GET - ::1[39m
2026-07-31 12:55:28:5528 [31merror[39m: [31mJWT Verification Error: jwt expired[39m
2026-07-31 12:55:28:5528 [31merror[39m: [31m401 - Invalid or expired security token. Please log in again. - /api/v1/advocates - GET - ::1[39m
2026-07-31 12:55:28:5528 [31merror[39m: [31mJWT Verification Error: jwt expired[39m
2026-07-31 12:55:28:5528 [31merror[39m: [31m401 - Invalid or expired security token. Please log in again. - /api/v1/diary - GET - ::1[39m
2026-07-31 12:55:29:5529 [31merror[39m: [31mJWT Verification Error: jwt expired[39m
2026-07-31 12:55:29:5529 [31merror[39m: [31m401 - Invalid or expired security token. Please log in again. - /api/v1/amendments - GET - ::1[39m
2026-07-31 12:55:29:5529 [31merror[39m: [31mJWT Verification Error: jwt expired[39m
2026-07-31 12:55:29:5529 [31merror[39m: [31m401 - Invalid or expired security token. Please log in again. - /api/v1/roles/roles - GET - ::1[39m
2026-07-31 12:55:29:5529 [31merror[39m: [31mJWT Verification Error: jwt expired[39m
2026-07-31 12:55:29:5529 [31merror[39m: [31m401 - Invalid or expired security token. Please log in again. - /api/v1/cases - GET - ::1[39m
2026-07-31 12:55:29:5529 [31merror[39m: [31mJWT Verification Error: jwt expired[39m
2026-07-31 12:55:29:5529 [31merror[39m: [31m401 - Invalid or expired security token. Please log in again. - /api/v1/clients - GET - ::1[39m
2026-07-31 12:55:30:5530 [31merror[39m: [31mJWT Verification Error: jwt expired[39m
2026-07-31 12:55:30:5530 [31merror[39m: [31m401 - Invalid or expired security token. Please log in again. - /api/v1/daybook - GET - ::1[39m
2026-07-31 12:55:30:5530 [31merror[39m: [31mJWT Verification Error: jwt expired[39m
2026-07-31 12:55:30:5530 [31merror[39m: [31m401 - Invalid or expired security token. Please log in again. - /api/v1/memberships - GET - ::1[39m
2026-07-31 12:55:30:5530 [31merror[39m: [31mJWT Verification Error: jwt expired[39m
2026-07-31 12:55:30:5530 [31merror[39m: [31m401 - Invalid or expired security token. Please log in again. - /api/v1/payments - GET - ::1[39m
2026-07-31 12:55:30:5530 [31merror[39m: [31mJWT Verification Error: jwt expired[39m
2026-07-31 12:55:30:5530 [31merror[39m: [31m401 - Invalid or expired security token. Please log in again. - /api/v1/alerts - GET - ::1[39m
2026-07-31 12:55:30:5530 [31merror[39m: [31mJWT Verification Error: jwt expired[39m
2026-07-31 12:55:30:5530 [31merror[39m: [31m401 - Invalid or expired security token. Please log in again. - /api/v1/lands - GET - ::1[39m
2026-07-31 12:55:30:5530 [31merror[39m: [31mJWT Verification Error: jwt expired[39m
2026-07-31 12:55:30:5530 [31merror[39m: [31m401 - Invalid or expired security token. Please log in again. - /api/v1/opinions - GET - ::1[39m
2026-07-31 12:55:30:5530 [31merror[39m: [31mJWT Verification Error: jwt expired[39m
2026-07-31 12:55:30:5530 [31merror[39m: [31m401 - Invalid or expired security token. Please log in again. - /api/v1/acts - GET - ::1[39m
2026-07-31 12:55:30:5530 [31merror[39m: [31mJWT Verification Error: jwt expired[39m
2026-07-31 12:55:30:5530 [31merror[39m: [31m401 - Invalid or expired security token. Please log in again. - /api/v1/amendments - GET - ::1[39m
2026-07-31 12:55:30:5530 [31merror[39m: [31mJWT Verification Error: jwt expired[39m
2026-07-31 12:55:30:5530 [31merror[39m: [31m401 - Invalid or expired security token. Please log in again. - /api/v1/roles/roles - GET - ::1[39m
2026-07-31 12:55:30:5530 [31merror[39m: [31mJWT Verification Error: jwt expired[39m
2026-07-31 12:55:30:5530 [31merror[39m: [31m401 - Invalid or expired security token. Please log in again. - /api/v1/roles/modules - GET - ::1[39m
2026-07-31 12:55:30:5530 [31merror[39m: [31mJWT Verification Error: jwt expired[39m
2026-07-31 12:55:31:5531 [31merror[39m: [31m401 - Invalid or expired security token. Please log in again. - /api/v1/roles/roles - GET - ::1[39m
2026-07-31 13:08:10:810 [33mwarn[39m: [33mDocument text extraction failed for "file-1785408154620-499603611.pdf": bad XRef entry[39m
2026-07-31 13:08:34:834 [33mwarn[39m: [33mDocument text extraction failed for "file-1785408154620-499603611.pdf": bad XRef entry[39m
2026-07-31 13:15:27:1527 [31merror[39m: [31mJWT Verification Error: jwt expired[39m
2026-07-31 13:15:27:1527 [31merror[39m: [31m401 - Invalid or expired security token. Please log in again. - /api/v1/masters/state-fees?activeOnly=true - GET - ::1[39m
2026-07-31 13:15:27:1527 [31merror[39m: [31mJWT Verification Error: jwt expired[39m
2026-07-31 13:15:27:1527 [31merror[39m: [31m401 - Invalid or expired security token. Please log in again. - /api/v1/masters/state-fees?activeOnly=true - GET - ::1[39m
2026-07-31 14:20:02:202 [32minfo[39m: [32mMySQL database connection established successfully.[39m
2026-07-31 14:20:04:204 [32minfo[39m: [32mMySQL database connection established successfully.[39m
2026-07-31 14:20:05:205 [33mwarn[39m: [33mensureTasksTable / ensureAmendmentTable failed:[39m
2026-07-31 14:20:05:205 [32minfo[39m: [32mSynced StateCourtFeeRule and StateCourtFeeSlab tables.[39m
2026-07-31 14:20:05:205 [32minfo[39m: [32mAlert scanner scheduled daily at midnight (0 0 * * *).[39m
2026-07-31 14:20:05:205 [32minfo[39m: [32mServer successfully started on port 5000 in development mode.[39m
2026-07-31 14:22:20:2220 [32minfo[39m: [32mShutting down server gracefully...[39m
2026-07-31 14:22:26:2226 [32minfo[39m: [32mMySQL database connection established successfully.[39m
2026-07-31 14:22:26:2226 [33mwarn[39m: [33mensureTasksTable / ensureAmendmentTable failed:[39m
2026-07-31 14:22:26:2226 [32minfo[39m: [32mSynced StateCourtFeeRule and StateCourtFeeSlab tables.[39m
2026-07-31 14:22:26:2226 [32minfo[39m: [32mAlert scanner scheduled daily at midnight (0 0 * * *).[39m
2026-07-31 14:22:26:2226 [32minfo[39m: [32mServer successfully started on port 5000 in development mode.[39m
2026-07-31 14:23:01:231 [32minfo[39m: [32mMySQL database connection established successfully.[39m
2026-07-31 14:23:02:232 [33mwarn[39m: [33mensureTasksTable / ensureAmendmentTable failed:[39m
2026-07-31 14:23:02:232 [32minfo[39m: [32mSynced StateCourtFeeRule and StateCourtFeeSlab tables.[39m
2026-07-31 14:23:02:232 [32minfo[39m: [32mAlert scanner scheduled daily at midnight (0 0 * * *).[39m
2026-07-31 14:23:02:232 [32minfo[39m: [32mServer successfully started on port 5000 in development mode.[39m
2026-07-31 14:24:21:2421 [32minfo[39m: [32mMySQL database connection established successfully.[39m
2026-07-31 14:24:21:2421 [33mwarn[39m: [33mensureTasksTable / ensureAmendmentTable failed:[39m
2026-07-31 14:24:21:2421 [32minfo[39m: [32mSynced StateCourtFeeRule and StateCourtFeeSlab tables.[39m
2026-07-31 14:24:21:2421 [32minfo[39m: [32mAlert scanner scheduled daily at midnight (0 0 * * *).[39m
2026-07-31 14:24:21:2421 [32minfo[39m: [32mServer successfully started on port 5000 in development mode.[39m
2026-07-31 14:27:58:2758 [32minfo[39m: [32mMySQL database connection established successfully.[39m
2026-07-31 14:27:58:2758 [33mwarn[39m: [33mensureTasksTable / ensureAmendmentTable failed:[39m
2026-07-31 14:27:58:2758 [32minfo[39m: [32mSynced StateCourtFeeRule and StateCourtFeeSlab tables.[39m
2026-07-31 14:27:58:2758 [32minfo[39m: [32mAlert scanner scheduled daily at midnight (0 0 * * *).[39m
2026-07-31 14:27:58:2758 [32minfo[39m: [32mServer successfully started on port 5000 in development mode.[39m
2026-07-31 14:28:43:2843 [32minfo[39m: [32mMySQL database connection established successfully.[39m
2026-07-31 14:28:43:2843 [33mwarn[39m: [33mensureTasksTable / ensureAmendmentTable failed:[39m
2026-07-31 14:28:43:2843 [32minfo[39m: [32mSynced StateCourtFeeRule and StateCourtFeeSlab tables.[39m
2026-07-31 14:28:43:2843 [32minfo[39m: [32mAlert scanner scheduled daily at midnight (0 0 * * *).[39m
2026-07-31 14:28:43:2843 [32minfo[39m: [32mServer successfully started on port 5000 in development mode.[39m
2026-07-31 14:30:20:3020 [33mwarn[39m: [33mDocument text extraction failed for "file-1785408154620-499603611.pdf": bad XRef entry[39m
2026-07-31 14:30:22:3022 [32minfo[39m: [32mMySQL database connection established successfully.[39m
2026-07-31 14:30:24:3024 [32minfo[39m: [32mMySQL database connection established successfully.[39m
2026-07-31 14:30:24:3024 [33mwarn[39m: [33mensureTasksTable / ensureAmendmentTable failed:[39m
2026-07-31 14:30:24:3024 [32minfo[39m: [32mSynced StateCourtFeeRule and StateCourtFeeSlab tables.[39m
2026-07-31 14:30:24:3024 [32minfo[39m: [32mAlert scanner scheduled daily at midnight (0 0 * * *).[39m
2026-07-31 14:30:24:3024 [32minfo[39m: [32mServer successfully started on port 5000 in development mode.[39m
2026-07-31 14:36:41:3641 [32minfo[39m: [32mMySQL database connection established successfully.[39m
2026-07-31 14:36:41:3641 [33mwarn[39m: [33mensureTasksTable / ensureAmendmentTable failed:[39m
2026-07-31 14:36:41:3641 [32minfo[39m: [32mSynced StateCourtFeeRule and StateCourtFeeSlab tables.[39m
2026-07-31 14:36:41:3641 [32minfo[39m: [32mAlert scanner scheduled daily at midnight (0 0 * * *).[39m
2026-07-31 14:36:41:3641 [32minfo[39m: [32mServer successfully started on port 5000 in development mode.[39m
2026-07-31 14:36:48:3648 [32minfo[39m: [32mMySQL database connection established successfully.[39m
2026-07-31 14:36:48:3648 [33mwarn[39m: [33mensureTasksTable / ensureAmendmentTable / ensureCaseTable failed:[39m
2026-07-31 14:36:48:3648 [32minfo[39m: [32mSynced StateCourtFeeRule and StateCourtFeeSlab tables.[39m
2026-07-31 14:36:48:3648 [32minfo[39m: [32mAlert scanner scheduled daily at midnight (0 0 * * *).[39m
2026-07-31 14:36:48:3648 [32minfo[39m: [32mServer successfully started on port 5000 in development mode.[39m
2026-07-31 14:43:41:4341 [31merror[39m: [31m500 - Active court fee rule conflict: An active rule (#1) already exists for AP starting 2022-01-01 (open-ended). - /api/v1/masters/state-fees - POST - ::1[39m
2026-07-31 14:45:53:4553 [31merror[39m: [31mJWT Verification Error: jwt expired[39m
2026-07-31 14:45:53:4553 [31merror[39m: [31m401 - Invalid or expired security token. Please log in again. - /api/v1/masters/state-fees?activeOnly=true - GET - ::1[39m
2026-07-31 14:45:53:4553 [31merror[39m: [31mJWT Verification Error: jwt expired[39m
2026-07-31 14:45:53:4553 [31merror[39m: [31m401 - Invalid or expired security token. Please log in again. - /api/v1/masters/state-fees?activeOnly=true - GET - ::1[39m
2026-07-31 15:05:24:524 [31merror[39m: [31mJWT Verification Error: jwt expired[39m
2026-07-31 15:05:24:524 [31merror[39m: [31m401 - Invalid or expired security token. Please log in again. - /api/v1/roles/modules - GET - ::1[39m
2026-07-31 15:05:24:524 [31merror[39m: [31mJWT Verification Error: jwt expired[39m
2026-07-31 15:05:24:524 [31merror[39m: [31m401 - Invalid or expired security token. Please log in again. - /api/v1/roles/roles - GET - ::1[39m
2026-07-31 15:05:24:524 [31merror[39m: [31mJWT Verification Error: jwt expired[39m
2026-07-31 15:05:24:524 [31merror[39m: [31m401 - Invalid or expired security token. Please log in again. - /api/v1/roles/modules - GET - ::1[39m
2026-07-31 15:05:24:524 [31merror[39m: [31mJWT Verification Error: jwt expired[39m
2026-07-31 15:05:24:524 [31merror[39m: [31m401 - Invalid or expired security token. Please log in again. - /api/v1/roles/roles - GET - ::1[39m
2026-07-31 15:11:19:1119 [32minfo[39m: [32mMySQL database connection established successfully.[39m
2026-07-31 15:11:19:1119 [33mwarn[39m: [33mensureTasksTable / ensureAmendmentTable / ensureCaseTable failed:[39m
2026-07-31 15:11:19:1119 [32minfo[39m: [32mSynced StateCourtFeeRule and StateCourtFeeSlab tables.[39m
2026-07-31 15:11:19:1119 [32minfo[39m: [32mAlert scanner scheduled daily at midnight (0 0 * * *).[39m
2026-07-31 15:11:19:1119 [32minfo[39m: [32mServer successfully started on port 5000 in development mode.[39m
2026-07-31 15:11:28:1128 [32minfo[39m: [32mMySQL database connection established successfully.[39m
2026-07-31 15:11:28:1128 [33mwarn[39m: [33mensureTasksTable / ensureAmendmentTable / ensureCaseTable failed:[39m
2026-07-31 15:11:28:1128 [32minfo[39m: [32mSynced StateCourtFeeRule and StateCourtFeeSlab tables.[39m
2026-07-31 15:11:28:1128 [32minfo[39m: [32mAlert scanner scheduled daily at midnight (0 0 * * *).[39m
2026-07-31 15:11:28:1128 [32minfo[39m: [32mServer successfully started on port 5000 in development mode.[39m
2026-07-31 15:11:40:1140 [32minfo[39m: [32mMySQL database connection established successfully.[39m
2026-07-31 15:11:40:1140 [33mwarn[39m: [33mensureTasksTable / ensureAmendmentTable / ensureCaseTable failed:[39m
2026-07-31 15:11:40:1140 [32minfo[39m: [32mSynced StateCourtFeeRule and StateCourtFeeSlab tables.[39m
2026-07-31 15:11:40:1140 [32minfo[39m: [32mAlert scanner scheduled daily at midnight (0 0 * * *).[39m
2026-07-31 15:11:40:1140 [32minfo[39m: [32mServer successfully started on port 5000 in development mode.[39m
2026-07-31 15:16:12:1612 [31merror[39m: [31m500 - Unknown column 'StateCourtFeeRule.calculation_mode' in 'field list' - /api/v1/masters/state-fees? - GET - ::1[39m
2026-07-31 15:16:50:1650 [32minfo[39m: [32mMySQL database connection established successfully.[39m
2026-07-31 15:16:50:1650 [33mwarn[39m: [33mensureTasksTable / ensureAmendmentTable / ensureCaseTable failed:[39m
2026-07-31 15:16:51:1651 [32minfo[39m: [32mSynced StateCourtFeeRule and StateCourtFeeSlab tables.[39m
2026-07-31 15:16:51:1651 [32minfo[39m: [32mAlert scanner scheduled daily at midnight (0 0 * * *).[39m
2026-07-31 15:16:51:1651 [32minfo[39m: [32mServer successfully started on port 5000 in development mode.[39m
2026-07-31 15:21:21:2121 [31merror[39m: [31mJWT Verification Error: jwt expired[39m
2026-07-31 15:21:21:2121 [31merror[39m: [31m401 - Invalid or expired security token. Please log in again. - /api/v1/masters/case-types?activeOnly=false - GET - ::1[39m
2026-07-31 15:21:21:2121 [31merror[39m: [31mJWT Verification Error: jwt expired[39m
2026-07-31 15:21:21:2121 [31merror[39m: [31m401 - Invalid or expired security token. Please log in again. - /api/v1/masters/case-types?activeOnly=false - GET - ::1[39m
2026-07-31 15:47:19:4719 [31merror[39m: [31mJWT Verification Error: jwt expired[39m
2026-07-31 15:47:19:4719 [31merror[39m: [31m401 - Invalid or expired security token. Please log in again. - /api/v1/masters/case-types?activeOnly=false - GET - ::1[39m
2026-07-31 15:47:19:4719 [31merror[39m: [31mJWT Verification Error: jwt expired[39m
2026-07-31 15:47:19:4719 [31merror[39m: [31m401 - Invalid or expired security token. Please log in again. - /api/v1/masters/case-types?activeOnly=false - GET - ::1[39m
2026-07-31 16:04:38:438 [31merror[39m: [31mJWT Verification Error: jwt expired[39m
2026-07-31 16:04:38:438 [31merror[39m: [31m401 - Invalid or expired security token. Please log in again. - /api/v1/masters/state-fees/1/activate - PATCH - ::1[39m
2026-07-31 16:22:29:2229 [31merror[39m: [31mJWT Verification Error: jwt expired[39m
2026-07-31 16:22:29:2229 [31merror[39m: [31m401 - Invalid or expired security token. Please log in again. - /api/v1/masters/state-fees/1 - PUT - ::1[39m
2026-07-31 16:53:14:5314 [31merror[39m: [31mJWT Verification Error: jwt expired[39m
2026-07-31 16:53:14:5314 [31merror[39m: [31m401 - Invalid or expired security token. Please log in again. - /api/v1/masters/case-types?activeOnly=false - GET - ::1[39m
2026-07-31 16:53:14:5314 [31merror[39m: [31mJWT Verification Error: jwt expired[39m
2026-07-31 16:53:14:5314 [31merror[39m: [31m401 - Invalid or expired security token. Please log in again. - /api/v1/cases - GET - ::1[39m
2026-07-31 16:53:14:5314 [31merror[39m: [31mJWT Verification Error: jwt expired[39m
2026-07-31 16:53:14:5314 [31merror[39m: [31m401 - Invalid or expired security token. Please log in again. - /api/v1/daybook - GET - ::1[39m
2026-07-31 16:53:14:5314 [31merror[39m: [31mJWT Verification Error: jwt expired[39m
2026-07-31 16:53:14:5314 [31merror[39m: [31m401 - Invalid or expired security token. Please log in again. - /api/v1/clients - GET - ::1[39m
2026-07-31 16:53:14:5314 [31merror[39m: [31mJWT Verification Error: jwt expired[39m
2026-07-31 16:53:14:5314 [31merror[39m: [31m401 - Invalid or expired security token. Please log in again. - /api/v1/advocates - GET - ::1[39m
2026-07-31 16:53:14:5314 [31merror[39m: [31mJWT Verification Error: jwt expired[39m
2026-07-31 16:53:14:5314 [31merror[39m: [31m401 - Invalid or expired security token. Please log in again. - /api/v1/diary - GET - ::1[39m
2026-07-31 16:53:14:5314 [31merror[39m: [31mJWT Verification Error: jwt expired[39m
2026-07-31 16:53:14:5314 [31merror[39m: [31m401 - Invalid or expired security token. Please log in again. - /api/v1/payments - GET - ::1[39m
2026-07-31 16:53:14:5314 [31merror[39m: [31mJWT Verification Error: jwt expired[39m
2026-07-31 16:53:14:5314 [31merror[39m: [31m401 - Invalid or expired security token. Please log in again. - /api/v1/alerts - GET - ::1[39m
2026-07-31 16:53:14:5314 [31merror[39m: [31mJWT Verification Error: jwt expired[39m
2026-07-31 16:53:14:5314 [31merror[39m: [31m401 - Invalid or expired security token. Please log in again. - /api/v1/lands - GET - ::1[39m
2026-07-31 16:53:14:5314 [31merror[39m: [31mJWT Verification Error: jwt expired[39m
2026-07-31 16:53:14:5314 [31merror[39m: [31m401 - Invalid or expired security token. Please log in again. - /api/v1/opinions - GET - ::1[39m
2026-07-31 16:53:14:5314 [31merror[39m: [31mJWT Verification Error: jwt expired[39m
2026-07-31 16:53:14:5314 [31merror[39m: [31m401 - Invalid or expired security token. Please log in again. - /api/v1/memberships - GET - ::1[39m
2026-07-31 16:53:14:5314 [31merror[39m: [31mJWT Verification Error: jwt expired[39m
2026-07-31 16:53:14:5314 [31merror[39m: [31m401 - Invalid or expired security token. Please log in again. - /api/v1/acts - GET - ::1[39m
2026-07-31 16:53:14:5314 [31merror[39m: [31mJWT Verification Error: jwt expired[39m
2026-07-31 16:53:14:5314 [31merror[39m: [31m401 - Invalid or expired security token. Please log in again. - /api/v1/amendments - GET - ::1[39m
2026-07-31 16:53:14:5314 [31merror[39m: [31mJWT Verification Error: jwt expired[39m
2026-07-31 16:53:14:5314 [31merror[39m: [31m401 - Invalid or expired security token. Please log in again. - /api/v1/roles/roles - GET - ::1[39m
2026-07-31 16:53:14:5314 [31merror[39m: [31mJWT Verification Error: jwt expired[39m
2026-07-31 16:53:14:5314 [31merror[39m: [31m401 - Invalid or expired security token. Please log in again. - /api/v1/roles/modules - GET - ::1[39m
2026-07-31 16:53:14:5314 [31merror[39m: [31mJWT Verification Error: jwt expired[39m
2026-07-31 16:53:14:5314 [31merror[39m: [31m401 - Invalid or expired security token. Please log in again. - /api/v1/roles/roles - GET - ::1[39m
2026-07-31 16:53:14:5314 [31merror[39m: [31mJWT Verification Error: jwt expired[39m
2026-07-31 16:53:14:5314 [31merror[39m: [31m401 - Invalid or expired security token. Please log in again. - /api/v1/masters/case-types?activeOnly=false - GET - ::1[39m
2026-07-31 16:53:14:5314 [31merror[39m: [31mJWT Verification Error: jwt expired[39m
2026-07-31 16:53:14:5314 [31merror[39m: [31m401 - Invalid or expired security token. Please log in again. - /api/v1/cases - GET - ::1[39m
2026-07-31 16:53:14:5314 [31merror[39m: [31mJWT Verification Error: jwt expired[39m
2026-07-31 16:53:14:5314 [31merror[39m: [31m401 - Invalid or expired security token. Please log in again. - /api/v1/clients - GET - ::1[39m
2026-07-31 16:53:14:5314 [31merror[39m: [31mJWT Verification Error: jwt expired[39m
2026-07-31 16:53:14:5314 [31merror[39m: [31m401 - Invalid or expired security token. Please log in again. - /api/v1/advocates - GET - ::1[39m
2026-07-31 16:53:14:5314 [31merror[39m: [31mJWT Verification Error: jwt expired[39m
2026-07-31 16:53:14:5314 [31merror[39m: [31m401 - Invalid or expired security token. Please log in again. - /api/v1/diary - GET - ::1[39m
2026-07-31 16:53:14:5314 [31merror[39m: [31mJWT Verification Error: jwt expired[39m
2026-07-31 16:53:14:5314 [31merror[39m: [31m401 - Invalid or expired security token. Please log in again. - /api/v1/daybook - GET - ::1[39m
2026-07-31 16:53:14:5314 [31merror[39m: [31mJWT Verification Error: jwt expired[39m
2026-07-31 16:53:14:5314 [31merror[39m: [31m401 - Invalid or expired security token. Please log in again. - /api/v1/payments - GET - ::1[39m
2026-07-31 16:53:14:5314 [31merror[39m: [31mJWT Verification Error: jwt expired[39m
2026-07-31 16:53:14:5314 [31merror[39m: [31m401 - Invalid or expired security token. Please log in again. - /api/v1/alerts - GET - ::1[39m
2026-07-31 16:53:14:5314 [31merror[39m: [31mJWT Verification Error: jwt expired[39m
2026-07-31 16:53:14:5314 [31merror[39m: [31m401 - Invalid or expired security token. Please log in again. - /api/v1/lands - GET - ::1[39m
2026-07-31 16:53:14:5314 [31merror[39m: [31mJWT Verification Error: jwt expired[39m
2026-07-31 16:53:14:5314 [31merror[39m: [31m401 - Invalid or expired security token. Please log in again. - /api/v1/opinions - GET - ::1[39m
2026-07-31 16:53:14:5314 [31merror[39m: [31mJWT Verification Error: jwt expired[39m
2026-07-31 16:53:14:5314 [31merror[39m: [31m401 - Invalid or expired security token. Please log in again. - /api/v1/memberships - GET - ::1[39m
2026-07-31 16:53:14:5314 [31merror[39m: [31mJWT Verification Error: jwt expired[39m
2026-07-31 16:53:14:5314 [31merror[39m: [31m401 - Invalid or expired security token. Please log in again. - /api/v1/acts - GET - ::1[39m
2026-07-31 16:53:14:5314 [31merror[39m: [31mJWT Verification Error: jwt expired[39m
2026-07-31 16:53:14:5314 [31merror[39m: [31m401 - Invalid or expired security token. Please log in again. - /api/v1/amendments - GET - ::1[39m
2026-07-31 16:53:14:5314 [31merror[39m: [31mJWT Verification Error: jwt expired[39m
2026-07-31 16:53:14:5314 [31merror[39m: [31m401 - Invalid or expired security token. Please log in again. - /api/v1/roles/roles - GET - ::1[39m
2026-07-31 16:53:14:5314 [31merror[39m: [31mJWT Verification Error: jwt expired[39m
2026-07-31 16:53:14:5314 [31merror[39m: [31m401 - Invalid or expired security token. Please log in again. - /api/v1/roles/modules - GET - ::1[39m
2026-07-31 16:53:14:5314 [31merror[39m: [31mJWT Verification Error: jwt expired[39m
2026-07-31 16:53:14:5314 [31merror[39m: [31m401 - Invalid or expired security token. Please log in again. - /api/v1/roles/roles - GET - ::1[39m
2026-07-31 16:53:14:5314 [31merror[39m: [31mJWT Verification Error: jwt expired[39m
2026-07-31 16:53:14:5314 [31merror[39m: [31m401 - Invalid or expired security token. Please log in again. - /api/v1/masters/state-fees?activeOnly=true - GET - ::1[39m
2026-07-31 16:53:14:5314 [31merror[39m: [31mJWT Verification Error: jwt expired[39m
2026-07-31 16:53:14:5314 [31merror[39m: [31m401 - Invalid or expired security token. Please log in again. - /api/v1/cases - GET - ::1[39m
2026-07-31 16:53:14:5314 [31merror[39m: [31mJWT Verification Error: jwt expired[39m
2026-07-31 16:53:14:5314 [31merror[39m: [31m401 - Invalid or expired security token. Please log in again. - /api/v1/clients - GET - ::1[39m
2026-07-31 16:53:14:5314 [31merror[39m: [31mJWT Verification Error: jwt expired[39m
2026-07-31 16:53:14:5314 [31merror[39m: [31m401 - Invalid or expired security token. Please log in again. - /api/v1/advocates - GET - ::1[39m
2026-07-31 16:53:14:5314 [31merror[39m: [31mJWT Verification Error: jwt expired[39m
2026-07-31 16:53:14:5314 [31merror[39m: [31m401 - Invalid or expired security token. Please log in again. - /api/v1/diary - GET - ::1[39m
2026-07-31 16:53:14:5314 [31merror[39m: [31mJWT Verification Error: jwt expired[39m
2026-07-31 16:53:14:5314 [31merror[39m: [31m401 - Invalid or expired security token. Please log in again. - /api/v1/daybook - GET - ::1[39m
2026-07-31 16:53:14:5314 [31merror[39m: [31mJWT Verification Error: jwt expired[39m
2026-07-31 16:53:14:5314 [31merror[39m: [31m401 - Invalid or expired security token. Please log in again. - /api/v1/payments - GET - ::1[39m
2026-07-31 16:53:14:5314 [31merror[39m: [31mJWT Verification Error: jwt expired[39m
2026-07-31 16:53:14:5314 [31merror[39m: [31m401 - Invalid or expired security token. Please log in again. - /api/v1/alerts - GET - ::1[39m
2026-07-31 16:53:14:5314 [31merror[39m: [31mJWT Verification Error: jwt expired[39m
2026-07-31 16:53:14:5314 [31merror[39m: [31m401 - Invalid or expired security token. Please log in again. - /api/v1/lands - GET - ::1[39m
2026-07-31 16:53:14:5314 [31merror[39m: [31mJWT Verification Error: jwt expired[39m
2026-07-31 16:53:14:5314 [31merror[39m: [31m401 - Invalid or expired security token. Please log in again. - /api/v1/opinions - GET - ::1[39m
2026-07-31 16:53:14:5314 [31merror[39m: [31mJWT Verification Error: jwt expired[39m
2026-07-31 16:53:14:5314 [31merror[39m: [31m401 - Invalid or expired security token. Please log in again. - /api/v1/memberships - GET - ::1[39m
2026-07-31 16:53:14:5314 [31merror[39m: [31mJWT Verification Error: jwt expired[39m
2026-07-31 16:53:14:5314 [31merror[39m: [31m401 - Invalid or expired security token. Please log in again. - /api/v1/acts - GET - ::1[39m
2026-07-31 16:53:14:5314 [31merror[39m: [31mJWT Verification Error: jwt expired[39m
2026-07-31 16:53:14:5314 [31merror[39m: [31m401 - Invalid or expired security token. Please log in again. - /api/v1/amendments - GET - ::1[39m
2026-07-31 16:53:14:5314 [31merror[39m: [31mJWT Verification Error: jwt expired[39m
2026-07-31 16:53:14:5314 [31merror[39m: [31m401 - Invalid or expired security token. Please log in again. - /api/v1/roles/roles - GET - ::1[39m
2026-07-31 16:53:14:5314 [31merror[39m: [31mJWT Verification Error: jwt expired[39m
2026-07-31 16:53:14:5314 [31merror[39m: [31m401 - Invalid or expired security token. Please log in again. - /api/v1/roles/modules - GET - ::1[39m
2026-07-31 16:53:14:5314 [31merror[39m: [31mJWT Verification Error: jwt expired[39m
2026-07-31 16:53:14:5314 [31merror[39m: [31m401 - Invalid or expired security token. Please log in again. - /api/v1/masters/state-fees?activeOnly=true - GET - ::1[39m
2026-07-31 16:53:14:5314 [31merror[39m: [31mJWT Verification Error: jwt expired[39m
2026-07-31 16:53:14:5314 [31merror[39m: [31m401 - Invalid or expired security token. Please log in again. - /api/v1/advocates - GET - ::1[39m
2026-07-31 16:53:14:5314 [31merror[39m: [31mJWT Verification Error: jwt expired[39m
2026-07-31 16:53:14:5314 [31merror[39m: [31m401 - Invalid or expired security token. Please log in again. - /api/v1/clients - GET - ::1[39m
2026-07-31 16:53:14:5314 [31merror[39m: [31mJWT Verification Error: jwt expired[39m
2026-07-31 16:53:14:5314 [31merror[39m: [31m401 - Invalid or expired security token. Please log in again. - /api/v1/diary - GET - ::1[39m
2026-07-31 16:53:14:5314 [31merror[39m: [31mJWT Verification Error: jwt expired[39m
2026-07-31 16:53:14:5314 [31merror[39m: [31m401 - Invalid or expired security token. Please log in again. - /api/v1/daybook - GET - ::1[39m
2026-07-31 16:53:14:5314 [31merror[39m: [31mJWT Verification Error: jwt expired[39m
2026-07-31 16:53:14:5314 [31merror[39m: [31m401 - Invalid or expired security token. Please log in again. - /api/v1/cases - GET - ::1[39m
2026-07-31 16:53:14:5314 [31merror[39m: [31mJWT Verification Error: jwt expired[39m
2026-07-31 16:53:14:5314 [31merror[39m: [31m401 - Invalid or expired security token. Please log in again. - /api/v1/payments - GET - ::1[39m
2026-07-31 16:53:14:5314 [31merror[39m: [31mJWT Verification Error: jwt expired[39m
2026-07-31 16:53:14:5314 [31merror[39m: [31m401 - Invalid or expired security token. Please log in again. - /api/v1/roles/roles - GET - ::1[39m
2026-07-31 16:53:16:5316 [31merror[39m: [31mJWT Verification Error: jwt expired[39m
2026-07-31 16:53:16:5316 [31merror[39m: [31m401 - Invalid or expired security token. Please log in again. - /api/v1/alerts - GET - ::1[39m
2026-07-31 16:53:16:5316 [31merror[39m: [31mJWT Verification Error: jwt expired[39m
2026-07-31 16:53:16:5316 [31merror[39m: [31m401 - Invalid or expired security token. Please log in again. - /api/v1/lands - GET - ::1[39m
2026-07-31 16:53:16:5316 [31merror[39m: [31mJWT Verification Error: jwt expired[39m
2026-07-31 16:53:16:5316 [31merror[39m: [31m401 - Invalid or expired security token. Please log in again. - /api/v1/opinions - GET - ::1[39m
2026-07-31 16:53:16:5316 [31merror[39m: [31mJWT Verification Error: jwt expired[39m
2026-07-31 16:53:16:5316 [31merror[39m: [31m401 - Invalid or expired security token. Please log in again. - /api/v1/memberships - GET - ::1[39m
2026-07-31 16:53:16:5316 [31merror[39m: [31mJWT Verification Error: jwt expired[39m
2026-07-31 16:53:16:5316 [31merror[39m: [31m401 - Invalid or expired security token. Please log in again. - /api/v1/acts - GET - ::1[39m
2026-07-31 16:53:16:5316 [31merror[39m: [31mJWT Verification Error: jwt expired[39m
2026-07-31 16:53:16:5316 [31merror[39m: [31m401 - Invalid or expired security token. Please log in again. - /api/v1/amendments - GET - ::1[39m
2026-07-31 16:53:16:5316 [31merror[39m: [31mJWT Verification Error: jwt expired[39m
2026-07-31 16:53:16:5316 [31merror[39m: [31m401 - Invalid or expired security token. Please log in again. - /api/v1/roles/roles - GET - ::1[39m
2026-07-31 16:53:16:5316 [31merror[39m: [31mJWT Verification Error: jwt expired[39m
2026-07-31 16:53:16:5316 [31merror[39m: [31m401 - Invalid or expired security token. Please log in again. - /api/v1/roles/modules - GET - ::1[39m
2026-07-31 16:53:16:5316 [31merror[39m: [31mJWT Verification Error: jwt expired[39m
2026-07-31 16:53:16:5316 [31merror[39m: [31m401 - Invalid or expired security token. Please log in again. - /api/v1/roles/roles - GET - ::1[39m
2026-07-31 17:48:16:4816 [31merror[39m: [31mJWT Verification Error: jwt expired[39m
2026-07-31 17:48:16:4816 [31merror[39m: [31m401 - Invalid or expired security token. Please log in again. - /api/v1/masters/state-fees?activeOnly=true - GET - ::1[39m
2026-07-31 17:48:16:4816 [31merror[39m: [31mJWT Verification Error: jwt expired[39m
2026-07-31 17:48:16:4816 [31merror[39m: [31m401 - Invalid or expired security token. Please log in again. - /api/v1/cases - GET - ::1[39m
2026-07-31 17:48:16:4816 [31merror[39m: [31mJWT Verification Error: jwt expired[39m
2026-07-31 17:48:16:4816 [31merror[39m: [31m401 - Invalid or expired security token. Please log in again. - /api/v1/clients - GET - ::1[39m
2026-07-31 17:48:16:4816 [31merror[39m: [31mJWT Verification Error: jwt expired[39m
2026-07-31 17:48:16:4816 [31merror[39m: [31m401 - Invalid or expired security token. Please log in again. - /api/v1/advocates - GET - ::1[39m
2026-07-31 17:48:16:4816 [31merror[39m: [31mJWT Verification Error: jwt expired[39m
2026-07-31 17:48:16:4816 [31merror[39m: [31m401 - Invalid or expired security token. Please log in again. - /api/v1/diary - GET - ::1[39m
2026-07-31 17:48:16:4816 [31merror[39m: [31mJWT Verification Error: jwt expired[39m
2026-07-31 17:48:16:4816 [31merror[39m: [31m401 - Invalid or expired security token. Please log in again. - /api/v1/daybook - GET - ::1[39m
2026-07-31 17:48:16:4816 [31merror[39m: [31mJWT Verification Error: jwt expired[39m
2026-07-31 17:48:16:4816 [31merror[39m: [31m401 - Invalid or expired security token. Please log in again. - /api/v1/payments - GET - ::1[39m
2026-07-31 17:48:16:4816 [31merror[39m: [31mJWT Verification Error: jwt expired[39m
2026-07-31 17:48:16:4816 [31merror[39m: [31m401 - Invalid or expired security token. Please log in again. - /api/v1/alerts - GET - ::1[39m
2026-07-31 17:48:16:4816 [31merror[39m: [31mJWT Verification Error: jwt expired[39m
2026-07-31 17:48:16:4816 [31merror[39m: [31m401 - Invalid or expired security token. Please log in again. - /api/v1/lands - GET - ::1[39m
2026-07-31 17:48:16:4816 [31merror[39m: [31mJWT Verification Error: jwt expired[39m
2026-07-31 17:48:16:4816 [31merror[39m: [31m401 - Invalid or expired security token. Please log in again. - /api/v1/opinions - GET - ::1[39m
2026-07-31 17:48:16:4816 [31merror[39m: [31mJWT Verification Error: jwt expired[39m
2026-07-31 17:48:16:4816 [31merror[39m: [31m401 - Invalid or expired security token. Please log in again. - /api/v1/memberships - GET - ::1[39m
2026-07-31 17:48:16:4816 [31merror[39m: [31mJWT Verification Error: jwt expired[39m
2026-07-31 17:48:16:4816 [31merror[39m: [31m401 - Invalid or expired security token. Please log in again. - /api/v1/acts - GET - ::1[39m
2026-07-31 17:48:16:4816 [31merror[39m: [31mJWT Verification Error: jwt expired[39m
2026-07-31 17:48:16:4816 [31merror[39m: [31m401 - Invalid or expired security token. Please log in again. - /api/v1/amendments - GET - ::1[39m
2026-07-31 17:48:16:4816 [31merror[39m: [31mJWT Verification Error: jwt expired[39m
2026-07-31 17:48:16:4816 [31merror[39m: [31m401 - Invalid or expired security token. Please log in again. - /api/v1/masters/state-fees?activeOnly=true - GET - ::1[39m
2026-07-31 17:48:16:4816 [31merror[39m: [31mJWT Verification Error: jwt expired[39m
2026-07-31 17:48:16:4816 [31merror[39m: [31m401 - Invalid or expired security token. Please log in again. - /api/v1/cases - GET - ::1[39m
2026-07-31 17:48:16:4816 [31merror[39m: [31mJWT Verification Error: jwt expired[39m
2026-07-31 17:48:16:4816 [31merror[39m: [31m401 - Invalid or expired security token. Please log in again. - /api/v1/clients - GET - ::1[39m
2026-07-31 17:48:16:4816 [31merror[39m: [31mJWT Verification Error: jwt expired[39m
2026-07-31 17:48:16:4816 [31merror[39m: [31m401 - Invalid or expired security token. Please log in again. - /api/v1/advocates - GET - ::1[39m
2026-07-31 17:48:16:4816 [31merror[39m: [31mJWT Verification Error: jwt expired[39m
2026-07-31 17:48:16:4816 [31merror[39m: [31m401 - Invalid or expired security token. Please log in again. - /api/v1/diary - GET - ::1[39m
2026-07-31 17:48:16:4816 [31merror[39m: [31mJWT Verification Error: jwt expired[39m
2026-07-31 17:48:16:4816 [31merror[39m: [31m401 - Invalid or expired security token. Please log in again. - /api/v1/daybook - GET - ::1[39m
2026-07-31 17:48:16:4816 [31merror[39m: [31mJWT Verification Error: jwt expired[39m
2026-07-31 17:48:16:4816 [31merror[39m: [31m401 - Invalid or expired security token. Please log in again. - /api/v1/payments - GET - ::1[39m
2026-07-31 17:48:16:4816 [31merror[39m: [31mJWT Verification Error: jwt expired[39m
2026-07-31 17:48:16:4816 [31merror[39m: [31m401 - Invalid or expired security token. Please log in again. - /api/v1/alerts - GET - ::1[39m
2026-07-31 17:48:16:4816 [31merror[39m: [31mJWT Verification Error: jwt expired[39m
2026-07-31 17:48:16:4816 [31merror[39m: [31m401 - Invalid or expired security token. Please log in again. - /api/v1/lands - GET - ::1[39m
2026-07-31 17:48:16:4816 [31merror[39m: [31mJWT Verification Error: jwt expired[39m
2026-07-31 17:48:16:4816 [31merror[39m: [31m401 - Invalid or expired security token. Please log in again. - /api/v1/opinions - GET - ::1[39m
2026-07-31 17:48:16:4816 [31merror[39m: [31mJWT Verification Error: jwt expired[39m
2026-07-31 17:48:16:4816 [31merror[39m: [31m401 - Invalid or expired security token. Please log in again. - /api/v1/roles/roles - GET - ::1[39m
2026-07-31 17:48:16:4816 [31merror[39m: [31mJWT Verification Error: jwt expired[39m
2026-07-31 17:48:16:4816 [31merror[39m: [31m401 - Invalid or expired security token. Please log in again. - /api/v1/roles/modules - GET - ::1[39m
2026-07-31 17:48:16:4816 [31merror[39m: [31mJWT Verification Error: jwt expired[39m
2026-07-31 17:48:16:4816 [31merror[39m: [31m401 - Invalid or expired security token. Please log in again. - /api/v1/roles/roles - GET - ::1[39m
2026-07-31 17:48:16:4816 [31merror[39m: [31mJWT Verification Error: jwt expired[39m
2026-07-31 17:48:16:4816 [31merror[39m: [31m401 - Invalid or expired security token. Please log in again. - /api/v1/memberships - GET - ::1[39m
2026-07-31 17:48:16:4816 [31merror[39m: [31mJWT Verification Error: jwt expired[39m
2026-07-31 17:48:16:4816 [31merror[39m: [31m401 - Invalid or expired security token. Please log in again. - /api/v1/acts - GET - ::1[39m
2026-07-31 17:48:16:4816 [31merror[39m: [31mJWT Verification Error: jwt expired[39m
2026-07-31 17:48:16:4816 [31merror[39m: [31m401 - Invalid or expired security token. Please log in again. - /api/v1/amendments - GET - ::1[39m
2026-07-31 17:48:16:4816 [31merror[39m: [31mJWT Verification Error: jwt expired[39m
2026-07-31 17:48:16:4816 [31merror[39m: [31m401 - Invalid or expired security token. Please log in again. - /api/v1/roles/roles - GET - ::1[39m
2026-07-31 17:48:16:4816 [31merror[39m: [31mJWT Verification Error: jwt expired[39m
2026-07-31 17:48:16:4816 [31merror[39m: [31m401 - Invalid or expired security token. Please log in again. - /api/v1/roles/modules - GET - ::1[39m
2026-07-31 17:48:16:4816 [31merror[39m: [31mJWT Verification Error: jwt expired[39m
2026-07-31 17:48:16:4816 [31merror[39m: [31m401 - Invalid or expired security token. Please log in again. - /api/v1/roles/roles - GET - ::1[39m
2026-07-31 17:48:16:4816 [31merror[39m: [31mJWT Verification Error: jwt expired[39m
2026-07-31 17:48:16:4816 [31merror[39m: [31m401 - Invalid or expired security token. Please log in again. - /api/v1/cases - GET - ::1[39m
2026-07-31 17:48:16:4816 [31merror[39m: [31mJWT Verification Error: jwt expired[39m
2026-07-31 17:48:16:4816 [31merror[39m: [31m401 - Invalid or expired security token. Please log in again. - /api/v1/clients - GET - ::1[39m
2026-07-31 17:48:16:4816 [31merror[39m: [31mJWT Verification Error: jwt expired[39m
2026-07-31 17:48:16:4816 [31merror[39m: [31m401 - Invalid or expired security token. Please log in again. - /api/v1/advocates - GET - ::1[39m
2026-07-31 17:48:16:4816 [31merror[39m: [31mJWT Verification Error: jwt expired[39m
2026-07-31 17:48:16:4816 [31merror[39m: [31m401 - Invalid or expired security token. Please log in again. - /api/v1/diary - GET - ::1[39m
2026-07-31 17:48:16:4816 [31merror[39m: [31mJWT Verification Error: jwt expired[39m
2026-07-31 17:48:16:4816 [31merror[39m: [31m401 - Invalid or expired security token. Please log in again. - /api/v1/daybook - GET - ::1[39m
2026-07-31 17:48:16:4816 [31merror[39m: [31mJWT Verification Error: jwt expired[39m
2026-07-31 17:48:16:4816 [31merror[39m: [31m401 - Invalid or expired security token. Please log in again. - /api/v1/payments - GET - ::1[39m
2026-07-31 17:48:16:4816 [31merror[39m: [31mJWT Verification Error: jwt expired[39m
2026-07-31 17:48:16:4816 [31merror[39m: [31m401 - Invalid or expired security token. Please log in again. - /api/v1/alerts - GET - ::1[39m
2026-07-31 17:48:16:4816 [31merror[39m: [31mJWT Verification Error: jwt expired[39m
2026-07-31 17:48:16:4816 [31merror[39m: [31m401 - Invalid or expired security token. Please log in again. - /api/v1/lands - GET - ::1[39m
2026-07-31 17:48:16:4816 [31merror[39m: [31mJWT Verification Error: jwt expired[39m
2026-07-31 17:48:16:4816 [31merror[39m: [31m401 - Invalid or expired security token. Please log in again. - /api/v1/opinions - GET - ::1[39m
2026-07-31 17:48:16:4816 [31merror[39m: [31mJWT Verification Error: jwt expired[39m
2026-07-31 17:48:16:4816 [31merror[39m: [31m401 - Invalid or expired security token. Please log in again. - /api/v1/memberships - GET - ::1[39m
2026-07-31 17:48:16:4816 [31merror[39m: [31mJWT Verification Error: jwt expired[39m
2026-07-31 17:48:16:4816 [31merror[39m: [31m401 - Invalid or expired security token. Please log in again. - /api/v1/acts - GET - ::1[39m
2026-07-31 17:48:16:4816 [31merror[39m: [31mJWT Verification Error: jwt expired[39m
2026-07-31 17:48:16:4816 [31merror[39m: [31m401 - Invalid or expired security token. Please log in again. - /api/v1/masters/case-types?activeOnly=false - GET - ::1[39m
2026-07-31 17:48:16:4816 [31merror[39m: [31mJWT Verification Error: jwt expired[39m
2026-07-31 17:48:16:4816 [31merror[39m: [31m401 - Invalid or expired security token. Please log in again. - /api/v1/amendments - GET - ::1[39m
2026-07-31 17:48:16:4816 [31merror[39m: [31mJWT Verification Error: jwt expired[39m
2026-07-31 17:48:16:4816 [31merror[39m: [31m401 - Invalid or expired security token. Please log in again. - /api/v1/roles/roles - GET - ::1[39m
2026-07-31 17:48:16:4816 [31merror[39m: [31mJWT Verification Error: jwt expired[39m
2026-07-31 17:48:16:4816 [31merror[39m: [31m401 - Invalid or expired security token. Please log in again. - /api/v1/roles/modules - GET - ::1[39m
2026-07-31 17:48:16:4816 [31merror[39m: [31mJWT Verification Error: jwt expired[39m
2026-07-31 17:48:16:4816 [31merror[39m: [31m401 - Invalid or expired security token. Please log in again. - /api/v1/cases - GET - ::1[39m
2026-07-31 17:48:16:4816 [31merror[39m: [31mJWT Verification Error: jwt expired[39m
2026-07-31 17:48:16:4816 [31merror[39m: [31m401 - Invalid or expired security token. Please log in again. - /api/v1/clients - GET - ::1[39m
2026-07-31 17:48:16:4816 [31merror[39m: [31mJWT Verification Error: jwt expired[39m
2026-07-31 17:48:16:4816 [31merror[39m: [31m401 - Invalid or expired security token. Please log in again. - /api/v1/advocates - GET - ::1[39m
2026-07-31 17:48:16:4816 [31merror[39m: [31mJWT Verification Error: jwt expired[39m
2026-07-31 17:48:16:4816 [31merror[39m: [31m401 - Invalid or expired security token. Please log in again. - /api/v1/diary - GET - ::1[39m
2026-07-31 17:48:16:4816 [31merror[39m: [31mJWT Verification Error: jwt expired[39m
2026-07-31 17:48:16:4816 [31merror[39m: [31m401 - Invalid or expired security token. Please log in again. - /api/v1/payments - GET - ::1[39m
2026-07-31 17:48:16:4816 [31merror[39m: [31mJWT Verification Error: jwt expired[39m
2026-07-31 17:48:16:4816 [31merror[39m: [31m401 - Invalid or expired security token. Please log in again. - /api/v1/daybook - GET - ::1[39m
2026-07-31 17:48:16:4816 [31merror[39m: [31mJWT Verification Error: jwt expired[39m
2026-07-31 17:48:16:4816 [31merror[39m: [31m401 - Invalid or expired security token. Please log in again. - /api/v1/alerts - GET - ::1[39m
2026-07-31 17:48:16:4816 [31merror[39m: [31mJWT Verification Error: jwt expired[39m
2026-07-31 17:48:16:4816 [31merror[39m: [31m401 - Invalid or expired security token. Please log in again. - /api/v1/lands - GET - ::1[39m
2026-07-31 17:48:16:4816 [31merror[39m: [31mJWT Verification Error: jwt expired[39m
2026-07-31 17:48:16:4816 [31merror[39m: [31m401 - Invalid or expired security token. Please log in again. - /api/v1/opinions - GET - ::1[39m
2026-07-31 17:48:16:4816 [31merror[39m: [31mJWT Verification Error: jwt expired[39m
2026-07-31 17:48:16:4816 [31merror[39m: [31m401 - Invalid or expired security token. Please log in again. - /api/v1/memberships - GET - ::1[39m
2026-07-31 17:48:16:4816 [31merror[39m: [31mJWT Verification Error: jwt expired[39m
2026-07-31 17:48:16:4816 [31merror[39m: [31m401 - Invalid or expired security token. Please log in again. - /api/v1/acts - GET - ::1[39m
2026-07-31 17:48:16:4816 [31merror[39m: [31mJWT Verification Error: jwt expired[39m
2026-07-31 17:48:16:4816 [31merror[39m: [31m401 - Invalid or expired security token. Please log in again. - /api/v1/masters/case-types?activeOnly=false - GET - ::1[39m
2026-07-31 17:48:16:4816 [31merror[39m: [31mJWT Verification Error: jwt expired[39m
2026-07-31 17:48:16:4816 [31merror[39m: [31m401 - Invalid or expired security token. Please log in again. - /api/v1/amendments - GET - ::1[39m
2026-07-31 17:48:16:4816 [31merror[39m: [31mJWT Verification Error: jwt expired[39m
2026-07-31 17:48:16:4816 [31merror[39m: [31m401 - Invalid or expired security token. Please log in again. - /api/v1/roles/roles - GET - ::1[39m
2026-07-31 17:48:16:4816 [31merror[39m: [31mJWT Verification Error: jwt expired[39m
2026-07-31 17:48:16:4816 [31merror[39m: [31m401 - Invalid or expired security token. Please log in again. - /api/v1/roles/modules - GET - ::1[39m
2026-07-31 17:48:16:4816 [31merror[39m: [31mJWT Verification Error: jwt expired[39m
2026-07-31 17:48:16:4816 [31merror[39m: [31m401 - Invalid or expired security token. Please log in again. - /api/v1/roles/roles - GET - ::1[39m
2026-07-31 17:48:16:4816 [31merror[39m: [31mJWT Verification Error: jwt expired[39m
2026-07-31 17:48:16:4816 [31merror[39m: [31m401 - Invalid or expired security token. Please log in again. - /api/v1/roles/roles - GET - ::1[39m
2026-07-31 17:49:21:4921 [31merror[39m: [31mGetDashboard error: Unknown column 'Case.court_fee_snapshot' in 'field list'[39m
2026-07-31 17:49:21:4921 [31merror[39m: [31m500 - Unknown column 'Case.court_fee_snapshot' in 'field list' - /api/v1/dashboard - GET - ::1[39m
2026-07-31 17:49:21:4921 [31merror[39m: [31mGetDashboard error: Unknown column 'Case.court_fee_snapshot' in 'field list'[39m
2026-07-31 17:49:21:4921 [31merror[39m: [31m500 - Unknown column 'Case.court_fee_snapshot' in 'field list' - /api/v1/dashboard - GET - ::1[39m
2026-07-31 17:50:12:5012 [32minfo[39m: [32mMySQL database connection established successfully.[39m
2026-07-31 17:50:14:5014 [32minfo[39m: [32mMySQL database connection established successfully.[39m
2026-07-31 17:50:14:5014 [33mwarn[39m: [33mensureTasksTable / ensureAmendmentTable / ensureCaseTable failed:[39m
2026-07-31 17:50:15:5015 [32minfo[39m: [32mSynced StateCourtFeeRule and StateCourtFeeSlab tables.[39m
2026-07-31 17:50:15:5015 [32minfo[39m: [32mAlert scanner scheduled daily at midnight (0 0 * * *).[39m
2026-07-31 17:50:15:5015 [32minfo[39m: [32mServer successfully started on port 5000 in development mode.[39m
2026-07-31 17:50:17:5017 [31merror[39m: [31mGetDashboard error: Unknown column 'Case.court_fee_snapshot' in 'field list'[39m
2026-07-31 17:50:17:5017 [31merror[39m: [31m500 - Unknown column 'Case.court_fee_snapshot' in 'field list' - /api/v1/dashboard - GET - ::1[39m
2026-07-31 17:50:18:5018 [31merror[39m: [31mGetDashboard error: Unknown column 'Case.court_fee_snapshot' in 'field list'[39m
2026-07-31 17:50:18:5018 [31merror[39m: [31m500 - Unknown column 'Case.court_fee_snapshot' in 'field list' - /api/v1/dashboard - GET - ::1[39m
2026-07-31 17:57:45:5745 [33mwarn[39m: [33mDocument text extraction failed for "file-1785408154620-499603611.pdf": bad XRef entry[39m
2026-07-31 17:57:46:5746 [32minfo[39m: [32mMySQL database connection established successfully.[39m
2026-07-31 17:57:46:5746 [33mwarn[39m: [33mensureTasksTable / ensureAmendmentTable / ensureCaseTable failed:[39m
2026-07-31 17:57:47:5747 [32minfo[39m: [32mSynced StateCourtFeeRule and StateCourtFeeSlab tables.[39m
2026-07-31 17:57:47:5747 [32minfo[39m: [32mAlert scanner scheduled daily at midnight (0 0 * * *).[39m
2026-07-31 17:57:47:5747 [32minfo[39m: [32mServer successfully started on port 5000 in development mode.[39m
2026-07-31 18:03:42:342 [31merror[39m: [31mJWT Verification Error: jwt expired[39m
2026-07-31 18:03:42:342 [31merror[39m: [31m401 - Invalid or expired security token. Please log in again. - /api/v1/alerts - GET - ::1[39m
2026-07-31 18:03:42:342 [31merror[39m: [31mJWT Verification Error: jwt expired[39m
2026-07-31 18:03:42:342 [31merror[39m: [31m401 - Invalid or expired security token. Please log in again. - /api/v1/alerts - GET - ::1[39m
2026-07-31 18:09:12:912 [31merror[39m: [31m403 - Access Denied: You do not have permission to perform this operation. - /api/v1/advocates - GET - ::1[39m
2026-07-31 18:09:12:912 [31merror[39m: [31m403 - Access Denied: You do not have permission to perform this operation. - /api/v1/payments - GET - ::1[39m
2026-07-31 18:09:12:912 [31merror[39m: [31m403 - Access Denied: You do not have permission to perform this operation. - /api/v1/opinions - GET - ::1[39m
2026-07-31 18:09:12:912 [31merror[39m: [31m403 - Access Denied: You do not have permission to perform this operation. - /api/v1/memberships - GET - ::1[39m
2026-07-31 18:32:32:3232 [31merror[39m: [31m401 - You are not logged in. Please sign in to access. - /api/v1/advocates - GET - ::1[39m
2026-07-31 18:32:32:3232 [31merror[39m: [31m401 - You are not logged in. Please sign in to access. - /api/v1/cases - GET - ::1[39m
2026-07-31 18:32:32:3232 [31merror[39m: [31m401 - You are not logged in. Please sign in to access. - /api/v1/advocates - GET - ::1[39m
2026-07-31 18:32:32:3232 [31merror[39m: [31m401 - You are not logged in. Please sign in to access. - /api/v1/cases - GET - ::1[39m
2026-07-31 18:32:32:3232 [31merror[39m: [31m401 - No refresh token provided - /api/v1/auth/refresh - POST - ::1[39m
2026-07-31 18:44:00:440 [32minfo[39m: [32mShutting down server gracefully...[39m
2026-08-01 10:01:12:112 [32minfo[39m: [32mMySQL database connection established successfully.[39m
2026-08-01 10:01:12:112 [33mwarn[39m: [33mensureTasksTable / ensureAmendmentTable / ensureCaseTable failed:[39m
2026-08-01 10:01:14:114 [32minfo[39m: [32mMySQL database connection established successfully.[39m
2026-08-01 10:01:14:114 [33mwarn[39m: [33mensureTasksTable / ensureAmendmentTable / ensureCaseTable failed:[39m
2026-08-01 10:01:14:114 [32minfo[39m: [32mSynced StateCourtFeeRule and StateCourtFeeSlab tables.[39m
2026-08-01 10:01:14:114 [32minfo[39m: [32mAlert scanner scheduled daily at midnight (0 0 * * *).[39m
2026-08-01 10:01:14:114 [32minfo[39m: [32mServer successfully started on port 5000 in development mode.[39m
2026-08-01 10:05:10:510 [32minfo[39m: [32mMySQL database connection established successfully.[39m
2026-08-01 10:05:11:511 [33mwarn[39m: [33mensureTasksTable / ensureAmendmentTable / ensureCaseTable failed:[39m
2026-08-01 10:05:11:511 [32minfo[39m: [32mSynced StateCourtFeeRule and StateCourtFeeSlab tables.[39m
2026-08-01 10:05:11:511 [32minfo[39m: [32mAlert scanner scheduled daily at midnight (0 0 * * *).[39m
2026-08-01 10:05:11:511 [32minfo[39m: [32mServer successfully started on port 5000 in development mode.[39m
2026-08-01 10:05:22:522 [32minfo[39m: [32mMySQL database connection established successfully.[39m
2026-08-01 10:05:23:523 [33mwarn[39m: [33mensureTasksTable / ensureAmendmentTable / ensureCaseTable failed:[39m
2026-08-01 10:05:23:523 [32minfo[39m: [32mSynced StateCourtFeeRule and StateCourtFeeSlab tables.[39m
2026-08-01 10:05:23:523 [32minfo[39m: [32mAlert scanner scheduled daily at midnight (0 0 * * *).[39m
2026-08-01 10:05:23:523 [32minfo[39m: [32mServer successfully started on port 5000 in development mode.[39m
2026-08-01 10:08:57:857 [31merror[39m: [31mJWT Verification Error: jwt expired[39m
2026-08-01 10:08:57:857 [31merror[39m: [31m401 - Invalid or expired security token. Please log in again. - /api/v1/dashboard - GET - ::1[39m
2026-08-01 10:08:57:857 [31merror[39m: [31mJWT Verification Error: jwt expired[39m
2026-08-01 10:08:57:857 [31merror[39m: [31m401 - Invalid or expired security token. Please log in again. - /api/v1/cases - GET - ::1[39m
2026-08-01 10:08:57:857 [31merror[39m: [31mJWT Verification Error: jwt expired[39m
2026-08-01 10:08:57:857 [31merror[39m: [31m401 - Invalid or expired security token. Please log in again. - /api/v1/clients - GET - ::1[39m
2026-08-01 10:08:57:857 [31merror[39m: [31mJWT Verification Error: jwt expired[39m
2026-08-01 10:08:57:857 [31merror[39m: [31m401 - Invalid or expired security token. Please log in again. - /api/v1/advocates - GET - ::1[39m
2026-08-01 10:08:57:857 [31merror[39m: [31mJWT Verification Error: jwt expired[39m
2026-08-01 10:08:57:857 [31merror[39m: [31m401 - Invalid or expired security token. Please log in again. - /api/v1/diary - GET - ::1[39m
2026-08-01 10:08:57:857 [31merror[39m: [31mJWT Verification Error: jwt expired[39m
2026-08-01 10:08:57:857 [31merror[39m: [31m401 - Invalid or expired security token. Please log in again. - /api/v1/daybook - GET - ::1[39m
2026-08-01 10:08:57:857 [31merror[39m: [31mJWT Verification Error: jwt expired[39m
2026-08-01 10:08:57:857 [31merror[39m: [31m401 - Invalid or expired security token. Please log in again. - /api/v1/payments - GET - ::1[39m
2026-08-01 10:08:57:857 [31merror[39m: [31mJWT Verification Error: jwt expired[39m
2026-08-01 10:08:57:857 [31merror[39m: [31m401 - Invalid or expired security token. Please log in again. - /api/v1/alerts - GET - ::1[39m
2026-08-01 10:08:57:857 [31merror[39m: [31mJWT Verification Error: jwt expired[39m
2026-08-01 10:08:57:857 [31merror[39m: [31m401 - Invalid or expired security token. Please log in again. - /api/v1/lands - GET - ::1[39m
2026-08-01 10:08:57:857 [31merror[39m: [31mJWT Verification Error: jwt expired[39m
2026-08-01 10:08:57:857 [31merror[39m: [31m401 - Invalid or expired security token. Please log in again. - /api/v1/opinions - GET - ::1[39m
2026-08-01 10:08:57:857 [31merror[39m: [31mJWT Verification Error: jwt expired[39m
2026-08-01 10:08:57:857 [31merror[39m: [31m401 - Invalid or expired security token. Please log in again. - /api/v1/memberships - GET - ::1[39m
2026-08-01 10:08:57:857 [31merror[39m: [31mJWT Verification Error: jwt expired[39m
2026-08-01 10:08:57:857 [31merror[39m: [31m401 - Invalid or expired security token. Please log in again. - /api/v1/acts - GET - ::1[39m
2026-08-01 10:08:57:857 [31merror[39m: [31mJWT Verification Error: jwt expired[39m
2026-08-01 10:08:57:857 [31merror[39m: [31m401 - Invalid or expired security token. Please log in again. - /api/v1/amendments - GET - ::1[39m
2026-08-01 10:08:57:857 [31merror[39m: [31mJWT Verification Error: jwt expired[39m
2026-08-01 10:08:57:857 [31merror[39m: [31m401 - Invalid or expired security token. Please log in again. - /api/v1/roles/roles - GET - ::1[39m
2026-08-01 10:08:57:857 [31merror[39m: [31mJWT Verification Error: jwt expired[39m
2026-08-01 10:08:57:857 [31merror[39m: [31m401 - Invalid or expired security token. Please log in again. - /api/v1/roles/modules - GET - ::1[39m
2026-08-01 10:08:57:857 [31merror[39m: [31mJWT Verification Error: jwt expired[39m
2026-08-01 10:08:57:857 [31merror[39m: [31m401 - Invalid or expired security token. Please log in again. - /api/v1/roles/roles - GET - ::1[39m
2026-08-01 10:08:57:857 [31merror[39m: [31mJWT Verification Error: jwt expired[39m
2026-08-01 10:08:57:857 [31merror[39m: [31m401 - Invalid or expired security token. Please log in again. - /api/v1/dashboard - GET - ::1[39m
2026-08-01 10:08:57:857 [31merror[39m: [31mJWT Verification Error: jwt expired[39m
2026-08-01 10:08:57:857 [31merror[39m: [31m401 - Invalid or expired security token. Please log in again. - /api/v1/cases - GET - ::1[39m
2026-08-01 10:08:57:857 [31merror[39m: [31mJWT Verification Error: jwt expired[39m
2026-08-01 10:08:57:857 [31merror[39m: [31m401 - Invalid or expired security token. Please log in again. - /api/v1/clients - GET - ::1[39m
2026-08-01 10:08:57:857 [31merror[39m: [31mJWT Verification Error: jwt expired[39m
2026-08-01 10:08:57:857 [31merror[39m: [31m401 - Invalid or expired security token. Please log in again. - /api/v1/advocates - GET - ::1[39m
2026-08-01 10:08:57:857 [31merror[39m: [31mJWT Verification Error: jwt expired[39m
2026-08-01 10:08:57:857 [31merror[39m: [31m401 - Invalid or expired security token. Please log in again. - /api/v1/diary - GET - ::1[39m
2026-08-01 10:08:57:857 [31merror[39m: [31mJWT Verification Error: jwt expired[39m
2026-08-01 10:08:57:857 [31merror[39m: [31m401 - Invalid or expired security token. Please log in again. - /api/v1/daybook - GET - ::1[39m
2026-08-01 10:08:57:857 [31merror[39m: [31mJWT Verification Error: jwt expired[39m
2026-08-01 10:08:57:857 [31merror[39m: [31m401 - Invalid or expired security token. Please log in again. - /api/v1/payments - GET - ::1[39m
2026-08-01 10:08:57:857 [31merror[39m: [31mJWT Verification Error: jwt expired[39m
2026-08-01 10:08:57:857 [31merror[39m: [31m401 - Invalid or expired security token. Please log in again. - /api/v1/alerts - GET - ::1[39m
2026-08-01 10:08:57:857 [31merror[39m: [31mJWT Verification Error: jwt expired[39m
2026-08-01 10:08:57:857 [31merror[39m: [31m401 - Invalid or expired security token. Please log in again. - /api/v1/lands - GET - ::1[39m
2026-08-01 10:08:57:857 [31merror[39m: [31mJWT Verification Error: jwt expired[39m
2026-08-01 10:08:57:857 [31merror[39m: [31m401 - Invalid or expired security token. Please log in again. - /api/v1/opinions - GET - ::1[39m
2026-08-01 10:08:57:857 [31merror[39m: [31mJWT Verification Error: jwt expired[39m
2026-08-01 10:08:57:857 [31merror[39m: [31m401 - Invalid or expired security token. Please log in again. - /api/v1/memberships - GET - ::1[39m
2026-08-01 10:08:57:857 [31merror[39m: [31mJWT Verification Error: jwt expired[39m
2026-08-01 10:08:57:857 [31merror[39m: [31m401 - Invalid or expired security token. Please log in again. - /api/v1/acts - GET - ::1[39m
2026-08-01 10:08:57:857 [31merror[39m: [31mJWT Verification Error: jwt expired[39m
2026-08-01 10:08:57:857 [31merror[39m: [31m401 - Invalid or expired security token. Please log in again. - /api/v1/amendments - GET - ::1[39m
2026-08-01 10:08:57:857 [31merror[39m: [31mJWT Verification Error: jwt expired[39m
2026-08-01 10:08:57:857 [31merror[39m: [31m401 - Invalid or expired security token. Please log in again. - /api/v1/roles/roles - GET - ::1[39m
2026-08-01 10:08:57:857 [31merror[39m: [31mJWT Verification Error: jwt expired[39m
2026-08-01 10:08:57:857 [31merror[39m: [31m401 - Invalid or expired security token. Please log in again. - /api/v1/roles/modules - GET - ::1[39m
2026-08-01 10:08:57:857 [31merror[39m: [31mJWT Verification Error: jwt expired[39m
2026-08-01 10:08:57:857 [31merror[39m: [31m401 - Invalid or expired security token. Please log in again. - /api/v1/roles/roles - GET - ::1[39m
2026-08-01 10:08:57:857 [31merror[39m: [31mGetAllAdvocates error: User is associated to Advocate using an alias. You must use the 'as' keyword to specify the alias within your include statement.[39m
2026-08-01 10:08:57:857 [31merror[39m: [31m500 - User is associated to Advocate using an alias. You must use the 'as' keyword to specify the alias within your include statement. - /api/v1/advocates - GET - ::1[39m
2026-08-01 10:08:58:858 [31merror[39m: [31mGetAllAdvocates error: User is associated to Advocate using an alias. You must use the 'as' keyword to specify the alias within your include statement.[39m
2026-08-01 10:08:58:858 [31merror[39m: [31m500 - User is associated to Advocate using an alias. You must use the 'as' keyword to specify the alias within your include statement. - /api/v1/advocates - GET - ::1[39m
2026-08-01 10:09:04:94 [31merror[39m: [31mGetAllAdvocates error: User is associated to Advocate using an alias. You must use the 'as' keyword to specify the alias within your include statement.[39m
2026-08-01 10:09:04:94 [31merror[39m: [31m500 - User is associated to Advocate using an alias. You must use the 'as' keyword to specify the alias within your include statement. - /api/v1/advocates - GET - ::1[39m
2026-08-01 10:09:04:94 [31merror[39m: [31mGetAllAdvocates error: User is associated to Advocate using an alias. You must use the 'as' keyword to specify the alias within your include statement.[39m
2026-08-01 10:09:04:94 [31merror[39m: [31m500 - User is associated to Advocate using an alias. You must use the 'as' keyword to specify the alias within your include statement. - /api/v1/advocates - GET - ::1[39m
2026-08-01 10:10:06:106 [32minfo[39m: [32mMySQL database connection established successfully.[39m
2026-08-01 10:10:06:106 [33mwarn[39m: [33mensureTasksTable / ensureAmendmentTable / ensureCaseTable failed:[39m
2026-08-01 10:10:07:107 [32minfo[39m: [32mSynced StateCourtFeeRule and StateCourtFeeSlab tables.[39m
2026-08-01 10:10:07:107 [32minfo[39m: [32mAlert scanner scheduled daily at midnight (0 0 * * *).[39m
2026-08-01 10:10:07:107 [32minfo[39m: [32mServer successfully started on port 5000 in development mode.[39m
