2026-07-24 17:22:03:223 [31merror[39m: [31m401 - Incorrect email or password - /api/v1/auth/login - POST - ::1[39m
2026-07-24 17:56:20:5620 [31merror[39m: [31m401 - Incorrect email or password - /api/v1/auth/login - POST - ::1[39m
2026-07-24 17:56:42:5642 [31merror[39m: [31m401 - Incorrect email or password - /api/v1/auth/login - POST - ::1[39m
2026-07-24 17:56:47:5647 [31merror[39m: [31m401 - Incorrect email or password - /api/v1/auth/login - POST - ::1[39m
2026-07-24 17:57:46:5746 [31merror[39m: [31m401 - Incorrect email or password - /api/v1/auth/login - POST - ::1[39m
2026-07-24 17:57:54:5754 [31merror[39m: [31m401 - Incorrect email or password - /api/v1/auth/login - POST - ::1[39m
2026-07-24 17:58:11:5811 [31merror[39m: [31m401 - Incorrect email or password - /api/v1/auth/login - POST - ::1[39m
2026-07-24 18:00:13:013 [31merror[39m: [31mLogin error: Unknown column 'role' in 'field list'[39m
2026-07-24 18:00:13:013 [31merror[39m: [31m500 - Unknown column 'role' in 'field list' - /api/v1/auth/login - POST - ::1[39m
2026-07-24 18:00:27:027 [31merror[39m: [31mLogin error: Unknown column 'role' in 'field list'[39m
2026-07-24 18:00:27:027 [31merror[39m: [31m500 - Unknown column 'role' in 'field list' - /api/v1/auth/login - POST - ::1[39m
2026-07-24 18:00:44:044 [31merror[39m: [31mLogin error: Unknown column 'role' in 'field list'[39m
2026-07-24 18:00:44:044 [31merror[39m: [31m500 - Unknown column 'role' in 'field list' - /api/v1/auth/login - POST - ::1[39m
2026-07-24 18:02:11:211 [31merror[39m: [31mLogin error: Unknown column 'role' in 'field list'[39m
2026-07-24 18:02:11:211 [31merror[39m: [31m500 - Unknown column 'role' in 'field list' - /api/v1/auth/login - POST - ::1[39m
2026-07-24 18:48:39:4839 [31merror[39m: [31m401 - Incorrect email or password - /api/v1/auth/login - POST - ::1[39m
2026-07-24 18:49:54:4954 [31merror[39m: [31m401 - User belonging to this token no longer exists or is inactive - /api/v1/auth/refresh - POST - ::1[39m
2026-07-24 18:49:54:4954 [31merror[39m: [31m401 - Incorrect email or password - /api/v1/auth/login - POST - ::1[39m
2026-07-24 18:52:29:5229 [31merror[39m: [31m401 - User not found or inactive - /api/v1/auth/me - GET - ::1[39m
2026-07-25 10:13:34:1334 [31merror[39m: [31mJWT Verification Error: jwt expired[39m
2026-07-25 10:13:34:1334 [31merror[39m: [31m401 - Invalid or expired security token. Please log in again. - /api/v1/clients - GET - ::1[39m
2026-07-25 10:13:34:1334 [31merror[39m: [31mJWT Verification Error: jwt expired[39m
2026-07-25 10:13:34:1334 [31merror[39m: [31m401 - Invalid or expired security token. Please log in again. - /api/v1/clients - GET - ::1[39m
2026-07-25 10:13:34:1334 [31merror[39m: [31mRefresh token error: invalid signature[39m
2026-07-25 10:13:34:1334 [31merror[39m: [31m401 - Invalid or expired refresh token - /api/v1/auth/refresh - POST - ::1[39m
2026-07-25 10:31:15:3115 [31merror[39m: [31mJWT Verification Error: jwt expired[39m
2026-07-25 10:31:15:3115 [31merror[39m: [31m401 - Invalid or expired security token. Please log in again. - /api/v1/advocates - GET - ::1[39m
2026-07-25 10:46:17:4617 [31merror[39m: [31mJWT Verification Error: jwt expired[39m
2026-07-25 10:46:17:4617 [31merror[39m: [31m401 - Invalid or expired security token. Please log in again. - /api/v1/diary - GET - ::1[39m
2026-07-25 10:46:17:4617 [31merror[39m: [31mJWT Verification Error: jwt expired[39m
2026-07-25 10:46:17:4617 [31merror[39m: [31m401 - Invalid or expired security token. Please log in again. - /api/v1/cases - GET - ::1[39m
2026-07-25 10:46:17:4617 [31merror[39m: [31mJWT Verification Error: jwt expired[39m
2026-07-25 10:46:17:4617 [31merror[39m: [31m401 - Invalid or expired security token. Please log in again. - /api/v1/advocates - GET - ::1[39m
2026-07-25 11:06:23:623 [31merror[39m: [31mJWT Verification Error: jwt expired[39m
2026-07-25 11:06:23:623 [31merror[39m: [31m401 - Invalid or expired security token. Please log in again. - /api/v1/cases - GET - ::1[39m
2026-07-25 11:06:23:623 [31merror[39m: [31mJWT Verification Error: jwt expired[39m
2026-07-25 11:06:23:623 [31merror[39m: [31m401 - Invalid or expired security token. Please log in again. - /api/v1/clients - GET - ::1[39m
2026-07-25 11:06:23:623 [31merror[39m: [31mJWT Verification Error: jwt expired[39m
2026-07-25 11:06:23:623 [31merror[39m: [31m401 - Invalid or expired security token. Please log in again. - /api/v1/cases - GET - ::1[39m
2026-07-25 11:06:23:623 [31merror[39m: [31mJWT Verification Error: jwt expired[39m
2026-07-25 11:06:23:623 [31merror[39m: [31m401 - Invalid or expired security token. Please log in again. - /api/v1/clients - GET - ::1[39m
2026-07-25 11:33:07:337 [31merror[39m: [31mJWT Verification Error: jwt expired[39m
2026-07-25 11:33:07:337 [31merror[39m: [31m401 - Invalid or expired security token. Please log in again. - /api/v1/diary - GET - ::1[39m
2026-07-25 11:33:08:338 [31merror[39m: [31mJWT Verification Error: jwt expired[39m
2026-07-25 11:33:08:338 [31merror[39m: [31m401 - Invalid or expired security token. Please log in again. - /api/v1/cases - GET - ::1[39m
2026-07-25 11:33:08:338 [31merror[39m: [31mJWT Verification Error: jwt expired[39m
2026-07-25 11:33:08:338 [31merror[39m: [31m401 - Invalid or expired security token. Please log in again. - /api/v1/advocates - GET - ::1[39m
2026-07-25 11:33:08:338 [31merror[39m: [31mJWT Verification Error: jwt expired[39m
2026-07-25 11:33:08:338 [31merror[39m: [31m401 - Invalid or expired security token. Please log in again. - /api/v1/diary - GET - ::1[39m
2026-07-25 11:33:08:338 [31merror[39m: [31mJWT Verification Error: jwt expired[39m
2026-07-25 11:33:08:338 [31merror[39m: [31m401 - Invalid or expired security token. Please log in again. - /api/v1/cases - GET - ::1[39m
2026-07-25 11:33:08:338 [31merror[39m: [31mJWT Verification Error: jwt expired[39m
2026-07-25 11:33:08:338 [31merror[39m: [31m401 - Invalid or expired security token. Please log in again. - /api/v1/advocates - GET - ::1[39m
2026-07-25 12:01:17:117 [31merror[39m: [31mJWT Verification Error: jwt expired[39m
2026-07-25 12:01:17:117 [31merror[39m: [31m401 - Invalid or expired security token. Please log in again. - /api/v1/cases - GET - ::1[39m
2026-07-25 12:01:17:117 [31merror[39m: [31mJWT Verification Error: jwt expired[39m
2026-07-25 12:01:17:117 [31merror[39m: [31m401 - Invalid or expired security token. Please log in again. - /api/v1/clients - GET - ::1[39m
2026-07-25 12:01:17:117 [31merror[39m: [31mJWT Verification Error: jwt expired[39m
2026-07-25 12:01:17:117 [31merror[39m: [31m401 - Invalid or expired security token. Please log in again. - /api/v1/advocates - GET - ::1[39m
2026-07-25 12:01:17:117 [31merror[39m: [31mJWT Verification Error: jwt expired[39m
2026-07-25 12:01:17:117 [31merror[39m: [31m401 - Invalid or expired security token. Please log in again. - /api/v1/advocates - GET - ::1[39m
2026-07-25 12:01:17:117 [31merror[39m: [31mJWT Verification Error: jwt expired[39m
2026-07-25 12:01:17:117 [31merror[39m: [31m401 - Invalid or expired security token. Please log in again. - /api/v1/cases - GET - ::1[39m
2026-07-25 12:01:17:117 [31merror[39m: [31mJWT Verification Error: jwt expired[39m
2026-07-25 12:01:17:117 [31merror[39m: [31m401 - Invalid or expired security token. Please log in again. - /api/v1/clients - GET - ::1[39m
2026-07-25 12:01:17:117 [31merror[39m: [31mRefresh token error: invalid signature[39m
2026-07-25 12:01:17:117 [31merror[39m: [31m401 - Invalid or expired refresh token - /api/v1/auth/refresh - POST - ::1[39m
2026-07-25 12:13:04:134 [31merror[39m: [31mGetAllDocuments error: Unknown column 'Document.file_path' in 'field list'[39m
2026-07-25 12:13:04:134 [31merror[39m: [31m500 - Unknown column 'Document.file_path' in 'field list' - /api/v1/documents - GET - ::1[39m
2026-07-25 12:16:27:1627 [31merror[39m: [31mJWT Verification Error: jwt expired[39m
2026-07-25 12:16:27:1627 [31merror[39m: [31m401 - Invalid or expired security token. Please log in again. - /api/v1/documents - GET - ::1[39m
2026-07-25 12:16:27:1627 [31merror[39m: [31mJWT Verification Error: jwt expired[39m
2026-07-25 12:16:27:1627 [31merror[39m: [31m401 - Invalid or expired security token. Please log in again. - /api/v1/cases - GET - ::1[39m
2026-07-25 12:16:27:1627 [31merror[39m: [31mJWT Verification Error: jwt expired[39m
2026-07-25 12:16:27:1627 [31merror[39m: [31m401 - Invalid or expired security token. Please log in again. - /api/v1/documents - GET - ::1[39m
2026-07-25 12:16:27:1627 [31merror[39m: [31mJWT Verification Error: jwt expired[39m
2026-07-25 12:16:27:1627 [31merror[39m: [31m401 - Invalid or expired security token. Please log in again. - /api/v1/cases - GET - ::1[39m
2026-07-25 12:32:17:3217 [31merror[39m: [31mJWT Verification Error: jwt expired[39m
2026-07-25 12:32:17:3217 [31merror[39m: [31m401 - Invalid or expired security token. Please log in again. - /api/v1/payments - GET - ::1[39m
2026-07-25 12:32:17:3217 [31merror[39m: [31mJWT Verification Error: jwt expired[39m
2026-07-25 12:32:17:3217 [31merror[39m: [31m401 - Invalid or expired security token. Please log in again. - /api/v1/cases - GET - ::1[39m
2026-07-25 12:32:17:3217 [31merror[39m: [31mJWT Verification Error: jwt expired[39m
2026-07-25 12:32:17:3217 [31merror[39m: [31m401 - Invalid or expired security token. Please log in again. - /api/v1/clients - GET - ::1[39m
2026-07-25 12:32:17:3217 [31merror[39m: [31mJWT Verification Error: jwt expired[39m
2026-07-25 12:32:17:3217 [31merror[39m: [31m401 - Invalid or expired security token. Please log in again. - /api/v1/advocates - GET - ::1[39m
2026-07-25 12:48:12:4812 [31merror[39m: [31mJWT Verification Error: jwt expired[39m
2026-07-25 12:48:12:4812 [31merror[39m: [31m401 - Invalid or expired security token. Please log in again. - /api/v1/memberships - GET - ::1[39m
2026-07-25 12:48:12:4812 [31merror[39m: [31mJWT Verification Error: jwt expired[39m
2026-07-25 12:48:12:4812 [31merror[39m: [31m401 - Invalid or expired security token. Please log in again. - /api/v1/advocates - GET - ::1[39m
2026-07-25 12:48:12:4812 [31merror[39m: [31mJWT Verification Error: jwt expired[39m
2026-07-25 12:48:12:4812 [31merror[39m: [31m401 - Invalid or expired security token. Please log in again. - /api/v1/memberships - GET - ::1[39m
2026-07-25 12:48:12:4812 [31merror[39m: [31mJWT Verification Error: jwt expired[39m
2026-07-25 12:48:12:4812 [31merror[39m: [31m401 - Invalid or expired security token. Please log in again. - /api/v1/advocates - GET - ::1[39m
2026-07-25 12:49:51:4951 [31merror[39m: [31m401 - Incorrect email or password - /api/v1/auth/login - POST - ::1[39m
2026-07-25 12:49:55:4955 [31merror[39m: [31m401 - Incorrect email or password - /api/v1/auth/login - POST - ::1[39m
2026-07-25 13:54:29:5429 [31merror[39m: [31mJWT Verification Error: jwt expired[39m
2026-07-25 13:54:29:5429 [31merror[39m: [31m401 - Invalid or expired security token. Please log in again. - /api/v1/cases - GET - ::1[39m
2026-07-25 13:54:29:5429 [31merror[39m: [31mJWT Verification Error: jwt expired[39m
2026-07-25 13:54:29:5429 [31merror[39m: [31m401 - Invalid or expired security token. Please log in again. - /api/v1/clients - GET - ::1[39m
2026-07-25 13:54:29:5429 [31merror[39m: [31mJWT Verification Error: jwt expired[39m
2026-07-25 13:54:29:5429 [31merror[39m: [31m401 - Invalid or expired security token. Please log in again. - /api/v1/advocates - GET - ::1[39m
2026-07-25 13:54:29:5429 [31merror[39m: [31mJWT Verification Error: jwt expired[39m
2026-07-25 13:54:29:5429 [31merror[39m: [31m401 - Invalid or expired security token. Please log in again. - /api/v1/cases - GET - ::1[39m
2026-07-25 13:54:29:5429 [31merror[39m: [31mJWT Verification Error: jwt expired[39m
2026-07-25 13:54:29:5429 [31merror[39m: [31m401 - Invalid or expired security token. Please log in again. - /api/v1/clients - GET - ::1[39m
2026-07-25 13:54:29:5429 [31merror[39m: [31mJWT Verification Error: jwt expired[39m
2026-07-25 13:54:29:5429 [31merror[39m: [31m401 - Invalid or expired security token. Please log in again. - /api/v1/advocates - GET - ::1[39m
2026-07-25 13:55:41:5541 [31merror[39m: [31m401 - Incorrect email or password - /api/v1/auth/login - POST - ::1[39m
2026-07-25 14:18:25:1825 [31merror[39m: [31mJWT Verification Error: jwt expired[39m
2026-07-25 14:18:25:1825 [31merror[39m: [31m401 - Invalid or expired security token. Please log in again. - /api/v1/clients - GET - ::1[39m
2026-07-25 14:18:25:1825 [31merror[39m: [31mJWT Verification Error: jwt expired[39m
2026-07-25 14:18:25:1825 [31merror[39m: [31m401 - Invalid or expired security token. Please log in again. - /api/v1/cases - GET - ::1[39m
2026-07-25 14:18:25:1825 [31merror[39m: [31mJWT Verification Error: jwt expired[39m
2026-07-25 14:18:25:1825 [31merror[39m: [31m401 - Invalid or expired security token. Please log in again. - /api/v1/clients - GET - ::1[39m
2026-07-25 14:18:25:1825 [31merror[39m: [31mJWT Verification Error: jwt expired[39m
2026-07-25 14:18:25:1825 [31merror[39m: [31m401 - Invalid or expired security token. Please log in again. - /api/v1/cases - GET - ::1[39m
2026-07-25 14:45:00:450 [31merror[39m: [31mJWT Verification Error: jwt expired[39m
2026-07-25 14:45:00:450 [31merror[39m: [31m401 - Invalid or expired security token. Please log in again. - /api/v1/cases - GET - ::1[39m
2026-07-25 14:45:00:450 [31merror[39m: [31mJWT Verification Error: jwt expired[39m
2026-07-25 14:45:00:450 [31merror[39m: [31m401 - Invalid or expired security token. Please log in again. - /api/v1/clients - GET - ::1[39m
2026-07-25 14:45:00:450 [31merror[39m: [31mJWT Verification Error: jwt expired[39m
2026-07-25 14:45:00:450 [31merror[39m: [31m401 - Invalid or expired security token. Please log in again. - /api/v1/advocates - GET - ::1[39m
2026-07-25 15:03:13:313 [31merror[39m: [31mJWT Verification Error: jwt expired[39m
2026-07-25 15:03:13:313 [31merror[39m: [31m401 - Invalid or expired security token. Please log in again. - /api/v1/cases - GET - ::1[39m
2026-07-25 15:03:13:313 [31merror[39m: [31mJWT Verification Error: jwt expired[39m
2026-07-25 15:03:13:313 [31merror[39m: [31m401 - Invalid or expired security token. Please log in again. - /api/v1/clients - GET - ::1[39m
2026-07-25 15:03:13:313 [31merror[39m: [31mJWT Verification Error: jwt expired[39m
2026-07-25 15:03:13:313 [31merror[39m: [31m401 - Invalid or expired security token. Please log in again. - /api/v1/advocates - GET - ::1[39m
2026-07-25 15:03:13:313 [31merror[39m: [31mJWT Verification Error: jwt expired[39m
2026-07-25 15:03:13:313 [31merror[39m: [31m401 - Invalid or expired security token. Please log in again. - /api/v1/cases - GET - ::1[39m
2026-07-25 15:03:13:313 [31merror[39m: [31mJWT Verification Error: jwt expired[39m
2026-07-25 15:03:13:313 [31merror[39m: [31m401 - Invalid or expired security token. Please log in again. - /api/v1/clients - GET - ::1[39m
2026-07-25 15:03:13:313 [31merror[39m: [31mJWT Verification Error: jwt expired[39m
2026-07-25 15:03:13:313 [31merror[39m: [31m401 - Invalid or expired security token. Please log in again. - /api/v1/advocates - GET - ::1[39m
2026-07-25 16:40:19:4019 [31merror[39m: [31mJWT Verification Error: jwt expired[39m
2026-07-25 16:40:19:4019 [31merror[39m: [31m401 - Invalid or expired security token. Please log in again. - /api/v1/cases - GET - ::1[39m
2026-07-25 16:40:19:4019 [31merror[39m: [31mJWT Verification Error: jwt expired[39m
2026-07-25 16:40:19:4019 [31merror[39m: [31m401 - Invalid or expired security token. Please log in again. - /api/v1/clients - GET - ::1[39m
2026-07-25 16:40:19:4019 [31merror[39m: [31mJWT Verification Error: jwt expired[39m
2026-07-25 16:40:19:4019 [31merror[39m: [31m401 - Invalid or expired security token. Please log in again. - /api/v1/advocates - GET - ::1[39m
2026-07-25 16:40:19:4019 [31merror[39m: [31mJWT Verification Error: jwt expired[39m
2026-07-25 16:40:19:4019 [31merror[39m: [31m401 - Invalid or expired security token. Please log in again. - /api/v1/cases - GET - ::1[39m
2026-07-25 16:40:19:4019 [31merror[39m: [31mJWT Verification Error: jwt expired[39m
2026-07-25 16:40:19:4019 [31merror[39m: [31m401 - Invalid or expired security token. Please log in again. - /api/v1/clients - GET - ::1[39m
2026-07-25 16:40:19:4019 [31merror[39m: [31mJWT Verification Error: jwt expired[39m
2026-07-25 16:40:19:4019 [31merror[39m: [31m401 - Invalid or expired security token. Please log in again. - /api/v1/advocates - GET - ::1[39m
2026-07-25 16:40:19:4019 [31merror[39m: [31mJWT Verification Error: jwt expired[39m
2026-07-25 16:40:19:4019 [31merror[39m: [31m401 - Invalid or expired security token. Please log in again. - /api/v1/diary - GET - ::1[39m
2026-07-25 16:40:19:4019 [31merror[39m: [31mJWT Verification Error: jwt expired[39m
2026-07-25 16:40:19:4019 [31merror[39m: [31m401 - Invalid or expired security token. Please log in again. - /api/v1/daybook - GET - ::1[39m
2026-07-25 16:40:19:4019 [31merror[39m: [31mJWT Verification Error: jwt expired[39m
2026-07-25 16:40:19:4019 [31merror[39m: [31m401 - Invalid or expired security token. Please log in again. - /api/v1/payments - GET - ::1[39m
2026-07-25 16:40:19:4019 [31merror[39m: [31mJWT Verification Error: jwt expired[39m
2026-07-25 16:40:19:4019 [31merror[39m: [31m401 - Invalid or expired security token. Please log in again. - /api/v1/alerts - GET - ::1[39m
2026-07-25 16:40:19:4019 [31merror[39m: [31mJWT Verification Error: jwt expired[39m
2026-07-25 16:40:19:4019 [31merror[39m: [31m401 - Invalid or expired security token. Please log in again. - /api/v1/lands - GET - ::1[39m
2026-07-25 16:40:22:4022 [31merror[39m: [31mJWT Verification Error: jwt expired[39m
2026-07-25 16:40:22:4022 [31merror[39m: [31m401 - Invalid or expired security token. Please log in again. - /api/v1/opinions - GET - ::1[39m
2026-07-25 16:40:24:4024 [31merror[39m: [31mJWT Verification Error: jwt expired[39m
2026-07-25 16:40:24:4024 [31merror[39m: [31m401 - Invalid or expired security token. Please log in again. - /api/v1/opinions - GET - ::1[39m
2026-07-25 16:40:24:4024 [31merror[39m: [31mJWT Verification Error: jwt expired[39m
2026-07-25 16:40:24:4024 [31merror[39m: [31m401 - Invalid or expired security token. Please log in again. - /api/v1/memberships - GET - ::1[39m
2026-07-25 16:40:24:4024 [31merror[39m: [31mJWT Verification Error: jwt expired[39m
2026-07-25 16:40:24:4024 [31merror[39m: [31m401 - Invalid or expired security token. Please log in again. - /api/v1/roles/roles - GET - ::1[39m
2026-07-25 16:40:24:4024 [31merror[39m: [31mJWT Verification Error: jwt expired[39m
2026-07-25 16:40:24:4024 [31merror[39m: [31m401 - Invalid or expired security token. Please log in again. - /api/v1/cases - GET - ::1[39m
2026-07-25 16:40:24:4024 [31merror[39m: [31mJWT Verification Error: jwt expired[39m
2026-07-25 16:40:24:4024 [31merror[39m: [31m401 - Invalid or expired security token. Please log in again. - /api/v1/clients - GET - ::1[39m
2026-07-25 16:40:24:4024 [31merror[39m: [31mJWT Verification Error: jwt expired[39m
2026-07-25 16:40:24:4024 [31merror[39m: [31m401 - Invalid or expired security token. Please log in again. - /api/v1/advocates - GET - ::1[39m
2026-07-25 16:40:24:4024 [31merror[39m: [31mJWT Verification Error: jwt expired[39m
2026-07-25 16:40:24:4024 [31merror[39m: [31m401 - Invalid or expired security token. Please log in again. - /api/v1/diary - GET - ::1[39m
2026-07-25 16:40:24:4024 [31merror[39m: [31mJWT Verification Error: jwt expired[39m
2026-07-25 16:40:24:4024 [31merror[39m: [31m401 - Invalid or expired security token. Please log in again. - /api/v1/daybook - GET - ::1[39m
2026-07-25 16:40:24:4024 [31merror[39m: [31mJWT Verification Error: jwt expired[39m
2026-07-25 16:40:24:4024 [31merror[39m: [31m401 - Invalid or expired security token. Please log in again. - /api/v1/payments - GET - ::1[39m
2026-07-25 16:40:24:4024 [31merror[39m: [31mJWT Verification Error: jwt expired[39m
2026-07-25 16:40:24:4024 [31merror[39m: [31m401 - Invalid or expired security token. Please log in again. - /api/v1/alerts - GET - ::1[39m
2026-07-25 16:40:24:4024 [31merror[39m: [31mJWT Verification Error: jwt expired[39m
2026-07-25 16:40:24:4024 [31merror[39m: [31m401 - Invalid or expired security token. Please log in again. - /api/v1/lands - GET - ::1[39m
2026-07-25 16:40:24:4024 [31merror[39m: [31mJWT Verification Error: jwt expired[39m
2026-07-25 16:40:24:4024 [31merror[39m: [31m401 - Invalid or expired security token. Please log in again. - /api/v1/memberships - GET - ::1[39m
2026-07-25 16:40:24:4024 [31merror[39m: [31mJWT Verification Error: jwt expired[39m
2026-07-25 16:40:24:4024 [31merror[39m: [31m401 - Invalid or expired security token. Please log in again. - /api/v1/roles/roles - GET - ::1[39m
2026-07-25 16:40:24:4024 [31merror[39m: [31mJWT Verification Error: jwt expired[39m
2026-07-25 16:40:24:4024 [31merror[39m: [31m401 - Invalid or expired security token. Please log in again. - /api/v1/cases - GET - ::1[39m
2026-07-25 16:40:24:4024 [31merror[39m: [31mJWT Verification Error: jwt expired[39m
2026-07-25 16:40:24:4024 [31merror[39m: [31m401 - Invalid or expired security token. Please log in again. - /api/v1/clients - GET - ::1[39m
2026-07-25 16:40:24:4024 [31merror[39m: [31mJWT Verification Error: jwt expired[39m
2026-07-25 16:40:24:4024 [31merror[39m: [31m401 - Invalid or expired security token. Please log in again. - /api/v1/advocates - GET - ::1[39m
2026-07-25 17:01:59:159 [31merror[39m: [31mJWT Verification Error: jwt expired[39m
2026-07-25 17:01:59:159 [31merror[39m: [31m401 - Invalid or expired security token. Please log in again. - /api/v1/clients - GET - ::1[39m
2026-07-25 17:01:59:159 [31merror[39m: [31mJWT Verification Error: jwt expired[39m
2026-07-25 17:01:59:159 [31merror[39m: [31m401 - Invalid or expired security token. Please log in again. - /api/v1/clients - GET - ::1[39m
2026-07-25 17:01:59:159 [31merror[39m: [31mJWT Verification Error: jwt expired[39m
2026-07-25 17:01:59:159 [31merror[39m: [31m401 - Invalid or expired security token. Please log in again. - /api/v1/cases - GET - ::1[39m
2026-07-25 17:01:59:159 [31merror[39m: [31mJWT Verification Error: jwt expired[39m
2026-07-25 17:01:59:159 [31merror[39m: [31m401 - Invalid or expired security token. Please log in again. - /api/v1/advocates - GET - ::1[39m
2026-07-25 17:01:59:159 [31merror[39m: [31mJWT Verification Error: jwt expired[39m
2026-07-25 17:01:59:159 [31merror[39m: [31m401 - Invalid or expired security token. Please log in again. - /api/v1/cases - GET - ::1[39m
2026-07-25 17:01:59:159 [31merror[39m: [31mJWT Verification Error: jwt expired[39m
2026-07-25 17:01:59:159 [31merror[39m: [31m401 - Invalid or expired security token. Please log in again. - /api/v1/diary - GET - ::1[39m
2026-07-25 17:01:59:159 [31merror[39m: [31mJWT Verification Error: jwt expired[39m
2026-07-25 17:01:59:159 [31merror[39m: [31m401 - Invalid or expired security token. Please log in again. - /api/v1/daybook - GET - ::1[39m
2026-07-25 17:01:59:159 [31merror[39m: [31mJWT Verification Error: jwt expired[39m
2026-07-25 17:01:59:159 [31merror[39m: [31m401 - Invalid or expired security token. Please log in again. - /api/v1/clients - GET - ::1[39m
2026-07-25 17:01:59:159 [31merror[39m: [31mJWT Verification Error: jwt expired[39m
2026-07-25 17:01:59:159 [31merror[39m: [31m401 - Invalid or expired security token. Please log in again. - /api/v1/payments - GET - ::1[39m
2026-07-25 17:01:59:159 [31merror[39m: [31mJWT Verification Error: jwt expired[39m
2026-07-25 17:01:59:159 [31merror[39m: [31m401 - Invalid or expired security token. Please log in again. - /api/v1/cases - GET - ::1[39m
2026-07-25 17:01:59:159 [31merror[39m: [31mJWT Verification Error: jwt expired[39m
2026-07-25 17:01:59:159 [31merror[39m: [31m401 - Invalid or expired security token. Please log in again. - /api/v1/advocates - GET - ::1[39m
2026-07-25 17:01:59:159 [31merror[39m: [31mJWT Verification Error: jwt expired[39m
2026-07-25 17:01:59:159 [31merror[39m: [31m401 - Invalid or expired security token. Please log in again. - /api/v1/alerts - GET - ::1[39m
2026-07-25 17:01:59:159 [31merror[39m: [31mJWT Verification Error: jwt expired[39m
2026-07-25 17:01:59:159 [31merror[39m: [31m401 - Invalid or expired security token. Please log in again. - /api/v1/lands - GET - ::1[39m
2026-07-25 17:01:59:159 [31merror[39m: [31mJWT Verification Error: jwt expired[39m
2026-07-25 17:01:59:159 [31merror[39m: [31m401 - Invalid or expired security token. Please log in again. - /api/v1/opinions - GET - ::1[39m
2026-07-25 17:01:59:159 [31merror[39m: [31mJWT Verification Error: jwt expired[39m
2026-07-25 17:01:59:159 [31merror[39m: [31m401 - Invalid or expired security token. Please log in again. - /api/v1/memberships - GET - ::1[39m
2026-07-25 17:01:59:159 [31merror[39m: [31mJWT Verification Error: jwt expired[39m
2026-07-25 17:01:59:159 [31merror[39m: [31m401 - Invalid or expired security token. Please log in again. - /api/v1/roles/roles - GET - ::1[39m
2026-07-25 17:01:59:159 [31merror[39m: [31mJWT Verification Error: jwt expired[39m
2026-07-25 17:01:59:159 [31merror[39m: [31m401 - Invalid or expired security token. Please log in again. - /api/v1/clients - GET - ::1[39m
2026-07-25 17:01:59:159 [31merror[39m: [31mJWT Verification Error: jwt expired[39m
2026-07-25 17:01:59:159 [31merror[39m: [31m401 - Invalid or expired security token. Please log in again. - /api/v1/cases - GET - ::1[39m
2026-07-25 17:01:59:159 [31merror[39m: [31mJWT Verification Error: jwt expired[39m
2026-07-25 17:01:59:159 [31merror[39m: [31m401 - Invalid or expired security token. Please log in again. - /api/v1/diary - GET - ::1[39m
2026-07-25 17:01:59:159 [31merror[39m: [31mJWT Verification Error: jwt expired[39m
2026-07-25 17:01:59:159 [31merror[39m: [31m401 - Invalid or expired security token. Please log in again. - /api/v1/daybook - GET - ::1[39m
2026-07-25 17:01:59:159 [31merror[39m: [31mJWT Verification Error: jwt expired[39m
2026-07-25 17:01:59:159 [31merror[39m: [31m401 - Invalid or expired security token. Please log in again. - /api/v1/payments - GET - ::1[39m
2026-07-25 17:01:59:159 [31merror[39m: [31mJWT Verification Error: jwt expired[39m
2026-07-25 17:01:59:159 [31merror[39m: [31m401 - Invalid or expired security token. Please log in again. - /api/v1/alerts - GET - ::1[39m
2026-07-25 17:01:59:159 [31merror[39m: [31mJWT Verification Error: jwt expired[39m
2026-07-25 17:01:59:159 [31merror[39m: [31m401 - Invalid or expired security token. Please log in again. - /api/v1/lands - GET - ::1[39m
2026-07-25 17:01:59:159 [31merror[39m: [31mJWT Verification Error: jwt expired[39m
2026-07-25 17:01:59:159 [31merror[39m: [31m401 - Invalid or expired security token. Please log in again. - /api/v1/opinions - GET - ::1[39m
2026-07-25 17:01:59:159 [31merror[39m: [31mJWT Verification Error: jwt expired[39m
2026-07-25 17:01:59:159 [31merror[39m: [31m401 - Invalid or expired security token. Please log in again. - /api/v1/memberships - GET - ::1[39m
2026-07-25 17:01:59:159 [31merror[39m: [31mJWT Verification Error: jwt expired[39m
2026-07-25 17:01:59:159 [31merror[39m: [31m401 - Invalid or expired security token. Please log in again. - /api/v1/roles/roles - GET - ::1[39m
2026-07-25 17:15:40:1540 [31merror[39m: [31m403 - Access Denied: You do not have permission to perform this operation. - /api/v1/daybook - GET - ::1[39m
2026-07-25 17:20:07:207 [31merror[39m: [31m401 - Incorrect email or password - /api/v1/auth/login - POST - ::1[39m
2026-07-25 17:36:21:3621 [31merror[39m: [31m403 - Access Denied: You do not have permission to perform this operation. - /api/v1/daybook - GET - ::1[39m
2026-07-25 17:40:29:4029 [31merror[39m: [31mGetAllCases error: Your account is not linked to an advocate profile. Contact the office admin.[39m
2026-07-25 17:40:29:4029 [31merror[39m: [31m403 - Your account is not linked to an advocate profile. Contact the office admin. - /api/v1/cases - GET - ::1[39m
2026-07-25 17:40:29:4029 [31merror[39m: [31mGetAllDiaries error: Your account is not linked to an advocate profile. Contact the office admin.[39m
2026-07-25 17:40:29:4029 [31merror[39m: [31m403 - Your account is not linked to an advocate profile. Contact the office admin. - /api/v1/diary - GET - ::1[39m
2026-07-25 17:40:29:4029 [31merror[39m: [31m403 - Access Denied: You do not have permission to perform this operation. - /api/v1/daybook - GET - ::1[39m
2026-07-25 17:40:29:4029 [31merror[39m: [31mGetAllCases error: Your account is not linked to an advocate profile. Contact the office admin.[39m
2026-07-25 17:40:29:4029 [31merror[39m: [31m403 - Your account is not linked to an advocate profile. Contact the office admin. - /api/v1/cases - GET - ::1[39m
2026-07-25 17:40:29:4029 [31merror[39m: [31mGetAllDiaries error: Your account is not linked to an advocate profile. Contact the office admin.[39m
2026-07-25 17:40:29:4029 [31merror[39m: [31m403 - Your account is not linked to an advocate profile. Contact the office admin. - /api/v1/diary - GET - ::1[39m
2026-07-25 17:40:29:4029 [31merror[39m: [31m403 - Access Denied: You do not have permission to perform this operation. - /api/v1/daybook - GET - ::1[39m
2026-07-25 17:40:29:4029 [31merror[39m: [31mGetAllCases error: Your account is not linked to an advocate profile. Contact the office admin.[39m
2026-07-25 17:40:29:4029 [31merror[39m: [31m403 - Your account is not linked to an advocate profile. Contact the office admin. - /api/v1/cases - GET - ::1[39m
2026-07-25 17:40:29:4029 [31merror[39m: [31mGetAllCases error: Your account is not linked to an advocate profile. Contact the office admin.[39m
2026-07-25 17:40:29:4029 [31merror[39m: [31m403 - Your account is not linked to an advocate profile. Contact the office admin. - /api/v1/cases - GET - ::1[39m
2026-07-25 17:40:31:4031 [31merror[39m: [31mGetAllCases error: Your account is not linked to an advocate profile. Contact the office admin.[39m
2026-07-25 17:40:31:4031 [31merror[39m: [31m403 - Your account is not linked to an advocate profile. Contact the office admin. - /api/v1/cases - GET - ::1[39m
2026-07-25 17:40:37:4037 [31merror[39m: [31mGetAllCases error: Your account is not linked to an advocate profile. Contact the office admin.[39m
2026-07-25 17:40:37:4037 [31merror[39m: [31m403 - Your account is not linked to an advocate profile. Contact the office admin. - /api/v1/cases - GET - ::1[39m
2026-07-25 17:41:00:410 [31merror[39m: [31mGetAllCases error: Your account is not linked to an advocate profile. Contact the office admin.[39m
2026-07-25 17:41:00:410 [31merror[39m: [31m403 - Your account is not linked to an advocate profile. Contact the office admin. - /api/v1/cases - GET - ::1[39m
2026-07-25 17:42:09:429 [31merror[39m: [31mGetAllCases error: Your account is not linked to an advocate profile. Contact the office admin.[39m
2026-07-25 17:42:09:429 [31merror[39m: [31m403 - Your account is not linked to an advocate profile. Contact the office admin. - /api/v1/cases - GET - ::1[39m
2026-07-25 17:42:09:429 [31merror[39m: [31mGetAllDiaries error: Your account is not linked to an advocate profile. Contact the office admin.[39m
2026-07-25 17:42:09:429 [31merror[39m: [31m403 - Your account is not linked to an advocate profile. Contact the office admin. - /api/v1/diary - GET - ::1[39m
2026-07-25 17:42:09:429 [31merror[39m: [31m403 - Access Denied: You do not have permission to perform this operation. - /api/v1/daybook - GET - ::1[39m
2026-07-25 17:42:09:429 [31merror[39m: [31mGetAllCases error: Your account is not linked to an advocate profile. Contact the office admin.[39m
2026-07-25 17:42:09:429 [31merror[39m: [31m403 - Your account is not linked to an advocate profile. Contact the office admin. - /api/v1/cases - GET - ::1[39m
2026-07-25 17:42:09:429 [31merror[39m: [31mGetAllDiaries error: Your account is not linked to an advocate profile. Contact the office admin.[39m
2026-07-25 17:42:09:429 [31merror[39m: [31m403 - Your account is not linked to an advocate profile. Contact the office admin. - /api/v1/diary - GET - ::1[39m
2026-07-25 17:42:09:429 [31merror[39m: [31m403 - Access Denied: You do not have permission to perform this operation. - /api/v1/daybook - GET - ::1[39m
2026-07-25 17:42:11:4211 [31merror[39m: [31mGetAllCases error: Your account is not linked to an advocate profile. Contact the office admin.[39m
2026-07-25 17:42:11:4211 [31merror[39m: [31m403 - Your account is not linked to an advocate profile. Contact the office admin. - /api/v1/cases - GET - ::1[39m
2026-07-25 17:42:11:4211 [31merror[39m: [31mGetAllCases error: Your account is not linked to an advocate profile. Contact the office admin.[39m
2026-07-25 17:42:11:4211 [31merror[39m: [31m403 - Your account is not linked to an advocate profile. Contact the office admin. - /api/v1/cases - GET - ::1[39m
2026-07-25 17:42:20:4220 [31merror[39m: [31mGetAllCases error: Your account is not linked to an advocate profile. Contact the office admin.[39m
2026-07-25 17:42:20:4220 [31merror[39m: [31m403 - Your account is not linked to an advocate profile. Contact the office admin. - /api/v1/cases - GET - ::1[39m
2026-07-25 17:42:20:4220 [31merror[39m: [31mGetAllCases error: Your account is not linked to an advocate profile. Contact the office admin.[39m
2026-07-25 17:42:20:4220 [31merror[39m: [31m403 - Your account is not linked to an advocate profile. Contact the office admin. - /api/v1/cases - GET - ::1[39m
2026-07-25 17:42:21:4221 [31merror[39m: [31mGetAllCases error: Your account is not linked to an advocate profile. Contact the office admin.[39m
2026-07-25 17:42:21:4221 [31merror[39m: [31m403 - Your account is not linked to an advocate profile. Contact the office admin. - /api/v1/cases - GET - ::1[39m
2026-07-25 17:42:21:4221 [31merror[39m: [31mGetAllCases error: Your account is not linked to an advocate profile. Contact the office admin.[39m
2026-07-25 17:42:21:4221 [31merror[39m: [31m403 - Your account is not linked to an advocate profile. Contact the office admin. - /api/v1/cases - GET - ::1[39m
2026-07-25 17:43:16:4316 [31merror[39m: [31m401 - Incorrect email or password - /api/v1/auth/login - POST - ::1[39m
2026-07-25 17:43:18:4318 [31merror[39m: [31m401 - Incorrect email or password - /api/v1/auth/login - POST - ::1[39m
2026-07-25 17:43:36:4336 [31merror[39m: [31m403 - Access Denied: You do not have permission to perform this operation. - /api/v1/daybook - GET - ::1[39m
2026-07-25 18:01:49:149 [31merror[39m: [31mJWT Verification Error: jwt expired[39m
2026-07-25 18:01:49:149 [31merror[39m: [31m401 - Invalid or expired security token. Please log in again. - /api/v1/daybook - GET - ::1[39m
2026-07-25 18:01:49:149 [31merror[39m: [31mJWT Verification Error: jwt expired[39m
2026-07-25 18:01:49:149 [31merror[39m: [31m401 - Invalid or expired security token. Please log in again. - /api/v1/payments - GET - ::1[39m
2026-07-25 18:01:49:149 [31merror[39m: [31mJWT Verification Error: jwt expired[39m
2026-07-25 18:01:49:149 [31merror[39m: [31m401 - Invalid or expired security token. Please log in again. - /api/v1/cases - GET - ::1[39m
2026-07-25 18:01:49:149 [31merror[39m: [31mJWT Verification Error: jwt expired[39m
2026-07-25 18:01:49:149 [31merror[39m: [31m401 - Invalid or expired security token. Please log in again. - /api/v1/clients - GET - ::1[39m
2026-07-25 18:01:49:149 [31merror[39m: [31mJWT Verification Error: jwt expired[39m
2026-07-25 18:01:49:149 [31merror[39m: [31m401 - Invalid or expired security token. Please log in again. - /api/v1/daybook - GET - ::1[39m
2026-07-25 18:01:49:149 [31merror[39m: [31mJWT Verification Error: jwt expired[39m
2026-07-25 18:01:49:149 [31merror[39m: [31m401 - Invalid or expired security token. Please log in again. - /api/v1/payments - GET - ::1[39m
2026-07-25 18:01:49:149 [31merror[39m: [31mJWT Verification Error: jwt expired[39m
2026-07-25 18:01:49:149 [31merror[39m: [31m401 - Invalid or expired security token. Please log in again. - /api/v1/cases - GET - ::1[39m
2026-07-25 18:01:49:149 [31merror[39m: [31mJWT Verification Error: jwt expired[39m
2026-07-25 18:01:49:149 [31merror[39m: [31m401 - Invalid or expired security token. Please log in again. - /api/v1/clients - GET - ::1[39m
2026-07-26 10:54:45:5445 [31merror[39m: [31mJWT Verification Error: jwt expired[39m
2026-07-26 10:54:45:5445 [31merror[39m: [31m401 - Invalid or expired security token. Please log in again. - /api/v1/alerts - GET - ::1[39m
2026-07-26 10:54:45:5445 [31merror[39m: [31mJWT Verification Error: jwt expired[39m
2026-07-26 10:54:45:5445 [31merror[39m: [31m401 - Invalid or expired security token. Please log in again. - /api/v1/cases - GET - ::1[39m
2026-07-26 10:54:45:5445 [31merror[39m: [31mJWT Verification Error: jwt expired[39m
2026-07-26 10:54:45:5445 [31merror[39m: [31m401 - Invalid or expired security token. Please log in again. - /api/v1/clients - GET - ::1[39m
2026-07-26 10:54:45:5445 [31merror[39m: [31mJWT Verification Error: jwt expired[39m
2026-07-26 10:54:45:5445 [31merror[39m: [31m401 - Invalid or expired security token. Please log in again. - /api/v1/advocates - GET - ::1[39m
2026-07-26 10:54:45:5445 [31merror[39m: [31mJWT Verification Error: jwt expired[39m
2026-07-26 10:54:45:5445 [31merror[39m: [31m401 - Invalid or expired security token. Please log in again. - /api/v1/diary - GET - ::1[39m
2026-07-26 10:54:45:5445 [31merror[39m: [31mJWT Verification Error: jwt expired[39m
2026-07-26 10:54:45:5445 [31merror[39m: [31m401 - Invalid or expired security token. Please log in again. - /api/v1/daybook - GET - ::1[39m
2026-07-26 10:54:45:5445 [31merror[39m: [31mJWT Verification Error: jwt expired[39m
2026-07-26 10:54:45:5445 [31merror[39m: [31m401 - Invalid or expired security token. Please log in again. - /api/v1/payments - GET - ::1[39m
2026-07-26 10:54:45:5445 [31merror[39m: [31mJWT Verification Error: jwt expired[39m
2026-07-26 10:54:45:5445 [31merror[39m: [31m401 - Invalid or expired security token. Please log in again. - /api/v1/lands - GET - ::1[39m
2026-07-26 10:54:45:5445 [31merror[39m: [31mJWT Verification Error: jwt expired[39m
2026-07-26 10:54:45:5445 [31merror[39m: [31m401 - Invalid or expired security token. Please log in again. - /api/v1/opinions - GET - ::1[39m
2026-07-26 10:54:45:5445 [31merror[39m: [31mJWT Verification Error: jwt expired[39m
2026-07-26 10:54:45:5445 [31merror[39m: [31m401 - Invalid or expired security token. Please log in again. - /api/v1/memberships - GET - ::1[39m
2026-07-26 10:54:45:5445 [31merror[39m: [31mJWT Verification Error: jwt expired[39m
2026-07-26 10:54:45:5445 [31merror[39m: [31m401 - Invalid or expired security token. Please log in again. - /api/v1/roles/roles - GET - ::1[39m
2026-07-26 10:54:45:5445 [31merror[39m: [31mJWT Verification Error: jwt expired[39m
2026-07-26 10:54:45:5445 [31merror[39m: [31m401 - Invalid or expired security token. Please log in again. - /api/v1/alerts - GET - ::1[39m
2026-07-26 10:54:45:5445 [31merror[39m: [31mJWT Verification Error: jwt expired[39m
2026-07-26 10:54:45:5445 [31merror[39m: [31m401 - Invalid or expired security token. Please log in again. - /api/v1/cases - GET - ::1[39m
2026-07-26 10:54:45:5445 [31merror[39m: [31mJWT Verification Error: jwt expired[39m
2026-07-26 10:54:45:5445 [31merror[39m: [31m401 - Invalid or expired security token. Please log in again. - /api/v1/clients - GET - ::1[39m
2026-07-26 10:54:45:5445 [31merror[39m: [31mJWT Verification Error: jwt expired[39m
2026-07-26 10:54:45:5445 [31merror[39m: [31m401 - Invalid or expired security token. Please log in again. - /api/v1/advocates - GET - ::1[39m
2026-07-26 10:54:45:5445 [31merror[39m: [31mJWT Verification Error: jwt expired[39m
2026-07-26 10:54:45:5445 [31merror[39m: [31m401 - Invalid or expired security token. Please log in again. - /api/v1/diary - GET - ::1[39m
2026-07-26 10:54:45:5445 [31merror[39m: [31mJWT Verification Error: jwt expired[39m
2026-07-26 10:54:45:5445 [31merror[39m: [31m401 - Invalid or expired security token. Please log in again. - /api/v1/daybook - GET - ::1[39m
2026-07-26 10:54:45:5445 [31merror[39m: [31mJWT Verification Error: jwt expired[39m
2026-07-26 10:54:45:5445 [31merror[39m: [31m401 - Invalid or expired security token. Please log in again. - /api/v1/opinions - GET - ::1[39m
2026-07-26 10:54:45:5445 [31merror[39m: [31mJWT Verification Error: jwt expired[39m
2026-07-26 10:54:45:5445 [31merror[39m: [31m401 - Invalid or expired security token. Please log in again. - /api/v1/payments - GET - ::1[39m
2026-07-26 10:54:45:5445 [31merror[39m: [31mJWT Verification Error: jwt expired[39m
2026-07-26 10:54:45:5445 [31merror[39m: [31m401 - Invalid or expired security token. Please log in again. - /api/v1/memberships - GET - ::1[39m
2026-07-26 10:54:45:5445 [31merror[39m: [31mJWT Verification Error: jwt expired[39m
2026-07-26 10:54:45:5445 [31merror[39m: [31m401 - Invalid or expired security token. Please log in again. - /api/v1/lands - GET - ::1[39m
2026-07-26 10:54:45:5445 [31merror[39m: [31mJWT Verification Error: jwt expired[39m
2026-07-26 10:54:45:5445 [31merror[39m: [31m401 - Invalid or expired security token. Please log in again. - /api/v1/roles/roles - GET - ::1[39m
2026-07-26 10:54:45:5445 [31merror[39m: [31mJWT Verification Error: jwt expired[39m
2026-07-26 10:54:45:5445 [31merror[39m: [31m401 - Invalid or expired security token. Please log in again. - /api/v1/alerts - GET - ::1[39m
2026-07-26 10:54:45:5445 [31merror[39m: [31mJWT Verification Error: jwt expired[39m
2026-07-26 10:54:45:5445 [31merror[39m: [31m401 - Invalid or expired security token. Please log in again. - /api/v1/alerts - GET - ::1[39m
2026-07-26 10:56:05:565 [31merror[39m: [31m401 - Incorrect email or password - /api/v1/auth/login - POST - ::1[39m
2026-07-26 10:56:40:5640 [31merror[39m: [31m403 - Access Denied: You do not have permission to perform this operation. - /api/v1/daybook - GET - ::1[39m
2026-07-26 10:57:13:5713 [31merror[39m: [31m403 - Access Denied: You do not have permission to perform this operation. - /api/v1/daybook - GET - ::1[39m
2026-07-26 10:57:13:5713 [31merror[39m: [31m403 - Access Denied: You do not have permission to perform this operation. - /api/v1/daybook - GET - ::1[39m
2026-07-26 11:09:13:913 [31merror[39m: [31m403 - Access Denied: You do not have permission to perform this operation. - /api/v1/daybook - GET - ::1[39m
2026-07-26 11:09:14:914 [31merror[39m: [31mGetAllActs error: Table 'advocate_management_system.bare_acts' doesn't exist[39m
2026-07-26 11:09:14:914 [31merror[39m: [31m500 - Table 'advocate_management_system.bare_acts' doesn't exist - /api/v1/acts - GET - ::1[39m
2026-07-26 11:09:14:914 [31merror[39m: [31mGetAllActs error: Table 'advocate_management_system.bare_acts' doesn't exist[39m
2026-07-26 11:09:14:914 [31merror[39m: [31m500 - Table 'advocate_management_system.bare_acts' doesn't exist - /api/v1/acts - GET - ::1[39m
2026-07-26 11:09:14:914 [31merror[39m: [31mGetAllAmendments error: Table 'advocate_management_system.amendments' doesn't exist[39m
2026-07-26 11:09:14:914 [31merror[39m: [31mGetAllAmendments error: Table 'advocate_management_system.amendments' doesn't exist[39m
2026-07-26 11:09:14:914 [31merror[39m: [31m500 - Table 'advocate_management_system.amendments' doesn't exist - /api/v1/amendments - GET - ::1[39m
2026-07-26 11:09:14:914 [31merror[39m: [31m500 - Table 'advocate_management_system.amendments' doesn't exist - /api/v1/amendments - GET - ::1[39m
2026-07-26 11:11:40:1140 [31merror[39m: [31mJWT Verification Error: jwt expired[39m
2026-07-26 11:11:40:1140 [31merror[39m: [31m401 - Invalid or expired security token. Please log in again. - /api/v1/cases - GET - ::1[39m
2026-07-26 11:11:40:1140 [31merror[39m: [31mJWT Verification Error: jwt expired[39m
2026-07-26 11:11:40:1140 [31merror[39m: [31m401 - Invalid or expired security token. Please log in again. - /api/v1/clients - GET - ::1[39m
2026-07-26 11:11:40:1140 [31merror[39m: [31mJWT Verification Error: jwt expired[39m
2026-07-26 11:11:40:1140 [31merror[39m: [31m401 - Invalid or expired security token. Please log in again. - /api/v1/advocates - GET - ::1[39m
2026-07-26 11:11:40:1140 [31merror[39m: [31mJWT Verification Error: jwt expired[39m
2026-07-26 11:11:40:1140 [31merror[39m: [31m401 - Invalid or expired security token. Please log in again. - /api/v1/diary - GET - ::1[39m
2026-07-26 11:11:40:1140 [31merror[39m: [31mJWT Verification Error: jwt expired[39m
2026-07-26 11:11:40:1140 [31merror[39m: [31m401 - Invalid or expired security token. Please log in again. - /api/v1/daybook - GET - ::1[39m
2026-07-26 11:11:40:1140 [31merror[39m: [31mJWT Verification Error: jwt expired[39m
2026-07-26 11:11:40:1140 [31merror[39m: [31m401 - Invalid or expired security token. Please log in again. - /api/v1/payments - GET - ::1[39m
2026-07-26 11:11:40:1140 [31merror[39m: [31mJWT Verification Error: jwt expired[39m
2026-07-26 11:11:40:1140 [31merror[39m: [31m401 - Invalid or expired security token. Please log in again. - /api/v1/alerts - GET - ::1[39m
2026-07-26 11:11:40:1140 [31merror[39m: [31mJWT Verification Error: jwt expired[39m
2026-07-26 11:11:40:1140 [31merror[39m: [31m401 - Invalid or expired security token. Please log in again. - /api/v1/lands - GET - ::1[39m
2026-07-26 11:11:40:1140 [31merror[39m: [31mJWT Verification Error: jwt expired[39m
2026-07-26 11:11:40:1140 [31merror[39m: [31m401 - Invalid or expired security token. Please log in again. - /api/v1/opinions - GET - ::1[39m
2026-07-26 11:11:40:1140 [31merror[39m: [31mJWT Verification Error: jwt expired[39m
2026-07-26 11:11:40:1140 [31merror[39m: [31m401 - Invalid or expired security token. Please log in again. - /api/v1/memberships - GET - ::1[39m
2026-07-26 11:11:40:1140 [31merror[39m: [31mJWT Verification Error: jwt expired[39m
2026-07-26 11:11:40:1140 [31merror[39m: [31m401 - Invalid or expired security token. Please log in again. - /api/v1/acts - GET - ::1[39m
2026-07-26 11:11:40:1140 [31merror[39m: [31mJWT Verification Error: jwt expired[39m
2026-07-26 11:11:40:1140 [31merror[39m: [31m401 - Invalid or expired security token. Please log in again. - /api/v1/amendments - GET - ::1[39m
2026-07-26 11:11:40:1140 [31merror[39m: [31mJWT Verification Error: jwt expired[39m
2026-07-26 11:11:40:1140 [31merror[39m: [31m401 - Invalid or expired security token. Please log in again. - /api/v1/roles/roles - GET - ::1[39m
2026-07-26 11:11:40:1140 [31merror[39m: [31mJWT Verification Error: jwt expired[39m
2026-07-26 11:11:40:1140 [31merror[39m: [31m401 - Invalid or expired security token. Please log in again. - /api/v1/cases - GET - ::1[39m
2026-07-26 11:11:40:1140 [31merror[39m: [31mJWT Verification Error: jwt expired[39m
2026-07-26 11:11:40:1140 [31merror[39m: [31m401 - Invalid or expired security token. Please log in again. - /api/v1/clients - GET - ::1[39m
2026-07-26 11:11:40:1140 [31merror[39m: [31mJWT Verification Error: jwt expired[39m
2026-07-26 11:11:40:1140 [31merror[39m: [31m401 - Invalid or expired security token. Please log in again. - /api/v1/advocates - GET - ::1[39m
2026-07-26 11:11:40:1140 [31merror[39m: [31mJWT Verification Error: jwt expired[39m
2026-07-26 11:11:40:1140 [31merror[39m: [31m401 - Invalid or expired security token. Please log in again. - /api/v1/diary - GET - ::1[39m
2026-07-26 11:11:40:1140 [31merror[39m: [31mJWT Verification Error: jwt expired[39m
2026-07-26 11:11:40:1140 [31merror[39m: [31m401 - Invalid or expired security token. Please log in again. - /api/v1/payments - GET - ::1[39m
2026-07-26 11:11:40:1140 [31merror[39m: [31mJWT Verification Error: jwt expired[39m
2026-07-26 11:11:40:1140 [31merror[39m: [31m401 - Invalid or expired security token. Please log in again. - /api/v1/daybook - GET - ::1[39m
2026-07-26 11:11:40:1140 [31merror[39m: [31mJWT Verification Error: jwt expired[39m
2026-07-26 11:11:40:1140 [31merror[39m: [31m401 - Invalid or expired security token. Please log in again. - /api/v1/alerts - GET - ::1[39m
2026-07-26 11:11:40:1140 [31merror[39m: [31mJWT Verification Error: jwt expired[39m
2026-07-26 11:11:40:1140 [31merror[39m: [31m401 - Invalid or expired security token. Please log in again. - /api/v1/opinions - GET - ::1[39m
2026-07-26 11:11:40:1140 [31merror[39m: [31mJWT Verification Error: jwt expired[39m
2026-07-26 11:11:40:1140 [31merror[39m: [31m401 - Invalid or expired security token. Please log in again. - /api/v1/acts - GET - ::1[39m
2026-07-26 11:11:40:1140 [31merror[39m: [31mJWT Verification Error: jwt expired[39m
2026-07-26 11:11:40:1140 [31merror[39m: [31m401 - Invalid or expired security token. Please log in again. - /api/v1/memberships - GET - ::1[39m
2026-07-26 11:11:40:1140 [31merror[39m: [31mJWT Verification Error: jwt expired[39m
2026-07-26 11:11:40:1140 [31merror[39m: [31m401 - Invalid or expired security token. Please log in again. - /api/v1/lands - GET - ::1[39m
2026-07-26 11:11:40:1140 [31merror[39m: [31mJWT Verification Error: jwt expired[39m
2026-07-26 11:11:40:1140 [31merror[39m: [31m401 - Invalid or expired security token. Please log in again. - /api/v1/amendments - GET - ::1[39m
2026-07-26 11:11:40:1140 [31merror[39m: [31mJWT Verification Error: jwt expired[39m
2026-07-26 11:11:40:1140 [31merror[39m: [31m401 - Invalid or expired security token. Please log in again. - /api/v1/roles/roles - GET - ::1[39m
2026-07-26 11:11:41:1141 [31merror[39m: [31mGetAllActs error: Table 'advocate_management_system.bare_acts' doesn't exist[39m
2026-07-26 11:11:41:1141 [31merror[39m: [31m500 - Table 'advocate_management_system.bare_acts' doesn't exist - /api/v1/acts - GET - ::1[39m
2026-07-26 11:11:41:1141 [31merror[39m: [31mGetAllAmendments error: Table 'advocate_management_system.amendments' doesn't exist[39m
2026-07-26 11:11:41:1141 [31merror[39m: [31m500 - Table 'advocate_management_system.amendments' doesn't exist - /api/v1/amendments - GET - ::1[39m
2026-07-26 11:11:41:1141 [31merror[39m: [31mGetAllActs error: Table 'advocate_management_system.bare_acts' doesn't exist[39m
2026-07-26 11:11:41:1141 [31merror[39m: [31m500 - Table 'advocate_management_system.bare_acts' doesn't exist - /api/v1/acts - GET - ::1[39m
2026-07-26 11:11:41:1141 [31merror[39m: [31mGetAllAmendments error: Table 'advocate_management_system.amendments' doesn't exist[39m
2026-07-26 11:11:41:1141 [31merror[39m: [31m500 - Table 'advocate_management_system.amendments' doesn't exist - /api/v1/amendments - GET - ::1[39m
2026-07-26 11:20:39:2039 [31merror[39m: [31mJWT Verification Error: jwt expired[39m
2026-07-26 11:20:39:2039 [31merror[39m: [31m401 - Invalid or expired security token. Please log in again. - /api/v1/diary - GET - ::1[39m
2026-07-26 11:20:39:2039 [31merror[39m: [31mJWT Verification Error: jwt expired[39m
2026-07-26 11:20:39:2039 [31merror[39m: [31m401 - Invalid or expired security token. Please log in again. - /api/v1/cases - GET - ::1[39m
2026-07-26 11:20:39:2039 [31merror[39m: [31mJWT Verification Error: jwt expired[39m
2026-07-26 11:20:39:2039 [31merror[39m: [31m401 - Invalid or expired security token. Please log in again. - /api/v1/advocates - GET - ::1[39m
2026-07-26 11:20:39:2039 [31merror[39m: [31mJWT Verification Error: jwt expired[39m
2026-07-26 11:20:39:2039 [31merror[39m: [31m401 - Invalid or expired security token. Please log in again. - /api/v1/clients - GET - ::1[39m
2026-07-26 11:20:39:2039 [31merror[39m: [31mJWT Verification Error: jwt expired[39m
2026-07-26 11:20:39:2039 [31merror[39m: [31m401 - Invalid or expired security token. Please log in again. - /api/v1/daybook - GET - ::1[39m
2026-07-26 11:20:39:2039 [31merror[39m: [31mJWT Verification Error: jwt expired[39m
2026-07-26 11:20:39:2039 [31merror[39m: [31m401 - Invalid or expired security token. Please log in again. - /api/v1/payments - GET - ::1[39m
2026-07-26 11:20:39:2039 [31merror[39m: [31mJWT Verification Error: jwt expired[39m
2026-07-26 11:20:39:2039 [31merror[39m: [31m401 - Invalid or expired security token. Please log in again. - /api/v1/alerts - GET - ::1[39m
2026-07-26 11:20:39:2039 [31merror[39m: [31mJWT Verification Error: jwt expired[39m
2026-07-26 11:20:39:2039 [31merror[39m: [31m401 - Invalid or expired security token. Please log in again. - /api/v1/lands - GET - ::1[39m
2026-07-26 11:20:39:2039 [31merror[39m: [31mJWT Verification Error: jwt expired[39m
2026-07-26 11:20:39:2039 [31merror[39m: [31m401 - Invalid or expired security token. Please log in again. - /api/v1/opinions - GET - ::1[39m
2026-07-26 11:20:39:2039 [31merror[39m: [31mJWT Verification Error: jwt expired[39m
2026-07-26 11:20:39:2039 [31merror[39m: [31m401 - Invalid or expired security token. Please log in again. - /api/v1/memberships - GET - ::1[39m
2026-07-26 11:20:39:2039 [31merror[39m: [31mJWT Verification Error: jwt expired[39m
2026-07-26 11:20:39:2039 [31merror[39m: [31m401 - Invalid or expired security token. Please log in again. - /api/v1/acts - GET - ::1[39m
2026-07-26 11:20:39:2039 [31merror[39m: [31mJWT Verification Error: jwt expired[39m
2026-07-26 11:20:39:2039 [31merror[39m: [31m401 - Invalid or expired security token. Please log in again. - /api/v1/amendments - GET - ::1[39m
2026-07-26 11:20:39:2039 [31merror[39m: [31mJWT Verification Error: jwt expired[39m
2026-07-26 11:20:39:2039 [31merror[39m: [31m401 - Invalid or expired security token. Please log in again. - /api/v1/roles/roles - GET - ::1[39m
2026-07-26 11:20:39:2039 [31merror[39m: [31mJWT Verification Error: jwt expired[39m
2026-07-26 11:20:39:2039 [31merror[39m: [31m401 - Invalid or expired security token. Please log in again. - /api/v1/diary - GET - ::1[39m
2026-07-26 11:20:39:2039 [31merror[39m: [31mJWT Verification Error: jwt expired[39m
2026-07-26 11:20:39:2039 [31merror[39m: [31m401 - Invalid or expired security token. Please log in again. - /api/v1/advocates - GET - ::1[39m
2026-07-26 11:20:39:2039 [31merror[39m: [31mJWT Verification Error: jwt expired[39m
2026-07-26 11:20:39:2039 [31merror[39m: [31m401 - Invalid or expired security token. Please log in again. - /api/v1/cases - GET - ::1[39m
2026-07-26 11:20:39:2039 [31merror[39m: [31mJWT Verification Error: jwt expired[39m
2026-07-26 11:20:39:2039 [31merror[39m: [31m401 - Invalid or expired security token. Please log in again. - /api/v1/clients - GET - ::1[39m
2026-07-26 11:20:39:2039 [31merror[39m: [31mJWT Verification Error: jwt expired[39m
2026-07-26 11:20:39:2039 [31merror[39m: [31m401 - Invalid or expired security token. Please log in again. - /api/v1/daybook - GET - ::1[39m
2026-07-26 11:20:39:2039 [31merror[39m: [31mGetAllActs error: Table 'advocate_management_system.bare_acts' doesn't exist[39m
2026-07-26 11:20:39:2039 [31merror[39m: [31m500 - Table 'advocate_management_system.bare_acts' doesn't exist - /api/v1/acts - GET - ::1[39m
2026-07-26 11:20:39:2039 [31merror[39m: [31mGetAllAmendments error: Table 'advocate_management_system.amendments' doesn't exist[39m
2026-07-26 11:20:39:2039 [31merror[39m: [31m500 - Table 'advocate_management_system.amendments' doesn't exist - /api/v1/amendments - GET - ::1[39m
2026-07-26 11:20:39:2039 [31merror[39m: [31mJWT Verification Error: jwt expired[39m
2026-07-26 11:20:39:2039 [31merror[39m: [31m401 - Invalid or expired security token. Please log in again. - /api/v1/payments - GET - ::1[39m
2026-07-26 11:20:39:2039 [31merror[39m: [31mJWT Verification Error: jwt expired[39m
2026-07-26 11:20:39:2039 [31merror[39m: [31m401 - Invalid or expired security token. Please log in again. - /api/v1/lands - GET - ::1[39m
2026-07-26 11:20:39:2039 [31merror[39m: [31mJWT Verification Error: jwt expired[39m
2026-07-26 11:20:39:2039 [31merror[39m: [31m401 - Invalid or expired security token. Please log in again. - /api/v1/opinions - GET - ::1[39m
2026-07-26 11:20:39:2039 [31merror[39m: [31mJWT Verification Error: jwt expired[39m
2026-07-26 11:20:39:2039 [31merror[39m: [31m401 - Invalid or expired security token. Please log in again. - /api/v1/alerts - GET - ::1[39m
2026-07-26 11:20:39:2039 [31merror[39m: [31mJWT Verification Error: jwt expired[39m
2026-07-26 11:20:39:2039 [31merror[39m: [31m401 - Invalid or expired security token. Please log in again. - /api/v1/memberships - GET - ::1[39m
2026-07-26 11:20:39:2039 [31merror[39m: [31mJWT Verification Error: jwt expired[39m
2026-07-26 11:20:39:2039 [31merror[39m: [31m401 - Invalid or expired security token. Please log in again. - /api/v1/acts - GET - ::1[39m
2026-07-26 11:20:39:2039 [31merror[39m: [31mJWT Verification Error: jwt expired[39m
2026-07-26 11:20:39:2039 [31merror[39m: [31m401 - Invalid or expired security token. Please log in again. - /api/v1/amendments - GET - ::1[39m
2026-07-26 11:20:39:2039 [31merror[39m: [31mJWT Verification Error: jwt expired[39m
2026-07-26 11:20:39:2039 [31merror[39m: [31m401 - Invalid or expired security token. Please log in again. - /api/v1/diary - GET - ::1[39m
2026-07-26 11:20:39:2039 [31merror[39m: [31mJWT Verification Error: jwt expired[39m
2026-07-26 11:20:39:2039 [31merror[39m: [31m401 - Invalid or expired security token. Please log in again. - /api/v1/cases - GET - ::1[39m
2026-07-26 11:20:39:2039 [31merror[39m: [31mJWT Verification Error: jwt expired[39m
2026-07-26 11:20:39:2039 [31merror[39m: [31m401 - Invalid or expired security token. Please log in again. - /api/v1/advocates - GET - ::1[39m
2026-07-26 11:20:39:2039 [31merror[39m: [31mJWT Verification Error: jwt expired[39m
2026-07-26 11:20:39:2039 [31merror[39m: [31m401 - Invalid or expired security token. Please log in again. - /api/v1/clients - GET - ::1[39m
2026-07-26 11:20:39:2039 [31merror[39m: [31mJWT Verification Error: jwt expired[39m
2026-07-26 11:20:39:2039 [31merror[39m: [31m401 - Invalid or expired security token. Please log in again. - /api/v1/daybook - GET - ::1[39m
2026-07-26 11:20:39:2039 [31merror[39m: [31mJWT Verification Error: jwt expired[39m
2026-07-26 11:20:39:2039 [31merror[39m: [31m401 - Invalid or expired security token. Please log in again. - /api/v1/payments - GET - ::1[39m
2026-07-26 11:20:39:2039 [31merror[39m: [31mJWT Verification Error: jwt expired[39m
2026-07-26 11:20:39:2039 [31merror[39m: [31m401 - Invalid or expired security token. Please log in again. - /api/v1/opinions - GET - ::1[39m
2026-07-26 11:20:39:2039 [31merror[39m: [31mJWT Verification Error: jwt expired[39m
2026-07-26 11:20:39:2039 [31merror[39m: [31m401 - Invalid or expired security token. Please log in again. - /api/v1/lands - GET - ::1[39m
2026-07-26 11:20:39:2039 [31merror[39m: [31mJWT Verification Error: jwt expired[39m
2026-07-26 11:20:39:2039 [31merror[39m: [31m401 - Invalid or expired security token. Please log in again. - /api/v1/memberships - GET - ::1[39m
2026-07-26 11:20:39:2039 [31merror[39m: [31mJWT Verification Error: jwt expired[39m
2026-07-26 11:20:39:2039 [31merror[39m: [31m401 - Invalid or expired security token. Please log in again. - /api/v1/alerts - GET - ::1[39m
2026-07-26 11:20:39:2039 [31merror[39m: [31mJWT Verification Error: jwt expired[39m
2026-07-26 11:20:39:2039 [31merror[39m: [31m401 - Invalid or expired security token. Please log in again. - /api/v1/acts - GET - ::1[39m
2026-07-26 11:20:39:2039 [31merror[39m: [31mJWT Verification Error: jwt expired[39m
2026-07-26 11:20:39:2039 [31merror[39m: [31m401 - Invalid or expired security token. Please log in again. - /api/v1/amendments - GET - ::1[39m
2026-07-26 11:20:39:2039 [31merror[39m: [31mJWT Verification Error: jwt expired[39m
2026-07-26 11:20:39:2039 [31merror[39m: [31m401 - Invalid or expired security token. Please log in again. - /api/v1/diary - GET - ::1[39m
2026-07-26 11:20:39:2039 [31merror[39m: [31mJWT Verification Error: jwt expired[39m
2026-07-26 11:20:39:2039 [31merror[39m: [31m401 - Invalid or expired security token. Please log in again. - /api/v1/cases - GET - ::1[39m
2026-07-26 11:20:39:2039 [31merror[39m: [31mJWT Verification Error: jwt expired[39m
2026-07-26 11:20:39:2039 [31merror[39m: [31m401 - Invalid or expired security token. Please log in again. - /api/v1/advocates - GET - ::1[39m
2026-07-26 11:20:39:2039 [31merror[39m: [31mGetAllActs error: Table 'advocate_management_system.bare_acts' doesn't exist[39m
2026-07-26 11:20:39:2039 [31merror[39m: [31m500 - Table 'advocate_management_system.bare_acts' doesn't exist - /api/v1/acts - GET - ::1[39m
2026-07-26 11:20:39:2039 [31merror[39m: [31m403 - Access Denied: You do not have permission to perform this operation. - /api/v1/daybook - GET - ::1[39m
2026-07-26 11:20:39:2039 [31merror[39m: [31mGetAllAmendments error: Table 'advocate_management_system.amendments' doesn't exist[39m
2026-07-26 11:20:39:2039 [31merror[39m: [31m500 - Table 'advocate_management_system.amendments' doesn't exist - /api/v1/amendments - GET - ::1[39m
2026-07-26 11:20:40:2040 [31merror[39m: [31mJWT Verification Error: jwt expired[39m
2026-07-26 11:20:40:2040 [31merror[39m: [31m401 - Invalid or expired security token. Please log in again. - /api/v1/diary - GET - ::1[39m
2026-07-26 11:20:40:2040 [31merror[39m: [31mJWT Verification Error: jwt expired[39m
2026-07-26 11:20:40:2040 [31merror[39m: [31m401 - Invalid or expired security token. Please log in again. - /api/v1/cases - GET - ::1[39m
2026-07-26 11:20:40:2040 [31merror[39m: [31mJWT Verification Error: jwt expired[39m
2026-07-26 11:20:40:2040 [31merror[39m: [31m401 - Invalid or expired security token. Please log in again. - /api/v1/advocates - GET - ::1[39m
2026-07-26 11:20:40:2040 [31merror[39m: [31mGetAllActs error: Table 'advocate_management_system.bare_acts' doesn't exist[39m
2026-07-26 11:20:40:2040 [31merror[39m: [31m500 - Table 'advocate_management_system.bare_acts' doesn't exist - /api/v1/acts - GET - ::1[39m
2026-07-26 11:20:40:2040 [31merror[39m: [31mGetAllAmendments error: Table 'advocate_management_system.amendments' doesn't exist[39m
2026-07-26 11:20:40:2040 [31merror[39m: [31m403 - Access Denied: You do not have permission to perform this operation. - /api/v1/daybook - GET - ::1[39m
2026-07-26 11:20:40:2040 [31merror[39m: [31mGetAllActs error: Table 'advocate_management_system.bare_acts' doesn't exist[39m
2026-07-26 11:20:40:2040 [31merror[39m: [31m500 - Table 'advocate_management_system.bare_acts' doesn't exist - /api/v1/acts - GET - ::1[39m
2026-07-26 11:20:40:2040 [31merror[39m: [31m500 - Table 'advocate_management_system.amendments' doesn't exist - /api/v1/amendments - GET - ::1[39m
2026-07-26 11:20:40:2040 [31merror[39m: [31mGetAllAmendments error: Table 'advocate_management_system.amendments' doesn't exist[39m
2026-07-26 11:20:40:2040 [31merror[39m: [31m500 - Table 'advocate_management_system.amendments' doesn't exist - /api/v1/amendments - GET - ::1[39m
2026-07-26 11:20:40:2040 [31merror[39m: [31mJWT Verification Error: jwt expired[39m
2026-07-26 11:20:40:2040 [31merror[39m: [31m401 - Invalid or expired security token. Please log in again. - /api/v1/diary - GET - ::1[39m
2026-07-26 11:20:40:2040 [31merror[39m: [31mJWT Verification Error: jwt expired[39m
2026-07-26 11:20:40:2040 [31merror[39m: [31m401 - Invalid or expired security token. Please log in again. - /api/v1/advocates - GET - ::1[39m
2026-07-26 11:20:40:2040 [31merror[39m: [31mJWT Verification Error: jwt expired[39m
2026-07-26 11:20:40:2040 [31merror[39m: [31m401 - Invalid or expired security token. Please log in again. - /api/v1/cases - GET - ::1[39m
2026-07-26 11:20:40:2040 [31merror[39m: [31mGetAllActs error: Table 'advocate_management_system.bare_acts' doesn't exist[39m
2026-07-26 11:20:40:2040 [31merror[39m: [31m500 - Table 'advocate_management_system.bare_acts' doesn't exist - /api/v1/acts - GET - ::1[39m
2026-07-26 11:20:40:2040 [31merror[39m: [31mGetAllAmendments error: Table 'advocate_management_system.amendments' doesn't exist[39m
2026-07-26 11:20:40:2040 [31merror[39m: [31m500 - Table 'advocate_management_system.amendments' doesn't exist - /api/v1/amendments - GET - ::1[39m
2026-07-26 11:20:40:2040 [31merror[39m: [31m403 - Access Denied: You do not have permission to perform this operation. - /api/v1/daybook - GET - ::1[39m
2026-07-26 11:20:40:2040 [31merror[39m: [31mGetAllActs error: Table 'advocate_management_system.bare_acts' doesn't exist[39m
2026-07-26 11:20:40:2040 [31merror[39m: [31m500 - Table 'advocate_management_system.bare_acts' doesn't exist - /api/v1/acts - GET - ::1[39m
2026-07-26 11:20:40:2040 [31merror[39m: [31mGetAllAmendments error: Table 'advocate_management_system.amendments' doesn't exist[39m
2026-07-26 11:20:40:2040 [31merror[39m: [31m500 - Table 'advocate_management_system.amendments' doesn't exist - /api/v1/amendments - GET - ::1[39m
2026-07-26 11:38:44:3844 [31merror[39m: [31mJWT Verification Error: jwt expired[39m
2026-07-26 11:38:44:3844 [31merror[39m: [31m401 - Invalid or expired security token. Please log in again. - /api/v1/cases - GET - ::1[39m
2026-07-26 11:38:44:3844 [31merror[39m: [31mJWT Verification Error: jwt expired[39m
2026-07-26 11:38:44:3844 [31merror[39m: [31m401 - Invalid or expired security token. Please log in again. - /api/v1/clients - GET - ::1[39m
2026-07-26 11:38:44:3844 [31merror[39m: [31mJWT Verification Error: jwt expired[39m
2026-07-26 11:38:44:3844 [31merror[39m: [31m401 - Invalid or expired security token. Please log in again. - /api/v1/advocates - GET - ::1[39m
2026-07-26 11:38:44:3844 [31merror[39m: [31mJWT Verification Error: jwt expired[39m
2026-07-26 11:38:44:3844 [31merror[39m: [31m401 - Invalid or expired security token. Please log in again. - /api/v1/diary - GET - ::1[39m
2026-07-26 11:38:44:3844 [31merror[39m: [31mJWT Verification Error: jwt expired[39m
2026-07-26 11:38:44:3844 [31merror[39m: [31m401 - Invalid or expired security token. Please log in again. - /api/v1/daybook - GET - ::1[39m
2026-07-26 11:38:44:3844 [31merror[39m: [31mJWT Verification Error: jwt expired[39m
2026-07-26 11:38:44:3844 [31merror[39m: [31m401 - Invalid or expired security token. Please log in again. - /api/v1/payments - GET - ::1[39m
2026-07-26 11:38:44:3844 [31merror[39m: [31mJWT Verification Error: jwt expired[39m
2026-07-26 11:38:44:3844 [31merror[39m: [31m401 - Invalid or expired security token. Please log in again. - /api/v1/alerts - GET - ::1[39m
2026-07-26 11:38:44:3844 [31merror[39m: [31mJWT Verification Error: jwt expired[39m
2026-07-26 11:38:44:3844 [31merror[39m: [31m401 - Invalid or expired security token. Please log in again. - /api/v1/opinions - GET - ::1[39m
2026-07-26 11:38:44:3844 [31merror[39m: [31mJWT Verification Error: jwt expired[39m
2026-07-26 11:38:44:3844 [31merror[39m: [31m401 - Invalid or expired security token. Please log in again. - /api/v1/memberships - GET - ::1[39m
2026-07-26 11:38:44:3844 [31merror[39m: [31mJWT Verification Error: jwt expired[39m
2026-07-26 11:38:44:3844 [31merror[39m: [31m401 - Invalid or expired security token. Please log in again. - /api/v1/lands - GET - ::1[39m
2026-07-26 11:38:44:3844 [31merror[39m: [31mJWT Verification Error: jwt expired[39m
2026-07-26 11:38:44:3844 [31merror[39m: [31m401 - Invalid or expired security token. Please log in again. - /api/v1/acts - GET - ::1[39m
2026-07-26 11:38:44:3844 [31merror[39m: [31mJWT Verification Error: jwt expired[39m
2026-07-26 11:38:44:3844 [31merror[39m: [31m401 - Invalid or expired security token. Please log in again. - /api/v1/cases - GET - ::1[39m
2026-07-26 11:38:45:3845 [31merror[39m: [31mJWT Verification Error: jwt expired[39m
2026-07-26 11:38:45:3845 [31merror[39m: [31m401 - Invalid or expired security token. Please log in again. - /api/v1/clients - GET - ::1[39m
2026-07-26 11:38:45:3845 [31merror[39m: [31mJWT Verification Error: jwt expired[39m
2026-07-26 11:38:45:3845 [31merror[39m: [31m401 - Invalid or expired security token. Please log in again. - /api/v1/cases - GET - ::1[39m
2026-07-26 11:38:45:3845 [31merror[39m: [31mJWT Verification Error: jwt expired[39m
2026-07-26 11:38:45:3845 [31merror[39m: [31m401 - Invalid or expired security token. Please log in again. - /api/v1/advocates - GET - ::1[39m
2026-07-26 11:38:45:3845 [31merror[39m: [31mJWT Verification Error: jwt expired[39m
2026-07-26 11:38:45:3845 [31merror[39m: [31m401 - Invalid or expired security token. Please log in again. - /api/v1/diary - GET - ::1[39m
2026-07-26 11:38:45:3845 [31merror[39m: [31mJWT Verification Error: jwt expired[39m
2026-07-26 11:38:45:3845 [31merror[39m: [31m401 - Invalid or expired security token. Please log in again. - /api/v1/opinions - GET - ::1[39m
2026-07-26 11:38:45:3845 [31merror[39m: [31mJWT Verification Error: jwt expired[39m
2026-07-26 11:38:45:3845 [31merror[39m: [31m401 - Invalid or expired security token. Please log in again. - /api/v1/memberships - GET - ::1[39m
2026-07-26 11:38:45:3845 [31merror[39m: [31mJWT Verification Error: jwt expired[39m
2026-07-26 11:38:45:3845 [31merror[39m: [31m401 - Invalid or expired security token. Please log in again. - /api/v1/daybook - GET - ::1[39m
2026-07-26 11:38:45:3845 [31merror[39m: [31mJWT Verification Error: jwt expired[39m
2026-07-26 11:38:45:3845 [31merror[39m: [31m401 - Invalid or expired security token. Please log in again. - /api/v1/payments - GET - ::1[39m
2026-07-26 11:38:45:3845 [31merror[39m: [31mJWT Verification Error: jwt expired[39m
2026-07-26 11:38:46:3846 [31merror[39m: [31m401 - Invalid or expired security token. Please log in again. - /api/v1/alerts - GET - ::1[39m
2026-07-26 11:38:46:3846 [31merror[39m: [31mJWT Verification Error: jwt expired[39m
2026-07-26 11:38:46:3846 [31merror[39m: [31m401 - Invalid or expired security token. Please log in again. - /api/v1/lands - GET - ::1[39m
2026-07-26 11:38:46:3846 [31merror[39m: [31mJWT Verification Error: jwt expired[39m
2026-07-26 11:38:46:3846 [31merror[39m: [31m401 - Invalid or expired security token. Please log in again. - /api/v1/clients - GET - ::1[39m
2026-07-26 11:38:46:3846 [31merror[39m: [31mJWT Verification Error: jwt expired[39m
2026-07-26 11:38:46:3846 [31merror[39m: [31m401 - Invalid or expired security token. Please log in again. - /api/v1/acts - GET - ::1[39m
2026-07-26 11:38:46:3846 [31merror[39m: [31mJWT Verification Error: jwt expired[39m
2026-07-26 11:38:46:3846 [31merror[39m: [31m401 - Invalid or expired security token. Please log in again. - /api/v1/daybook - GET - ::1[39m
2026-07-26 11:38:46:3846 [31merror[39m: [31mJWT Verification Error: jwt expired[39m
2026-07-26 11:38:46:3846 [31merror[39m: [31m401 - Invalid or expired security token. Please log in again. - /api/v1/cases - GET - ::1[39m
2026-07-26 11:38:46:3846 [31merror[39m: [31mJWT Verification Error: jwt expired[39m
2026-07-26 11:38:46:3846 [31merror[39m: [31m401 - Invalid or expired security token. Please log in again. - /api/v1/clients - GET - ::1[39m
2026-07-26 11:38:46:3846 [31merror[39m: [31mJWT Verification Error: jwt expired[39m
2026-07-26 11:38:46:3846 [31merror[39m: [31m401 - Invalid or expired security token. Please log in again. - /api/v1/advocates - GET - ::1[39m
2026-07-26 11:38:46:3846 [31merror[39m: [31mJWT Verification Error: jwt expired[39m
2026-07-26 11:38:46:3846 [31merror[39m: [31m401 - Invalid or expired security token. Please log in again. - /api/v1/diary - GET - ::1[39m
2026-07-26 11:38:46:3846 [31merror[39m: [31mJWT Verification Error: jwt expired[39m
2026-07-26 11:38:46:3846 [31merror[39m: [31m401 - Invalid or expired security token. Please log in again. - /api/v1/roles/modules - GET - ::1[39m
2026-07-26 11:38:46:3846 [31merror[39m: [31mJWT Verification Error: jwt expired[39m
2026-07-26 11:38:46:3846 [31merror[39m: [31m401 - Invalid or expired security token. Please log in again. - /api/v1/advocates - GET - ::1[39m
2026-07-26 11:38:46:3846 [31merror[39m: [31mJWT Verification Error: jwt expired[39m
2026-07-26 11:38:46:3846 [31merror[39m: [31m401 - Invalid or expired security token. Please log in again. - /api/v1/diary - GET - ::1[39m
2026-07-26 11:38:46:3846 [31merror[39m: [31mJWT Verification Error: jwt expired[39m
2026-07-26 11:38:46:3846 [31merror[39m: [31m401 - Invalid or expired security token. Please log in again. - /api/v1/amendments - GET - ::1[39m
2026-07-26 11:38:48:3848 [31merror[39m: [31mJWT Verification Error: jwt expired[39m
2026-07-26 11:38:49:3849 [31merror[39m: [31m401 - Invalid or expired security token. Please log in again. - /api/v1/roles/roles - GET - ::1[39m
2026-07-26 11:38:49:3849 [31merror[39m: [31mJWT Verification Error: jwt expired[39m
2026-07-26 11:38:50:3850 [31merror[39m: [31m401 - Invalid or expired security token. Please log in again. - /api/v1/payments - GET - ::1[39m
2026-07-26 11:38:51:3851 [31merror[39m: [31mJWT Verification Error: jwt expired[39m
2026-07-26 11:38:51:3851 [31merror[39m: [31m401 - Invalid or expired security token. Please log in again. - /api/v1/opinions - GET - ::1[39m
2026-07-26 11:38:51:3851 [31merror[39m: [31mJWT Verification Error: jwt expired[39m
2026-07-26 11:38:51:3851 [31merror[39m: [31m401 - Invalid or expired security token. Please log in again. - /api/v1/alerts - GET - ::1[39m
2026-07-26 11:38:51:3851 [31merror[39m: [31mJWT Verification Error: jwt expired[39m
2026-07-26 11:38:51:3851 [31merror[39m: [31m401 - Invalid or expired security token. Please log in again. - /api/v1/lands - GET - ::1[39m
2026-07-26 11:38:52:3852 [31merror[39m: [31mJWT Verification Error: jwt expired[39m
2026-07-26 11:38:52:3852 [31merror[39m: [31m401 - Invalid or expired security token. Please log in again. - /api/v1/opinions - GET - ::1[39m
2026-07-26 11:38:52:3852 [31merror[39m: [31mJWT Verification Error: jwt expired[39m
2026-07-26 11:38:52:3852 [31merror[39m: [31m401 - Invalid or expired security token. Please log in again. - /api/v1/memberships - GET - ::1[39m
2026-07-26 11:38:52:3852 [31merror[39m: [31mJWT Verification Error: jwt expired[39m
2026-07-26 11:38:52:3852 [31merror[39m: [31m401 - Invalid or expired security token. Please log in again. - /api/v1/acts - GET - ::1[39m
2026-07-26 12:25:41:2541 [31merror[39m: [31mJWT Verification Error: jwt expired[39m
2026-07-26 12:25:41:2541 [31merror[39m: [31m401 - Invalid or expired security token. Please log in again. - /api/v1/payments - GET - ::1[39m
2026-07-26 12:26:45:2645 [31merror[39m: [31mJWT Verification Error: jwt expired[39m
2026-07-26 12:26:45:2645 [31merror[39m: [31m401 - Invalid or expired security token. Please log in again. - /api/v1/cases - GET - ::1[39m
2026-07-26 12:26:45:2645 [31merror[39m: [31mJWT Verification Error: jwt expired[39m
2026-07-26 12:26:45:2645 [31merror[39m: [31m401 - Invalid or expired security token. Please log in again. - /api/v1/clients - GET - ::1[39m
2026-07-26 12:26:45:2645 [31merror[39m: [31mJWT Verification Error: jwt expired[39m
2026-07-26 12:26:45:2645 [31merror[39m: [31m401 - Invalid or expired security token. Please log in again. - /api/v1/advocates - GET - ::1[39m
2026-07-26 12:26:45:2645 [31merror[39m: [31mJWT Verification Error: jwt expired[39m
2026-07-26 12:26:45:2645 [31merror[39m: [31m401 - Invalid or expired security token. Please log in again. - /api/v1/diary - GET - ::1[39m
2026-07-26 12:26:45:2645 [31merror[39m: [31mJWT Verification Error: jwt expired[39m
2026-07-26 12:26:45:2645 [31merror[39m: [31m401 - Invalid or expired security token. Please log in again. - /api/v1/daybook - GET - ::1[39m
2026-07-26 12:26:45:2645 [31merror[39m: [31mJWT Verification Error: jwt expired[39m
2026-07-26 12:26:45:2645 [31merror[39m: [31m401 - Invalid or expired security token. Please log in again. - /api/v1/payments - GET - ::1[39m
2026-07-26 12:26:46:2646 [31merror[39m: [31mJWT Verification Error: jwt expired[39m
2026-07-26 12:26:46:2646 [31merror[39m: [31m401 - Invalid or expired security token. Please log in again. - /api/v1/alerts - GET - ::1[39m
2026-07-26 12:26:46:2646 [31merror[39m: [31mJWT Verification Error: jwt expired[39m
2026-07-26 12:26:46:2646 [31merror[39m: [31m401 - Invalid or expired security token. Please log in again. - /api/v1/lands - GET - ::1[39m
2026-07-26 12:26:46:2646 [31merror[39m: [31mJWT Verification Error: jwt expired[39m
2026-07-26 12:26:46:2646 [31merror[39m: [31m401 - Invalid or expired security token. Please log in again. - /api/v1/opinions - GET - ::1[39m
2026-07-26 12:26:46:2646 [31merror[39m: [31mJWT Verification Error: jwt expired[39m
2026-07-26 12:26:46:2646 [31merror[39m: [31m401 - Invalid or expired security token. Please log in again. - /api/v1/memberships - GET - ::1[39m
2026-07-26 12:26:46:2646 [31merror[39m: [31mJWT Verification Error: jwt expired[39m
2026-07-26 12:26:46:2646 [31merror[39m: [31m401 - Invalid or expired security token. Please log in again. - /api/v1/acts - GET - ::1[39m
2026-07-26 12:26:46:2646 [31merror[39m: [31mJWT Verification Error: jwt expired[39m
2026-07-26 12:26:46:2646 [31merror[39m: [31m401 - Invalid or expired security token. Please log in again. - /api/v1/amendments - GET - ::1[39m
2026-07-26 12:26:46:2646 [31merror[39m: [31mJWT Verification Error: jwt expired[39m
2026-07-26 12:26:46:2646 [31merror[39m: [31m401 - Invalid or expired security token. Please log in again. - /api/v1/roles/modules - GET - ::1[39m
2026-07-26 12:26:46:2646 [31merror[39m: [31mJWT Verification Error: jwt expired[39m
2026-07-26 12:26:46:2646 [31merror[39m: [31m401 - Invalid or expired security token. Please log in again. - /api/v1/roles/roles - GET - ::1[39m
2026-07-26 12:26:46:2646 [31merror[39m: [31mJWT Verification Error: jwt expired[39m
2026-07-26 12:26:46:2646 [31merror[39m: [31m401 - Invalid or expired security token. Please log in again. - /api/v1/clients - GET - ::1[39m
2026-07-26 12:26:47:2647 [31merror[39m: [31mJWT Verification Error: jwt expired[39m
2026-07-26 12:26:47:2647 [31merror[39m: [31m401 - Invalid or expired security token. Please log in again. - /api/v1/daybook - GET - ::1[39m
2026-07-26 12:26:47:2647 [31merror[39m: [31mJWT Verification Error: jwt expired[39m
2026-07-26 12:26:47:2647 [31merror[39m: [31m401 - Invalid or expired security token. Please log in again. - /api/v1/payments - GET - ::1[39m
2026-07-26 12:26:47:2647 [31merror[39m: [31mJWT Verification Error: jwt expired[39m
2026-07-26 12:26:47:2647 [31merror[39m: [31m401 - Invalid or expired security token. Please log in again. - /api/v1/diary - GET - ::1[39m
2026-07-26 12:26:47:2647 [31merror[39m: [31mJWT Verification Error: jwt expired[39m
2026-07-26 12:26:47:2647 [31merror[39m: [31m401 - Invalid or expired security token. Please log in again. - /api/v1/advocates - GET - ::1[39m
2026-07-26 12:26:47:2647 [31merror[39m: [31mJWT Verification Error: jwt expired[39m
2026-07-26 12:26:47:2647 [31merror[39m: [31m401 - Invalid or expired security token. Please log in again. - /api/v1/cases - GET - ::1[39m
2026-07-26 12:26:47:2647 [31merror[39m: [31mJWT Verification Error: jwt expired[39m
2026-07-26 12:26:47:2647 [31merror[39m: [31m401 - Invalid or expired security token. Please log in again. - /api/v1/documents - GET - ::1[39m
2026-07-26 12:26:47:2647 [31merror[39m: [31mJWT Verification Error: jwt expired[39m
2026-07-26 12:26:47:2647 [31merror[39m: [31m401 - Invalid or expired security token. Please log in again. - /api/v1/alerts - GET - ::1[39m
2026-07-26 12:26:47:2647 [31merror[39m: [31mJWT Verification Error: jwt expired[39m
2026-07-26 12:26:47:2647 [31merror[39m: [31m401 - Invalid or expired security token. Please log in again. - /api/v1/lands - GET - ::1[39m
2026-07-26 12:26:47:2647 [31merror[39m: [31mJWT Verification Error: jwt expired[39m
2026-07-26 12:26:48:2648 [31merror[39m: [31m401 - Invalid or expired security token. Please log in again. - /api/v1/opinions - GET - ::1[39m
2026-07-26 12:26:48:2648 [31merror[39m: [31mJWT Verification Error: jwt expired[39m
2026-07-26 12:26:48:2648 [31merror[39m: [31m401 - Invalid or expired security token. Please log in again. - /api/v1/memberships - GET - ::1[39m
2026-07-26 12:26:48:2648 [31merror[39m: [31mJWT Verification Error: jwt expired[39m
2026-07-26 12:26:48:2648 [31merror[39m: [31m401 - Invalid or expired security token. Please log in again. - /api/v1/amendments - GET - ::1[39m
2026-07-26 12:26:48:2648 [31merror[39m: [31mJWT Verification Error: jwt expired[39m
2026-07-26 12:26:48:2648 [31merror[39m: [31m401 - Invalid or expired security token. Please log in again. - /api/v1/acts - GET - ::1[39m
2026-07-26 12:26:48:2648 [31merror[39m: [31mJWT Verification Error: jwt expired[39m
2026-07-26 12:26:48:2648 [31merror[39m: [31m401 - Invalid or expired security token. Please log in again. - /api/v1/roles/modules - GET - ::1[39m
2026-07-26 12:26:48:2648 [31merror[39m: [31mJWT Verification Error: jwt expired[39m
2026-07-26 12:26:48:2648 [31merror[39m: [31m401 - Invalid or expired security token. Please log in again. - /api/v1/roles/roles - GET - ::1[39m
2026-07-26 12:26:48:2648 [31merror[39m: [31mJWT Verification Error: jwt expired[39m
2026-07-26 12:26:48:2648 [31merror[39m: [31m401 - Invalid or expired security token. Please log in again. - /api/v1/clients - GET - ::1[39m
2026-07-26 12:26:48:2648 [31merror[39m: [31mJWT Verification Error: jwt expired[39m
2026-07-26 12:26:48:2648 [31merror[39m: [31m401 - Invalid or expired security token. Please log in again. - /api/v1/advocates - GET - ::1[39m
2026-07-26 12:26:49:2649 [31merror[39m: [31mJWT Verification Error: jwt expired[39m
2026-07-26 12:26:49:2649 [31merror[39m: [31m401 - Invalid or expired security token. Please log in again. - /api/v1/cases - GET - ::1[39m
2026-07-26 12:26:49:2649 [31merror[39m: [31mJWT Verification Error: jwt expired[39m
2026-07-26 12:26:49:2649 [31merror[39m: [31m401 - Invalid or expired security token. Please log in again. - /api/v1/documents - GET - ::1[39m
2026-07-26 12:26:50:2650 [31merror[39m: [31mJWT Verification Error: jwt expired[39m
2026-07-26 12:26:50:2650 [31merror[39m: [31m401 - Invalid or expired security token. Please log in again. - /api/v1/roles/roles - GET - ::1[39m
2026-07-26 12:26:50:2650 [31merror[39m: [31mGetAllActs error: Table 'advocate_management_system.bare_acts' doesn't exist[39m
2026-07-26 12:26:50:2650 [31merror[39m: [31m500 - Table 'advocate_management_system.bare_acts' doesn't exist - /api/v1/acts - GET - ::1[39m
2026-07-26 12:26:51:2651 [31merror[39m: [31mJWT Verification Error: jwt expired[39m
2026-07-26 12:26:51:2651 [31merror[39m: [31m401 - Invalid or expired security token. Please log in again. - /api/v1/clients - GET - ::1[39m
2026-07-26 12:26:51:2651 [31merror[39m: [31mJWT Verification Error: jwt expired[39m
2026-07-26 12:26:51:2651 [31merror[39m: [31m401 - Invalid or expired security token. Please log in again. - /api/v1/advocates - GET - ::1[39m
2026-07-26 12:26:51:2651 [31merror[39m: [31mGetAllAmendments error: Table 'advocate_management_system.amendments' doesn't exist[39m
2026-07-26 12:26:51:2651 [31merror[39m: [31mJWT Verification Error: jwt expired[39m
2026-07-26 12:26:51:2651 [31merror[39m: [31m401 - Invalid or expired security token. Please log in again. - /api/v1/cases - GET - ::1[39m
2026-07-26 12:26:51:2651 [31merror[39m: [31m500 - Table 'advocate_management_system.amendments' doesn't exist - /api/v1/amendments - GET - ::1[39m
2026-07-26 12:26:53:2653 [31merror[39m: [31mJWT Verification Error: jwt expired[39m
2026-07-26 12:26:53:2653 [31merror[39m: [31m401 - Invalid or expired security token. Please log in again. - /api/v1/roles/roles - GET - ::1[39m
2026-07-26 12:26:53:2653 [31merror[39m: [31mJWT Verification Error: jwt expired[39m
2026-07-26 12:26:53:2653 [31merror[39m: [31m401 - Invalid or expired security token. Please log in again. - /api/v1/clients - GET - ::1[39m
2026-07-26 12:26:54:2654 [31merror[39m: [31mJWT Verification Error: jwt expired[39m
2026-07-26 12:26:54:2654 [31merror[39m: [31m401 - Invalid or expired security token. Please log in again. - /api/v1/cases - GET - ::1[39m
2026-07-26 12:26:54:2654 [31merror[39m: [31mGetAllActs error: Table 'advocate_management_system.bare_acts' doesn't exist[39m
2026-07-26 12:26:54:2654 [31merror[39m: [31m500 - Table 'advocate_management_system.bare_acts' doesn't exist - /api/v1/acts - GET - ::1[39m
2026-07-26 12:26:54:2654 [31merror[39m: [31mJWT Verification Error: jwt expired[39m
2026-07-26 12:26:54:2654 [31merror[39m: [31m401 - Invalid or expired security token. Please log in again. - /api/v1/clients - GET - ::1[39m
2026-07-26 12:26:54:2654 [31merror[39m: [31mJWT Verification Error: jwt expired[39m
2026-07-26 12:26:54:2654 [31merror[39m: [31m401 - Invalid or expired security token. Please log in again. - /api/v1/cases - GET - ::1[39m
2026-07-26 12:26:55:2655 [31merror[39m: [31mGetAllAmendments error: Table 'advocate_management_system.amendments' doesn't exist[39m
2026-07-26 12:26:55:2655 [31merror[39m: [31m500 - Table 'advocate_management_system.amendments' doesn't exist - /api/v1/amendments - GET - ::1[39m
2026-07-26 12:26:55:2655 [31merror[39m: [31mJWT Verification Error: jwt expired[39m
2026-07-26 12:26:55:2655 [31merror[39m: [31m401 - Invalid or expired security token. Please log in again. - /api/v1/cases - GET - ::1[39m
2026-07-26 12:26:56:2656 [31merror[39m: [31mJWT Verification Error: jwt expired[39m
2026-07-26 12:26:56:2656 [31merror[39m: [31m401 - Invalid or expired security token. Please log in again. - /api/v1/cases - GET - ::1[39m
2026-07-26 12:27:12:2712 [31merror[39m: [31mJWT Verification Error: jwt expired[39m
2026-07-26 12:27:12:2712 [31merror[39m: [31m401 - Invalid or expired security token. Please log in again. - /api/v1/cases - GET - ::1[39m
2026-07-26 12:27:12:2712 [31merror[39m: [31mJWT Verification Error: jwt expired[39m
2026-07-26 12:27:12:2712 [31merror[39m: [31m401 - Invalid or expired security token. Please log in again. - /api/v1/clients - GET - ::1[39m
2026-07-26 12:27:12:2712 [31merror[39m: [31mJWT Verification Error: jwt expired[39m
2026-07-26 12:27:12:2712 [31merror[39m: [31m401 - Invalid or expired security token. Please log in again. - /api/v1/advocates - GET - ::1[39m
2026-07-26 12:27:12:2712 [31merror[39m: [31mJWT Verification Error: jwt expired[39m
2026-07-26 12:27:12:2712 [31merror[39m: [31m401 - Invalid or expired security token. Please log in again. - /api/v1/diary - GET - ::1[39m
2026-07-26 12:27:12:2712 [31merror[39m: [31mJWT Verification Error: jwt expired[39m
2026-07-26 12:27:12:2712 [31merror[39m: [31m401 - Invalid or expired security token. Please log in again. - /api/v1/daybook - GET - ::1[39m
2026-07-26 12:27:12:2712 [31merror[39m: [31mJWT Verification Error: jwt expired[39m
2026-07-26 12:27:12:2712 [31merror[39m: [31m401 - Invalid or expired security token. Please log in again. - /api/v1/payments - GET - ::1[39m
2026-07-26 12:27:14:2714 [31merror[39m: [31mJWT Verification Error: jwt expired[39m
2026-07-26 12:27:14:2714 [31merror[39m: [31m401 - Invalid or expired security token. Please log in again. - /api/v1/alerts - GET - ::1[39m
2026-07-26 12:27:14:2714 [31merror[39m: [31mJWT Verification Error: jwt expired[39m
2026-07-26 12:27:14:2714 [31merror[39m: [31m401 - Invalid or expired security token. Please log in again. - /api/v1/lands - GET - ::1[39m
2026-07-26 12:27:14:2714 [31merror[39m: [31mJWT Verification Error: jwt expired[39m
2026-07-26 12:27:14:2714 [31merror[39m: [31m401 - Invalid or expired security token. Please log in again. - /api/v1/opinions - GET - ::1[39m
2026-07-26 12:27:14:2714 [31merror[39m: [31mJWT Verification Error: jwt expired[39m
2026-07-26 12:27:14:2714 [31merror[39m: [31m401 - Invalid or expired security token. Please log in again. - /api/v1/memberships - GET - ::1[39m
2026-07-26 12:27:14:2714 [31merror[39m: [31mJWT Verification Error: jwt expired[39m
2026-07-26 12:27:14:2714 [31merror[39m: [31m401 - Invalid or expired security token. Please log in again. - /api/v1/acts - GET - ::1[39m
2026-07-26 12:27:14:2714 [31merror[39m: [31mJWT Verification Error: jwt expired[39m
2026-07-26 12:27:14:2714 [31merror[39m: [31m401 - Invalid or expired security token. Please log in again. - /api/v1/roles/roles - GET - ::1[39m
2026-07-26 12:27:14:2714 [31merror[39m: [31mJWT Verification Error: jwt expired[39m
2026-07-26 12:27:14:2714 [31merror[39m: [31m401 - Invalid or expired security token. Please log in again. - /api/v1/amendments - GET - ::1[39m
2026-07-26 12:27:15:2715 [31merror[39m: [31mJWT Verification Error: jwt expired[39m
2026-07-26 12:27:15:2715 [31merror[39m: [31m401 - Invalid or expired security token. Please log in again. - /api/v1/roles/roles - GET - ::1[39m
2026-07-26 12:27:15:2715 [31merror[39m: [31mJWT Verification Error: jwt expired[39m
2026-07-26 12:27:15:2715 [31merror[39m: [31m401 - Invalid or expired security token. Please log in again. - /api/v1/cases - GET - ::1[39m
2026-07-26 12:27:15:2715 [31merror[39m: [31mJWT Verification Error: jwt expired[39m
2026-07-26 12:27:15:2715 [31merror[39m: [31m401 - Invalid or expired security token. Please log in again. - /api/v1/clients - GET - ::1[39m
2026-07-26 12:27:15:2715 [31merror[39m: [31mJWT Verification Error: jwt expired[39m
2026-07-26 12:27:15:2715 [31merror[39m: [31m401 - Invalid or expired security token. Please log in again. - /api/v1/advocates - GET - ::1[39m
2026-07-26 12:27:15:2715 [31merror[39m: [31mJWT Verification Error: jwt expired[39m
2026-07-26 12:27:15:2715 [31merror[39m: [31m401 - Invalid or expired security token. Please log in again. - /api/v1/diary - GET - ::1[39m
2026-07-26 12:27:15:2715 [31merror[39m: [31mJWT Verification Error: jwt expired[39m
2026-07-26 12:27:15:2715 [31merror[39m: [31m401 - Invalid or expired security token. Please log in again. - /api/v1/roles/modules - GET - ::1[39m
2026-07-26 12:27:16:2716 [31merror[39m: [31mJWT Verification Error: jwt expired[39m
2026-07-26 12:27:16:2716 [31merror[39m: [31m401 - Invalid or expired security token. Please log in again. - /api/v1/daybook - GET - ::1[39m
2026-07-26 12:27:16:2716 [31merror[39m: [31mJWT Verification Error: jwt expired[39m
2026-07-26 12:27:16:2716 [31merror[39m: [31m401 - Invalid or expired security token. Please log in again. - /api/v1/payments - GET - ::1[39m
2026-07-26 12:27:16:2716 [31merror[39m: [31mJWT Verification Error: jwt expired[39m
2026-07-26 12:27:16:2716 [31merror[39m: [31m401 - Invalid or expired security token. Please log in again. - /api/v1/alerts - GET - ::1[39m
2026-07-26 12:27:16:2716 [31merror[39m: [31mJWT Verification Error: jwt expired[39m
2026-07-26 12:27:16:2716 [31merror[39m: [31m401 - Invalid or expired security token. Please log in again. - /api/v1/lands - GET - ::1[39m
2026-07-26 12:27:16:2716 [31merror[39m: [31mJWT Verification Error: jwt expired[39m
2026-07-26 12:27:16:2716 [31merror[39m: [31m401 - Invalid or expired security token. Please log in again. - /api/v1/opinions - GET - ::1[39m
2026-07-26 12:27:16:2716 [31merror[39m: [31mJWT Verification Error: jwt expired[39m
2026-07-26 12:27:16:2716 [31merror[39m: [31m401 - Invalid or expired security token. Please log in again. - /api/v1/memberships - GET - ::1[39m
2026-07-26 12:27:16:2716 [31merror[39m: [31mJWT Verification Error: jwt expired[39m
2026-07-26 12:27:16:2716 [31merror[39m: [31m401 - Invalid or expired security token. Please log in again. - /api/v1/acts - GET - ::1[39m
2026-07-26 12:27:16:2716 [31merror[39m: [31mJWT Verification Error: jwt expired[39m
2026-07-26 12:27:16:2716 [31merror[39m: [31m401 - Invalid or expired security token. Please log in again. - /api/v1/amendments - GET - ::1[39m
2026-07-26 12:27:17:2717 [31merror[39m: [31mJWT Verification Error: jwt expired[39m
2026-07-26 12:27:17:2717 [31merror[39m: [31m401 - Invalid or expired security token. Please log in again. - /api/v1/roles/roles - GET - ::1[39m
2026-07-26 12:27:17:2717 [31merror[39m: [31mJWT Verification Error: jwt expired[39m
2026-07-26 12:27:17:2717 [31merror[39m: [31m401 - Invalid or expired security token. Please log in again. - /api/v1/roles/modules - GET - ::1[39m
2026-07-26 12:27:17:2717 [31merror[39m: [31mJWT Verification Error: jwt expired[39m
2026-07-26 12:27:17:2717 [31merror[39m: [31m401 - Invalid or expired security token. Please log in again. - /api/v1/roles/roles - GET - ::1[39m
2026-07-26 12:27:18:2718 [31merror[39m: [31m403 - Access Denied: You do not have permission to perform this operation. - /api/v1/daybook - GET - ::1[39m
2026-07-26 12:27:19:2719 [31merror[39m: [31mGetAllActs error: Table 'advocate_management_system.bare_acts' doesn't exist[39m
2026-07-26 12:27:19:2719 [31merror[39m: [31m500 - Table 'advocate_management_system.bare_acts' doesn't exist - /api/v1/acts - GET - ::1[39m
2026-07-26 12:27:19:2719 [31merror[39m: [31mGetAllAmendments error: Table 'advocate_management_system.amendments' doesn't exist[39m
2026-07-26 12:27:19:2719 [31merror[39m: [31m500 - Table 'advocate_management_system.amendments' doesn't exist - /api/v1/amendments - GET - ::1[39m
2026-07-26 12:27:20:2720 [31merror[39m: [31m403 - Access Denied: You do not have permission to perform this operation. - /api/v1/daybook - GET - ::1[39m
2026-07-26 12:27:20:2720 [31merror[39m: [31mGetAllActs error: Table 'advocate_management_system.bare_acts' doesn't exist[39m
2026-07-26 12:27:20:2720 [31merror[39m: [31m500 - Table 'advocate_management_system.bare_acts' doesn't exist - /api/v1/acts - GET - ::1[39m
2026-07-26 12:27:20:2720 [31merror[39m: [31mGetAllAmendments error: Table 'advocate_management_system.amendments' doesn't exist[39m
2026-07-26 12:27:20:2720 [31merror[39m: [31m500 - Table 'advocate_management_system.amendments' doesn't exist - /api/v1/amendments - GET - ::1[39m
2026-07-26 12:35:13:3513 [31merror[39m: [31m403 - Access Denied: You do not have permission to perform this operation. - /api/v1/daybook - GET - ::1[39m
2026-07-26 12:35:13:3513 [31merror[39m: [31mGetAllActs error: Table 'advocate_management_system.bare_acts' doesn't exist[39m
2026-07-26 12:35:13:3513 [31merror[39m: [31m500 - Table 'advocate_management_system.bare_acts' doesn't exist - /api/v1/acts - GET - ::1[39m
2026-07-26 12:35:13:3513 [31merror[39m: [31mGetAllAmendments error: Table 'advocate_management_system.amendments' doesn't exist[39m
2026-07-26 12:35:13:3513 [31merror[39m: [31m500 - Table 'advocate_management_system.amendments' doesn't exist - /api/v1/amendments - GET - ::1[39m
2026-07-26 12:35:13:3513 [31merror[39m: [31m403 - Access Denied: You do not have permission to perform this operation. - /api/v1/daybook - GET - ::1[39m
2026-07-26 12:35:13:3513 [31merror[39m: [31mGetAllActs error: Table 'advocate_management_system.bare_acts' doesn't exist[39m
2026-07-26 12:35:13:3513 [31merror[39m: [31m500 - Table 'advocate_management_system.bare_acts' doesn't exist - /api/v1/acts - GET - ::1[39m
2026-07-26 12:35:14:3514 [31merror[39m: [31mGetAllAmendments error: Table 'advocate_management_system.amendments' doesn't exist[39m
2026-07-26 12:35:14:3514 [31merror[39m: [31m500 - Table 'advocate_management_system.amendments' doesn't exist - /api/v1/amendments - GET - ::1[39m
2026-07-26 12:35:14:3514 [31merror[39m: [31mGetAllActs error: Table 'advocate_management_system.bare_acts' doesn't exist[39m
2026-07-26 12:35:14:3514 [31merror[39m: [31m500 - Table 'advocate_management_system.bare_acts' doesn't exist - /api/v1/acts - GET - ::1[39m
2026-07-26 12:35:14:3514 [31merror[39m: [31mGetAllAmendments error: Table 'advocate_management_system.amendments' doesn't exist[39m
2026-07-26 12:35:14:3514 [31merror[39m: [31m500 - Table 'advocate_management_system.amendments' doesn't exist - /api/v1/amendments - GET - ::1[39m
2026-07-26 12:35:14:3514 [31merror[39m: [31mGetAllActs error: Table 'advocate_management_system.bare_acts' doesn't exist[39m
2026-07-26 12:35:14:3514 [31merror[39m: [31m500 - Table 'advocate_management_system.bare_acts' doesn't exist - /api/v1/acts - GET - ::1[39m
2026-07-26 12:35:14:3514 [31merror[39m: [31mGetAllAmendments error: Table 'advocate_management_system.amendments' doesn't exist[39m
2026-07-26 12:35:14:3514 [31merror[39m: [31m500 - Table 'advocate_management_system.amendments' doesn't exist - /api/v1/amendments - GET - ::1[39m
2026-07-26 18:51:06:516 [31merror[39m: [31mJWT Verification Error: jwt expired[39m
2026-07-26 18:51:06:516 [31merror[39m: [31m401 - Invalid or expired security token. Please log in again. - /api/v1/documents - GET - ::1[39m
2026-07-26 18:51:06:516 [31merror[39m: [31mJWT Verification Error: jwt expired[39m
2026-07-26 18:51:06:516 [31merror[39m: [31m401 - Invalid or expired security token. Please log in again. - /api/v1/cases - GET - ::1[39m
2026-07-26 18:51:06:516 [31merror[39m: [31mJWT Verification Error: jwt expired[39m
2026-07-26 18:51:06:516 [31merror[39m: [31m401 - Invalid or expired security token. Please log in again. - /api/v1/clients - GET - ::1[39m
2026-07-26 18:51:06:516 [31merror[39m: [31mJWT Verification Error: jwt expired[39m
2026-07-26 18:51:06:516 [31merror[39m: [31m401 - Invalid or expired security token. Please log in again. - /api/v1/advocates - GET - ::1[39m
2026-07-26 18:51:06:516 [31merror[39m: [31mJWT Verification Error: jwt expired[39m
2026-07-26 18:51:06:516 [31merror[39m: [31m401 - Invalid or expired security token. Please log in again. - /api/v1/diary - GET - ::1[39m
2026-07-26 18:51:06:516 [31merror[39m: [31mJWT Verification Error: jwt expired[39m
2026-07-26 18:51:06:516 [31merror[39m: [31m401 - Invalid or expired security token. Please log in again. - /api/v1/daybook - GET - ::1[39m
2026-07-26 18:51:07:517 [31merror[39m: [31mJWT Verification Error: jwt expired[39m
2026-07-26 18:51:07:517 [31merror[39m: [31m401 - Invalid or expired security token. Please log in again. - /api/v1/payments - GET - ::1[39m
2026-07-26 18:51:07:517 [31merror[39m: [31mJWT Verification Error: jwt expired[39m
2026-07-26 18:51:07:517 [31merror[39m: [31m401 - Invalid or expired security token. Please log in again. - /api/v1/alerts - GET - ::1[39m
2026-07-26 18:51:07:517 [31merror[39m: [31mJWT Verification Error: jwt expired[39m
2026-07-26 18:51:07:517 [31merror[39m: [31m401 - Invalid or expired security token. Please log in again. - /api/v1/lands - GET - ::1[39m
2026-07-26 18:51:07:517 [31merror[39m: [31mJWT Verification Error: jwt expired[39m
2026-07-26 18:51:07:517 [31merror[39m: [31m401 - Invalid or expired security token. Please log in again. - /api/v1/opinions - GET - ::1[39m
2026-07-26 18:51:07:517 [31merror[39m: [31mJWT Verification Error: jwt expired[39m
2026-07-26 18:51:07:517 [31merror[39m: [31m401 - Invalid or expired security token. Please log in again. - /api/v1/memberships - GET - ::1[39m
2026-07-26 18:51:07:517 [31merror[39m: [31mJWT Verification Error: jwt expired[39m
2026-07-26 18:51:07:517 [31merror[39m: [31m401 - Invalid or expired security token. Please log in again. - /api/v1/acts - GET - ::1[39m
2026-07-26 18:51:07:517 [31merror[39m: [31mJWT Verification Error: jwt expired[39m
2026-07-26 18:51:07:517 [31merror[39m: [31m401 - Invalid or expired security token. Please log in again. - /api/v1/amendments - GET - ::1[39m
2026-07-26 18:51:08:518 [31merror[39m: [31mJWT Verification Error: jwt expired[39m
2026-07-26 18:51:08:518 [31merror[39m: [31m401 - Invalid or expired security token. Please log in again. - /api/v1/roles/modules - GET - ::1[39m
2026-07-26 18:51:08:518 [31merror[39m: [31mJWT Verification Error: jwt expired[39m
2026-07-26 18:51:08:518 [31merror[39m: [31m401 - Invalid or expired security token. Please log in again. - /api/v1/roles/roles - GET - ::1[39m
2026-07-26 18:51:08:518 [31merror[39m: [31mJWT Verification Error: jwt expired[39m
2026-07-26 18:51:08:518 [31merror[39m: [31m401 - Invalid or expired security token. Please log in again. - /api/v1/documents - GET - ::1[39m
2026-07-26 18:51:08:518 [31merror[39m: [31mJWT Verification Error: jwt expired[39m
2026-07-26 18:51:08:518 [31merror[39m: [31m401 - Invalid or expired security token. Please log in again. - /api/v1/cases - GET - ::1[39m
2026-07-26 18:51:08:518 [31merror[39m: [31mJWT Verification Error: jwt expired[39m
2026-07-26 18:51:08:518 [31merror[39m: [31m401 - Invalid or expired security token. Please log in again. - /api/v1/clients - GET - ::1[39m
2026-07-26 18:51:08:518 [31merror[39m: [31mJWT Verification Error: jwt expired[39m
2026-07-26 18:51:08:518 [31merror[39m: [31m401 - Invalid or expired security token. Please log in again. - /api/v1/advocates - GET - ::1[39m
2026-07-26 18:51:08:518 [31merror[39m: [31mJWT Verification Error: jwt expired[39m
2026-07-26 18:51:08:518 [31merror[39m: [31m401 - Invalid or expired security token. Please log in again. - /api/v1/daybook - GET - ::1[39m
2026-07-26 18:51:08:518 [31merror[39m: [31mJWT Verification Error: jwt expired[39m
2026-07-26 18:51:08:518 [31merror[39m: [31m401 - Invalid or expired security token. Please log in again. - /api/v1/diary - GET - ::1[39m
2026-07-26 18:51:09:519 [31merror[39m: [31mJWT Verification Error: jwt expired[39m
2026-07-26 18:51:09:519 [31merror[39m: [31m401 - Invalid or expired security token. Please log in again. - /api/v1/payments - GET - ::1[39m
2026-07-26 18:51:09:519 [31merror[39m: [31mJWT Verification Error: jwt expired[39m
2026-07-26 18:51:09:519 [31merror[39m: [31m401 - Invalid or expired security token. Please log in again. - /api/v1/alerts - GET - ::1[39m
2026-07-26 18:51:09:519 [31merror[39m: [31mJWT Verification Error: jwt expired[39m
2026-07-26 18:51:09:519 [31merror[39m: [31m401 - Invalid or expired security token. Please log in again. - /api/v1/opinions - GET - ::1[39m
2026-07-26 18:51:09:519 [31merror[39m: [31mJWT Verification Error: jwt expired[39m
2026-07-26 18:51:09:519 [31merror[39m: [31m401 - Invalid or expired security token. Please log in again. - /api/v1/memberships - GET - ::1[39m
2026-07-26 18:51:09:519 [31merror[39m: [31mJWT Verification Error: jwt expired[39m
2026-07-26 18:51:09:519 [31merror[39m: [31m401 - Invalid or expired security token. Please log in again. - /api/v1/acts - GET - ::1[39m
2026-07-26 18:51:10:5110 [31merror[39m: [31mJWT Verification Error: jwt expired[39m
2026-07-26 18:51:10:5110 [31merror[39m: [31m401 - Invalid or expired security token. Please log in again. - /api/v1/lands - GET - ::1[39m
2026-07-26 18:51:10:5110 [31merror[39m: [31mJWT Verification Error: jwt expired[39m
2026-07-26 18:51:10:5110 [31merror[39m: [31m401 - Invalid or expired security token. Please log in again. - /api/v1/amendments - GET - ::1[39m
2026-07-26 18:51:10:5110 [31merror[39m: [31mJWT Verification Error: jwt expired[39m
2026-07-26 18:51:10:5110 [31merror[39m: [31m401 - Invalid or expired security token. Please log in again. - /api/v1/roles/modules - GET - ::1[39m
2026-07-26 18:51:10:5110 [31merror[39m: [31mJWT Verification Error: jwt expired[39m
2026-07-26 18:51:10:5110 [31merror[39m: [31m401 - Invalid or expired security token. Please log in again. - /api/v1/roles/roles - GET - ::1[39m
2026-07-26 18:51:10:5110 [31merror[39m: [31mJWT Verification Error: jwt expired[39m
2026-07-26 18:51:10:5110 [31merror[39m: [31m401 - Invalid or expired security token. Please log in again. - /api/v1/cases - GET - ::1[39m
2026-07-26 18:51:10:5110 [31merror[39m: [31mJWT Verification Error: jwt expired[39m
2026-07-26 18:51:11:5111 [31merror[39m: [31m401 - Invalid or expired security token. Please log in again. - /api/v1/roles/roles - GET - ::1[39m
2026-07-26 18:51:11:5111 [31merror[39m: [31mJWT Verification Error: jwt expired[39m
2026-07-26 18:51:11:5111 [31merror[39m: [31m401 - Invalid or expired security token. Please log in again. - /api/v1/cases - GET - ::1[39m
2026-07-26 18:51:11:5111 [31merror[39m: [31mJWT Verification Error: jwt expired[39m
2026-07-26 18:51:11:5111 [31merror[39m: [31m401 - Invalid or expired security token. Please log in again. - /api/v1/roles/roles - GET - ::1[39m
2026-07-26 18:51:28:5128 [31merror[39m: [31mGetAllActs error: Table 'advocate_management_system.bare_acts' doesn't exist[39m
2026-07-26 18:51:28:5128 [31merror[39m: [31m500 - Table 'advocate_management_system.bare_acts' doesn't exist - /api/v1/acts - GET - ::1[39m
2026-07-26 18:51:29:5129 [31merror[39m: [31mGetAllAmendments error: Table 'advocate_management_system.amendments' doesn't exist[39m
2026-07-26 18:51:29:5129 [31merror[39m: [31m500 - Table 'advocate_management_system.amendments' doesn't exist - /api/v1/amendments - GET - ::1[39m
2026-07-26 18:51:48:5148 [31merror[39m: [31mGetAllActs error: Table 'advocate_management_system.bare_acts' doesn't exist[39m
2026-07-26 18:51:48:5148 [31merror[39m: [31m500 - Table 'advocate_management_system.bare_acts' doesn't exist - /api/v1/acts - GET - ::1[39m
2026-07-26 18:51:50:5150 [31merror[39m: [31mGetAllAmendments error: Table 'advocate_management_system.amendments' doesn't exist[39m
2026-07-26 18:51:50:5150 [31merror[39m: [31m500 - Table 'advocate_management_system.amendments' doesn't exist - /api/v1/amendments - GET - ::1[39m
2026-07-26 19:07:11:711 [31merror[39m: [31mJWT Verification Error: jwt expired[39m
2026-07-26 19:07:11:711 [31merror[39m: [31m401 - Invalid or expired security token. Please log in again. - /api/v1/cases - GET - ::1[39m
2026-07-26 19:07:11:711 [31merror[39m: [31mJWT Verification Error: jwt expired[39m
2026-07-26 19:07:11:711 [31merror[39m: [31m401 - Invalid or expired security token. Please log in again. - /api/v1/clients - GET - ::1[39m
2026-07-26 19:07:11:711 [31merror[39m: [31mJWT Verification Error: jwt expired[39m
2026-07-26 19:07:11:711 [31merror[39m: [31m401 - Invalid or expired security token. Please log in again. - /api/v1/advocates - GET - ::1[39m
2026-07-26 19:07:11:711 [31merror[39m: [31mJWT Verification Error: jwt expired[39m
2026-07-26 19:07:11:711 [31merror[39m: [31m401 - Invalid or expired security token. Please log in again. - /api/v1/daybook - GET - ::1[39m
2026-07-26 19:07:11:711 [31merror[39m: [31mJWT Verification Error: jwt expired[39m
2026-07-26 19:07:11:711 [31merror[39m: [31m401 - Invalid or expired security token. Please log in again. - /api/v1/diary - GET - ::1[39m
2026-07-26 19:07:11:711 [31merror[39m: [31mJWT Verification Error: jwt expired[39m
2026-07-26 19:07:11:711 [31merror[39m: [31m401 - Invalid or expired security token. Please log in again. - /api/v1/payments - GET - ::1[39m
2026-07-26 19:07:11:711 [31merror[39m: [31mJWT Verification Error: jwt expired[39m
2026-07-26 19:07:11:711 [31merror[39m: [31m401 - Invalid or expired security token. Please log in again. - /api/v1/alerts - GET - ::1[39m
2026-07-26 19:07:11:711 [31merror[39m: [31mJWT Verification Error: jwt expired[39m
2026-07-26 19:07:11:711 [31merror[39m: [31m401 - Invalid or expired security token. Please log in again. - /api/v1/lands - GET - ::1[39m
2026-07-26 19:07:11:711 [31merror[39m: [31mJWT Verification Error: jwt expired[39m
2026-07-26 19:07:11:711 [31merror[39m: [31m401 - Invalid or expired security token. Please log in again. - /api/v1/opinions - GET - ::1[39m
2026-07-26 19:07:11:711 [31merror[39m: [31mJWT Verification Error: jwt expired[39m
2026-07-26 19:07:11:711 [31merror[39m: [31m401 - Invalid or expired security token. Please log in again. - /api/v1/memberships - GET - ::1[39m
2026-07-26 19:07:12:712 [31merror[39m: [31mJWT Verification Error: jwt expired[39m
2026-07-26 19:07:12:712 [31merror[39m: [31m401 - Invalid or expired security token. Please log in again. - /api/v1/roles/roles - GET - ::1[39m
2026-07-26 19:07:12:712 [31merror[39m: [31mJWT Verification Error: jwt expired[39m
2026-07-26 19:07:12:712 [31merror[39m: [31m401 - Invalid or expired security token. Please log in again. - /api/v1/acts - GET - ::1[39m
2026-07-26 19:07:12:712 [31merror[39m: [31mJWT Verification Error: jwt expired[39m
2026-07-26 19:07:12:712 [31merror[39m: [31m401 - Invalid or expired security token. Please log in again. - /api/v1/amendments - GET - ::1[39m
2026-07-26 19:07:12:712 [31merror[39m: [31mJWT Verification Error: jwt expired[39m
2026-07-26 19:07:12:712 [31merror[39m: [31m401 - Invalid or expired security token. Please log in again. - /api/v1/roles/modules - GET - ::1[39m
2026-07-26 19:07:12:712 [31merror[39m: [31mJWT Verification Error: jwt expired[39m
2026-07-26 19:07:12:712 [31merror[39m: [31m401 - Invalid or expired security token. Please log in again. - /api/v1/cases - GET - ::1[39m
2026-07-26 19:07:12:712 [31merror[39m: [31mJWT Verification Error: jwt expired[39m
2026-07-26 19:07:12:712 [31merror[39m: [31m401 - Invalid or expired security token. Please log in again. - /api/v1/clients - GET - ::1[39m
2026-07-26 19:07:12:712 [31merror[39m: [31mJWT Verification Error: jwt expired[39m
2026-07-26 19:07:12:712 [31merror[39m: [31m401 - Invalid or expired security token. Please log in again. - /api/v1/advocates - GET - ::1[39m
2026-07-26 19:07:12:712 [31merror[39m: [31mJWT Verification Error: jwt expired[39m
2026-07-26 19:07:12:712 [31merror[39m: [31m401 - Invalid or expired security token. Please log in again. - /api/v1/daybook - GET - ::1[39m
2026-07-26 19:07:12:712 [31merror[39m: [31mJWT Verification Error: jwt expired[39m
2026-07-26 19:07:12:712 [31merror[39m: [31m401 - Invalid or expired security token. Please log in again. - /api/v1/diary - GET - ::1[39m
2026-07-26 19:07:12:712 [31merror[39m: [31mJWT Verification Error: jwt expired[39m
2026-07-26 19:07:12:712 [31merror[39m: [31m401 - Invalid or expired security token. Please log in again. - /api/v1/payments - GET - ::1[39m
2026-07-26 19:07:12:712 [31merror[39m: [31mJWT Verification Error: jwt expired[39m
2026-07-26 19:07:12:712 [31merror[39m: [31m401 - Invalid or expired security token. Please log in again. - /api/v1/alerts - GET - ::1[39m
2026-07-26 19:07:12:712 [31merror[39m: [31mJWT Verification Error: jwt expired[39m
2026-07-26 19:07:12:712 [31merror[39m: [31m401 - Invalid or expired security token. Please log in again. - /api/v1/lands - GET - ::1[39m
2026-07-26 19:07:12:712 [31merror[39m: [31mJWT Verification Error: jwt expired[39m
2026-07-26 19:07:12:712 [31merror[39m: [31m401 - Invalid or expired security token. Please log in again. - /api/v1/opinions - GET - ::1[39m
2026-07-26 19:07:12:712 [31merror[39m: [31mJWT Verification Error: jwt expired[39m
2026-07-26 19:07:12:712 [31merror[39m: [31m401 - Invalid or expired security token. Please log in again. - /api/v1/memberships - GET - ::1[39m
2026-07-26 19:07:12:712 [31merror[39m: [31mJWT Verification Error: jwt expired[39m
2026-07-26 19:07:12:712 [31merror[39m: [31m401 - Invalid or expired security token. Please log in again. - /api/v1/roles/roles - GET - ::1[39m
2026-07-26 19:07:12:712 [31merror[39m: [31mJWT Verification Error: jwt expired[39m
2026-07-26 19:07:12:712 [31merror[39m: [31m401 - Invalid or expired security token. Please log in again. - /api/v1/acts - GET - ::1[39m
2026-07-26 19:07:12:712 [31merror[39m: [31mJWT Verification Error: jwt expired[39m
2026-07-26 19:07:12:712 [31merror[39m: [31m401 - Invalid or expired security token. Please log in again. - /api/v1/amendments - GET - ::1[39m
2026-07-26 19:07:12:712 [31merror[39m: [31mJWT Verification Error: jwt expired[39m
2026-07-26 19:07:12:712 [31merror[39m: [31m401 - Invalid or expired security token. Please log in again. - /api/v1/roles/modules - GET - ::1[39m
2026-07-26 19:07:12:712 [31merror[39m: [31mJWT Verification Error: jwt expired[39m
2026-07-26 19:07:12:712 [31merror[39m: [31m401 - Invalid or expired security token. Please log in again. - /api/v1/roles/roles - GET - ::1[39m
2026-07-26 19:07:12:712 [31merror[39m: [31mGetAllActs error: Table 'advocate_management_system.bare_acts' doesn't exist[39m
2026-07-26 19:07:12:712 [31merror[39m: [31m500 - Table 'advocate_management_system.bare_acts' doesn't exist - /api/v1/acts - GET - ::1[39m
2026-07-26 19:07:12:712 [31merror[39m: [31mJWT Verification Error: jwt expired[39m
2026-07-26 19:07:12:712 [31merror[39m: [31m401 - Invalid or expired security token. Please log in again. - /api/v1/roles/roles - GET - ::1[39m
2026-07-26 19:07:12:712 [31merror[39m: [31mGetAllAmendments error: Table 'advocate_management_system.amendments' doesn't exist[39m
2026-07-26 19:07:12:712 [31merror[39m: [31m500 - Table 'advocate_management_system.amendments' doesn't exist - /api/v1/amendments - GET - ::1[39m
2026-07-26 19:07:12:712 [31merror[39m: [31mGetAllActs error: Table 'advocate_management_system.bare_acts' doesn't exist[39m
2026-07-26 19:07:12:712 [31merror[39m: [31m500 - Table 'advocate_management_system.bare_acts' doesn't exist - /api/v1/acts - GET - ::1[39m
2026-07-26 19:07:12:712 [31merror[39m: [31mGetAllAmendments error: Table 'advocate_management_system.amendments' doesn't exist[39m
2026-07-26 19:07:12:712 [31merror[39m: [31m500 - Table 'advocate_management_system.amendments' doesn't exist - /api/v1/amendments - GET - ::1[39m
2026-07-26 19:23:47:2347 [31merror[39m: [31mJWT Verification Error: jwt expired[39m
2026-07-26 19:23:47:2347 [31merror[39m: [31m401 - Invalid or expired security token. Please log in again. - /api/v1/documents - GET - ::1[39m
2026-07-26 19:23:47:2347 [31merror[39m: [31mJWT Verification Error: jwt expired[39m
2026-07-26 19:23:47:2347 [31merror[39m: [31m401 - Invalid or expired security token. Please log in again. - /api/v1/cases - GET - ::1[39m
2026-07-26 19:23:47:2347 [31merror[39m: [31mJWT Verification Error: jwt expired[39m
2026-07-26 19:23:47:2347 [31merror[39m: [31m401 - Invalid or expired security token. Please log in again. - /api/v1/clients - GET - ::1[39m
2026-07-26 19:23:47:2347 [31merror[39m: [31mJWT Verification Error: jwt expired[39m
2026-07-26 19:23:47:2347 [31merror[39m: [31m401 - Invalid or expired security token. Please log in again. - /api/v1/advocates - GET - ::1[39m
2026-07-26 19:23:47:2347 [31merror[39m: [31mJWT Verification Error: jwt expired[39m
2026-07-26 19:23:47:2347 [31merror[39m: [31m401 - Invalid or expired security token. Please log in again. - /api/v1/diary - GET - ::1[39m
2026-07-26 19:23:47:2347 [31merror[39m: [31mJWT Verification Error: jwt expired[39m
2026-07-26 19:23:47:2347 [31merror[39m: [31m401 - Invalid or expired security token. Please log in again. - /api/v1/daybook - GET - ::1[39m
2026-07-26 19:23:47:2347 [31merror[39m: [31mJWT Verification Error: jwt expired[39m
2026-07-26 19:23:47:2347 [31merror[39m: [31m401 - Invalid or expired security token. Please log in again. - /api/v1/payments - GET - ::1[39m
2026-07-26 19:23:47:2347 [31merror[39m: [31mJWT Verification Error: jwt expired[39m
2026-07-26 19:23:47:2347 [31merror[39m: [31m401 - Invalid or expired security token. Please log in again. - /api/v1/alerts - GET - ::1[39m
2026-07-26 19:23:47:2347 [31merror[39m: [31mJWT Verification Error: jwt expired[39m
2026-07-26 19:23:47:2347 [31merror[39m: [31m401 - Invalid or expired security token. Please log in again. - /api/v1/lands - GET - ::1[39m
2026-07-26 19:23:47:2347 [31merror[39m: [31mJWT Verification Error: jwt expired[39m
2026-07-26 19:23:47:2347 [31merror[39m: [31m401 - Invalid or expired security token. Please log in again. - /api/v1/opinions - GET - ::1[39m
2026-07-26 19:23:47:2347 [31merror[39m: [31mJWT Verification Error: jwt expired[39m
2026-07-26 19:23:47:2347 [31merror[39m: [31m401 - Invalid or expired security token. Please log in again. - /api/v1/memberships - GET - ::1[39m
2026-07-26 19:23:47:2347 [31merror[39m: [31mJWT Verification Error: jwt expired[39m
2026-07-26 19:23:47:2347 [31merror[39m: [31m401 - Invalid or expired security token. Please log in again. - /api/v1/acts - GET - ::1[39m
2026-07-26 19:23:47:2347 [31merror[39m: [31mJWT Verification Error: jwt expired[39m
2026-07-26 19:23:47:2347 [31merror[39m: [31m401 - Invalid or expired security token. Please log in again. - /api/v1/amendments - GET - ::1[39m
2026-07-26 19:23:47:2347 [31merror[39m: [31mJWT Verification Error: jwt expired[39m
2026-07-26 19:23:47:2347 [31merror[39m: [31m401 - Invalid or expired security token. Please log in again. - /api/v1/roles/roles - GET - ::1[39m
2026-07-26 19:23:47:2347 [31merror[39m: [31mJWT Verification Error: jwt expired[39m
2026-07-26 19:23:47:2347 [31merror[39m: [31m401 - Invalid or expired security token. Please log in again. - /api/v1/roles/modules - GET - ::1[39m
2026-07-26 19:23:47:2347 [31merror[39m: [31mJWT Verification Error: jwt expired[39m
2026-07-26 19:23:47:2347 [31merror[39m: [31m401 - Invalid or expired security token. Please log in again. - /api/v1/documents - GET - ::1[39m
2026-07-26 19:23:47:2347 [31merror[39m: [31mJWT Verification Error: jwt expired[39m
2026-07-26 19:23:47:2347 [31merror[39m: [31m401 - Invalid or expired security token. Please log in again. - /api/v1/cases - GET - ::1[39m
2026-07-26 19:23:47:2347 [31merror[39m: [31mJWT Verification Error: jwt expired[39m
2026-07-26 19:23:47:2347 [31merror[39m: [31m401 - Invalid or expired security token. Please log in again. - /api/v1/clients - GET - ::1[39m
2026-07-26 19:23:47:2347 [31merror[39m: [31mJWT Verification Error: jwt expired[39m
2026-07-26 19:23:47:2347 [31merror[39m: [31m401 - Invalid or expired security token. Please log in again. - /api/v1/diary - GET - ::1[39m
2026-07-26 19:23:47:2347 [31merror[39m: [31mJWT Verification Error: jwt expired[39m
2026-07-26 19:23:47:2347 [31merror[39m: [31m401 - Invalid or expired security token. Please log in again. - /api/v1/advocates - GET - ::1[39m
2026-07-26 19:23:47:2347 [31merror[39m: [31mJWT Verification Error: jwt expired[39m
2026-07-26 19:23:47:2347 [31merror[39m: [31m401 - Invalid or expired security token. Please log in again. - /api/v1/daybook - GET - ::1[39m
2026-07-26 19:23:47:2347 [31merror[39m: [31mJWT Verification Error: jwt expired[39m
2026-07-26 19:23:47:2347 [31merror[39m: [31m401 - Invalid or expired security token. Please log in again. - /api/v1/payments - GET - ::1[39m
2026-07-26 19:23:47:2347 [31merror[39m: [31mJWT Verification Error: jwt expired[39m
2026-07-26 19:23:47:2347 [31merror[39m: [31m401 - Invalid or expired security token. Please log in again. - /api/v1/alerts - GET - ::1[39m
2026-07-26 19:23:47:2347 [31merror[39m: [31mJWT Verification Error: jwt expired[39m
2026-07-26 19:23:47:2347 [31merror[39m: [31m401 - Invalid or expired security token. Please log in again. - /api/v1/lands - GET - ::1[39m
2026-07-26 19:23:47:2347 [31merror[39m: [31mJWT Verification Error: jwt expired[39m
2026-07-26 19:23:47:2347 [31merror[39m: [31m401 - Invalid or expired security token. Please log in again. - /api/v1/opinions - GET - ::1[39m
2026-07-26 19:23:47:2347 [31merror[39m: [31mJWT Verification Error: jwt expired[39m
2026-07-26 19:23:47:2347 [31merror[39m: [31m401 - Invalid or expired security token. Please log in again. - /api/v1/acts - GET - ::1[39m
2026-07-26 19:23:47:2347 [31merror[39m: [31mJWT Verification Error: jwt expired[39m
2026-07-26 19:23:47:2347 [31merror[39m: [31m401 - Invalid or expired security token. Please log in again. - /api/v1/memberships - GET - ::1[39m
2026-07-26 19:23:47:2347 [31merror[39m: [31mJWT Verification Error: jwt expired[39m
2026-07-26 19:23:47:2347 [31merror[39m: [31m401 - Invalid or expired security token. Please log in again. - /api/v1/amendments - GET - ::1[39m
2026-07-26 19:23:47:2347 [31merror[39m: [31mJWT Verification Error: jwt expired[39m
2026-07-26 19:23:47:2347 [31merror[39m: [31m401 - Invalid or expired security token. Please log in again. - /api/v1/roles/roles - GET - ::1[39m
2026-07-26 19:23:47:2347 [31merror[39m: [31mJWT Verification Error: jwt expired[39m
2026-07-26 19:23:47:2347 [31merror[39m: [31m401 - Invalid or expired security token. Please log in again. - /api/v1/roles/modules - GET - ::1[39m
2026-07-26 19:23:47:2347 [31merror[39m: [31mJWT Verification Error: jwt expired[39m
2026-07-26 19:23:47:2347 [31merror[39m: [31m401 - Invalid or expired security token. Please log in again. - /api/v1/cases - GET - ::1[39m
2026-07-26 19:23:47:2347 [31merror[39m: [31mJWT Verification Error: jwt expired[39m
2026-07-26 19:23:47:2347 [31merror[39m: [31m401 - Invalid or expired security token. Please log in again. - /api/v1/roles/roles - GET - ::1[39m
2026-07-26 19:23:47:2347 [31merror[39m: [31mJWT Verification Error: jwt expired[39m
2026-07-26 19:23:47:2347 [31merror[39m: [31m401 - Invalid or expired security token. Please log in again. - /api/v1/cases - GET - ::1[39m
2026-07-26 19:23:47:2347 [31merror[39m: [31mGetAllActs error: Table 'advocate_management_system.bare_acts' doesn't exist[39m
2026-07-26 19:23:47:2347 [31merror[39m: [31m500 - Table 'advocate_management_system.bare_acts' doesn't exist - /api/v1/acts - GET - ::1[39m
2026-07-26 19:23:47:2347 [31merror[39m: [31mGetAllAmendments error: Table 'advocate_management_system.amendments' doesn't exist[39m
2026-07-26 19:23:47:2347 [31merror[39m: [31m500 - Table 'advocate_management_system.amendments' doesn't exist - /api/v1/amendments - GET - ::1[39m
2026-07-26 19:23:47:2347 [31merror[39m: [31mJWT Verification Error: jwt expired[39m
2026-07-26 19:23:47:2347 [31merror[39m: [31m401 - Invalid or expired security token. Please log in again. - /api/v1/roles/roles - GET - ::1[39m
2026-07-26 19:23:47:2347 [31merror[39m: [31mGetAllActs error: Table 'advocate_management_system.bare_acts' doesn't exist[39m
2026-07-26 19:23:47:2347 [31merror[39m: [31m500 - Table 'advocate_management_system.bare_acts' doesn't exist - /api/v1/acts - GET - ::1[39m
2026-07-26 19:23:47:2347 [31merror[39m: [31mGetAllAmendments error: Table 'advocate_management_system.amendments' doesn't exist[39m
2026-07-26 19:23:47:2347 [31merror[39m: [31m500 - Table 'advocate_management_system.amendments' doesn't exist - /api/v1/amendments - GET - ::1[39m
2026-07-26 19:53:07:537 [31merror[39m: [31mJWT Verification Error: jwt expired[39m
2026-07-26 19:53:07:537 [31merror[39m: [31m401 - Invalid or expired security token. Please log in again. - /api/v1/cases - GET - ::1[39m
2026-07-26 19:53:07:537 [31merror[39m: [31mJWT Verification Error: jwt expired[39m
2026-07-26 19:53:07:537 [31merror[39m: [31m401 - Invalid or expired security token. Please log in again. - /api/v1/clients - GET - ::1[39m
2026-07-26 19:53:07:537 [31merror[39m: [31mJWT Verification Error: jwt expired[39m
2026-07-26 19:53:07:537 [31merror[39m: [31m401 - Invalid or expired security token. Please log in again. - /api/v1/advocates - GET - ::1[39m
2026-07-26 19:53:07:537 [31merror[39m: [31mJWT Verification Error: jwt expired[39m
2026-07-26 19:53:07:537 [31merror[39m: [31m401 - Invalid or expired security token. Please log in again. - /api/v1/diary - GET - ::1[39m
2026-07-26 19:53:07:537 [31merror[39m: [31mJWT Verification Error: jwt expired[39m
2026-07-26 19:53:07:537 [31merror[39m: [31m401 - Invalid or expired security token. Please log in again. - /api/v1/daybook - GET - ::1[39m
2026-07-26 19:53:07:537 [31merror[39m: [31mJWT Verification Error: jwt expired[39m
2026-07-26 19:53:07:537 [31merror[39m: [31m401 - Invalid or expired security token. Please log in again. - /api/v1/payments - GET - ::1[39m
2026-07-26 19:53:07:537 [31merror[39m: [31mJWT Verification Error: jwt expired[39m
2026-07-26 19:53:07:537 [31merror[39m: [31m401 - Invalid or expired security token. Please log in again. - /api/v1/alerts - GET - ::1[39m
2026-07-26 19:53:07:537 [31merror[39m: [31mJWT Verification Error: jwt expired[39m
2026-07-26 19:53:07:537 [31merror[39m: [31m401 - Invalid or expired security token. Please log in again. - /api/v1/lands - GET - ::1[39m
2026-07-26 19:53:07:537 [31merror[39m: [31mJWT Verification Error: jwt expired[39m
2026-07-26 19:53:07:537 [31merror[39m: [31m401 - Invalid or expired security token. Please log in again. - /api/v1/opinions - GET - ::1[39m
2026-07-26 19:53:07:537 [31merror[39m: [31mJWT Verification Error: jwt expired[39m
2026-07-26 19:53:07:537 [31merror[39m: [31m401 - Invalid or expired security token. Please log in again. - /api/v1/memberships - GET - ::1[39m
2026-07-26 19:53:07:537 [31merror[39m: [31mJWT Verification Error: jwt expired[39m
2026-07-26 19:53:07:537 [31merror[39m: [31m401 - Invalid or expired security token. Please log in again. - /api/v1/acts - GET - ::1[39m
2026-07-26 19:53:07:537 [31merror[39m: [31mJWT Verification Error: jwt expired[39m
2026-07-26 19:53:07:537 [31merror[39m: [31m401 - Invalid or expired security token. Please log in again. - /api/v1/cases - GET - ::1[39m
2026-07-26 19:53:07:537 [31merror[39m: [31mJWT Verification Error: jwt expired[39m
2026-07-26 19:53:07:537 [31merror[39m: [31m401 - Invalid or expired security token. Please log in again. - /api/v1/amendments - GET - ::1[39m
2026-07-26 19:53:08:538 [31merror[39m: [31mJWT Verification Error: jwt expired[39m
2026-07-26 19:53:08:538 [31merror[39m: [31m401 - Invalid or expired security token. Please log in again. - /api/v1/roles/roles - GET - ::1[39m
2026-07-26 19:53:08:538 [31merror[39m: [31mJWT Verification Error: jwt expired[39m
2026-07-26 19:53:08:538 [31merror[39m: [31m401 - Invalid or expired security token. Please log in again. - /api/v1/roles/modules - GET - ::1[39m
2026-07-26 19:53:08:538 [31merror[39m: [31mJWT Verification Error: jwt expired[39m
2026-07-26 19:53:08:538 [31merror[39m: [31m401 - Invalid or expired security token. Please log in again. - /api/v1/clients - GET - ::1[39m
2026-07-26 19:53:08:538 [31merror[39m: [31mJWT Verification Error: jwt expired[39m
2026-07-26 19:53:08:538 [31merror[39m: [31m401 - Invalid or expired security token. Please log in again. - /api/v1/advocates - GET - ::1[39m
2026-07-26 19:53:08:538 [31merror[39m: [31mJWT Verification Error: jwt expired[39m
2026-07-26 19:53:08:538 [31merror[39m: [31m401 - Invalid or expired security token. Please log in again. - /api/v1/roles/roles - GET - ::1[39m
2026-07-26 19:53:08:538 [31merror[39m: [31mJWT Verification Error: jwt expired[39m
2026-07-26 19:53:08:538 [31merror[39m: [31m401 - Invalid or expired security token. Please log in again. - /api/v1/cases - GET - ::1[39m
2026-07-26 19:53:08:538 [31merror[39m: [31mJWT Verification Error: jwt expired[39m
2026-07-26 19:53:08:538 [31merror[39m: [31m401 - Invalid or expired security token. Please log in again. - /api/v1/clients - GET - ::1[39m
2026-07-26 19:53:08:538 [31merror[39m: [31mJWT Verification Error: jwt expired[39m
2026-07-26 19:53:08:538 [31merror[39m: [31m401 - Invalid or expired security token. Please log in again. - /api/v1/advocates - GET - ::1[39m
2026-07-26 19:53:08:538 [31merror[39m: [31mJWT Verification Error: jwt expired[39m
2026-07-26 19:53:08:538 [31merror[39m: [31m401 - Invalid or expired security token. Please log in again. - /api/v1/diary - GET - ::1[39m
2026-07-26 19:53:08:538 [31merror[39m: [31mJWT Verification Error: jwt expired[39m
2026-07-26 19:53:08:538 [31merror[39m: [31m401 - Invalid or expired security token. Please log in again. - /api/v1/daybook - GET - ::1[39m
2026-07-26 19:53:08:538 [31merror[39m: [31mJWT Verification Error: jwt expired[39m
2026-07-26 19:53:08:538 [31merror[39m: [31m401 - Invalid or expired security token. Please log in again. - /api/v1/payments - GET - ::1[39m
2026-07-26 19:53:08:538 [31merror[39m: [31mJWT Verification Error: jwt expired[39m
2026-07-26 19:53:08:538 [31merror[39m: [31m401 - Invalid or expired security token. Please log in again. - /api/v1/alerts - GET - ::1[39m
2026-07-26 19:53:08:538 [31merror[39m: [31mJWT Verification Error: jwt expired[39m
2026-07-26 19:53:08:538 [31merror[39m: [31m401 - Invalid or expired security token. Please log in again. - /api/v1/acts - GET - ::1[39m
2026-07-26 19:53:08:538 [31merror[39m: [31mJWT Verification Error: jwt expired[39m
2026-07-26 19:53:08:538 [31merror[39m: [31m401 - Invalid or expired security token. Please log in again. - /api/v1/lands - GET - ::1[39m
2026-07-26 19:53:08:538 [31merror[39m: [31mJWT Verification Error: jwt expired[39m
2026-07-26 19:53:08:538 [31merror[39m: [31m401 - Invalid or expired security token. Please log in again. - /api/v1/opinions - GET - ::1[39m
2026-07-26 19:53:08:538 [31merror[39m: [31mJWT Verification Error: jwt expired[39m
2026-07-26 19:53:08:538 [31merror[39m: [31m401 - Invalid or expired security token. Please log in again. - /api/v1/memberships - GET - ::1[39m
2026-07-26 19:53:08:538 [31merror[39m: [31mJWT Verification Error: jwt expired[39m
2026-07-26 19:53:08:538 [31merror[39m: [31m401 - Invalid or expired security token. Please log in again. - /api/v1/amendments - GET - ::1[39m
2026-07-26 19:53:08:538 [31merror[39m: [31mJWT Verification Error: jwt expired[39m
2026-07-26 19:53:08:538 [31merror[39m: [31m401 - Invalid or expired security token. Please log in again. - /api/v1/roles/roles - GET - ::1[39m
2026-07-26 19:53:08:538 [31merror[39m: [31mJWT Verification Error: jwt expired[39m
2026-07-26 19:53:08:538 [31merror[39m: [31m401 - Invalid or expired security token. Please log in again. - /api/v1/roles/modules - GET - ::1[39m
2026-07-26 19:53:08:538 [31merror[39m: [31mJWT Verification Error: jwt expired[39m
2026-07-26 19:53:08:538 [31merror[39m: [31m401 - Invalid or expired security token. Please log in again. - /api/v1/diary - GET - ::1[39m
2026-07-26 19:53:08:538 [31merror[39m: [31mJWT Verification Error: jwt expired[39m
2026-07-26 19:53:08:538 [31merror[39m: [31m401 - Invalid or expired security token. Please log in again. - /api/v1/daybook - GET - ::1[39m
2026-07-26 19:53:08:538 [31merror[39m: [31mJWT Verification Error: jwt expired[39m
2026-07-26 19:53:08:538 [31merror[39m: [31m401 - Invalid or expired security token. Please log in again. - /api/v1/roles/roles - GET - ::1[39m
2026-07-26 19:53:08:538 [31merror[39m: [31mJWT Verification Error: jwt expired[39m
2026-07-26 19:53:08:538 [31merror[39m: [31m401 - Invalid or expired security token. Please log in again. - /api/v1/payments - GET - ::1[39m
2026-07-26 19:53:08:538 [31merror[39m: [31mJWT Verification Error: jwt expired[39m
2026-07-26 19:53:08:538 [31merror[39m: [31m401 - Invalid or expired security token. Please log in again. - /api/v1/alerts - GET - ::1[39m
2026-07-26 19:53:08:538 [31merror[39m: [31mJWT Verification Error: jwt expired[39m
2026-07-26 19:53:08:538 [31merror[39m: [31m401 - Invalid or expired security token. Please log in again. - /api/v1/lands - GET - ::1[39m
2026-07-26 19:53:08:538 [31merror[39m: [31mJWT Verification Error: jwt expired[39m
2026-07-26 19:53:08:538 [31merror[39m: [31m401 - Invalid or expired security token. Please log in again. - /api/v1/opinions - GET - ::1[39m
2026-07-26 19:53:08:538 [31merror[39m: [31mJWT Verification Error: jwt expired[39m
2026-07-26 19:53:08:538 [31merror[39m: [31m401 - Invalid or expired security token. Please log in again. - /api/v1/memberships - GET - ::1[39m
2026-07-26 19:53:08:538 [31merror[39m: [31mJWT Verification Error: jwt expired[39m
2026-07-26 19:53:08:538 [31merror[39m: [31m401 - Invalid or expired security token. Please log in again. - /api/v1/acts - GET - ::1[39m
2026-07-26 19:53:08:538 [31merror[39m: [31mJWT Verification Error: jwt expired[39m
2026-07-26 19:53:08:538 [31merror[39m: [31m401 - Invalid or expired security token. Please log in again. - /api/v1/amendments - GET - ::1[39m
2026-07-26 19:53:08:538 [31merror[39m: [31mJWT Verification Error: jwt expired[39m
2026-07-26 19:53:08:538 [31merror[39m: [31m401 - Invalid or expired security token. Please log in again. - /api/v1/roles/roles - GET - ::1[39m
2026-07-26 19:53:08:538 [31merror[39m: [31mJWT Verification Error: jwt expired[39m
2026-07-26 19:53:08:538 [31merror[39m: [31m401 - Invalid or expired security token. Please log in again. - /api/v1/roles/modules - GET - ::1[39m
2026-07-26 19:53:08:538 [31merror[39m: [31mJWT Verification Error: jwt expired[39m
2026-07-26 19:53:08:538 [31merror[39m: [31m401 - Invalid or expired security token. Please log in again. - /api/v1/cases - GET - ::1[39m
2026-07-26 19:53:08:538 [31merror[39m: [31mJWT Verification Error: jwt expired[39m
2026-07-26 19:53:08:538 [31merror[39m: [31m401 - Invalid or expired security token. Please log in again. - /api/v1/clients - GET - ::1[39m
2026-07-26 19:53:08:538 [31merror[39m: [31mJWT Verification Error: jwt expired[39m
2026-07-26 19:53:08:538 [31merror[39m: [31m401 - Invalid or expired security token. Please log in again. - /api/v1/advocates - GET - ::1[39m
2026-07-26 19:53:08:538 [31merror[39m: [31mJWT Verification Error: jwt expired[39m
2026-07-26 19:53:08:538 [31merror[39m: [31m401 - Invalid or expired security token. Please log in again. - /api/v1/diary - GET - ::1[39m
2026-07-26 19:53:08:538 [31merror[39m: [31mJWT Verification Error: jwt expired[39m
2026-07-26 19:53:08:538 [31merror[39m: [31m401 - Invalid or expired security token. Please log in again. - /api/v1/daybook - GET - ::1[39m
2026-07-26 19:53:08:538 [31merror[39m: [31mJWT Verification Error: jwt expired[39m
2026-07-26 19:53:08:538 [31merror[39m: [31m401 - Invalid or expired security token. Please log in again. - /api/v1/payments - GET - ::1[39m
2026-07-26 19:53:08:538 [31merror[39m: [31mJWT Verification Error: jwt expired[39m
2026-07-26 19:53:08:538 [31merror[39m: [31m401 - Invalid or expired security token. Please log in again. - /api/v1/alerts - GET - ::1[39m
2026-07-26 19:53:08:538 [31merror[39m: [31mJWT Verification Error: jwt expired[39m
2026-07-26 19:53:08:538 [31merror[39m: [31m401 - Invalid or expired security token. Please log in again. - /api/v1/lands - GET - ::1[39m
2026-07-26 19:53:08:538 [31merror[39m: [31mJWT Verification Error: jwt expired[39m
2026-07-26 19:53:08:538 [31merror[39m: [31m401 - Invalid or expired security token. Please log in again. - /api/v1/opinions - GET - ::1[39m
2026-07-26 19:53:08:538 [31merror[39m: [31mJWT Verification Error: jwt expired[39m
2026-07-26 19:53:08:538 [31merror[39m: [31m401 - Invalid or expired security token. Please log in again. - /api/v1/memberships - GET - ::1[39m
2026-07-26 19:53:08:538 [31merror[39m: [31mJWT Verification Error: jwt expired[39m
2026-07-26 19:53:08:538 [31merror[39m: [31m401 - Invalid or expired security token. Please log in again. - /api/v1/amendments - GET - ::1[39m
2026-07-26 19:53:08:538 [31merror[39m: [31mJWT Verification Error: jwt expired[39m
2026-07-26 19:53:08:538 [31merror[39m: [31m401 - Invalid or expired security token. Please log in again. - /api/v1/acts - GET - ::1[39m
2026-07-26 19:53:08:538 [31merror[39m: [31mJWT Verification Error: jwt expired[39m
2026-07-26 19:53:08:538 [31merror[39m: [31m401 - Invalid or expired security token. Please log in again. - /api/v1/roles/roles - GET - ::1[39m
2026-07-26 19:53:08:538 [31merror[39m: [31mJWT Verification Error: jwt expired[39m
2026-07-26 19:53:08:538 [31merror[39m: [31m401 - Invalid or expired security token. Please log in again. - /api/v1/roles/modules - GET - ::1[39m
2026-07-26 19:53:08:538 [31merror[39m: [31mJWT Verification Error: jwt expired[39m
2026-07-26 19:53:08:538 [31merror[39m: [31m401 - Invalid or expired security token. Please log in again. - /api/v1/roles/roles - GET - ::1[39m
2026-07-26 19:53:08:538 [31merror[39m: [31mJWT Verification Error: jwt expired[39m
2026-07-26 19:53:08:538 [31merror[39m: [31m401 - Invalid or expired security token. Please log in again. - /api/v1/roles/roles - GET - ::1[39m
2026-07-26 19:53:08:538 [31merror[39m: [31mGetAllActs error: Table 'advocate_management_system.bare_acts' doesn't exist[39m
2026-07-26 19:53:08:538 [31merror[39m: [31m500 - Table 'advocate_management_system.bare_acts' doesn't exist - /api/v1/acts - GET - ::1[39m
2026-07-26 19:53:08:538 [31merror[39m: [31mGetAllAmendments error: Table 'advocate_management_system.amendments' doesn't exist[39m
2026-07-26 19:53:08:538 [31merror[39m: [31m500 - Table 'advocate_management_system.amendments' doesn't exist - /api/v1/amendments - GET - ::1[39m
2026-07-26 19:53:09:539 [31merror[39m: [31mGetAllActs error: Table 'advocate_management_system.bare_acts' doesn't exist[39m
2026-07-26 19:53:09:539 [31merror[39m: [31m500 - Table 'advocate_management_system.bare_acts' doesn't exist - /api/v1/acts - GET - ::1[39m
2026-07-26 19:53:09:539 [31merror[39m: [31mGetAllAmendments error: Table 'advocate_management_system.amendments' doesn't exist[39m
2026-07-26 19:53:09:539 [31merror[39m: [31m500 - Table 'advocate_management_system.amendments' doesn't exist - /api/v1/amendments - GET - ::1[39m
2026-07-26 19:53:09:539 [31merror[39m: [31mGetAllActs error: Table 'advocate_management_system.bare_acts' doesn't exist[39m
2026-07-26 19:53:09:539 [31merror[39m: [31m500 - Table 'advocate_management_system.bare_acts' doesn't exist - /api/v1/acts - GET - ::1[39m
2026-07-26 19:53:09:539 [31merror[39m: [31mGetAllAmendments error: Table 'advocate_management_system.amendments' doesn't exist[39m
2026-07-26 19:53:09:539 [31merror[39m: [31m500 - Table 'advocate_management_system.amendments' doesn't exist - /api/v1/amendments - GET - ::1[39m
2026-07-26 19:53:09:539 [31merror[39m: [31mGetAllActs error: Table 'advocate_management_system.bare_acts' doesn't exist[39m
2026-07-26 19:53:09:539 [31merror[39m: [31m500 - Table 'advocate_management_system.bare_acts' doesn't exist - /api/v1/acts - GET - ::1[39m
2026-07-26 19:53:09:539 [31merror[39m: [31mGetAllAmendments error: Table 'advocate_management_system.amendments' doesn't exist[39m
2026-07-26 19:53:09:539 [31merror[39m: [31m500 - Table 'advocate_management_system.amendments' doesn't exist - /api/v1/amendments - GET - ::1[39m
2026-07-26 21:57:27:5727 [31merror[39m: [31mJWT Verification Error: jwt expired[39m
2026-07-26 21:57:27:5727 [31merror[39m: [31m401 - Invalid or expired security token. Please log in again. - /api/v1/cases - GET - ::1[39m
2026-07-26 21:57:27:5727 [31merror[39m: [31mJWT Verification Error: jwt expired[39m
2026-07-26 21:57:27:5727 [31merror[39m: [31m401 - Invalid or expired security token. Please log in again. - /api/v1/clients - GET - ::1[39m
2026-07-26 21:57:27:5727 [31merror[39m: [31mJWT Verification Error: jwt expired[39m
2026-07-26 21:57:27:5727 [31merror[39m: [31m401 - Invalid or expired security token. Please log in again. - /api/v1/advocates - GET - ::1[39m
2026-07-26 21:57:27:5727 [31merror[39m: [31mJWT Verification Error: jwt expired[39m
2026-07-26 21:57:27:5727 [31merror[39m: [31m401 - Invalid or expired security token. Please log in again. - /api/v1/diary - GET - ::1[39m
2026-07-26 21:57:27:5727 [31merror[39m: [31mJWT Verification Error: jwt expired[39m
2026-07-26 21:57:27:5727 [31merror[39m: [31m401 - Invalid or expired security token. Please log in again. - /api/v1/daybook - GET - ::1[39m
2026-07-26 21:57:27:5727 [31merror[39m: [31mJWT Verification Error: jwt expired[39m
2026-07-26 21:57:27:5727 [31merror[39m: [31m401 - Invalid or expired security token. Please log in again. - /api/v1/payments - GET - ::1[39m
2026-07-26 21:57:28:5728 [31merror[39m: [31mJWT Verification Error: jwt expired[39m
2026-07-26 21:57:28:5728 [31merror[39m: [31m401 - Invalid or expired security token. Please log in again. - /api/v1/alerts - GET - ::1[39m
2026-07-26 21:57:28:5728 [31merror[39m: [31mJWT Verification Error: jwt expired[39m
2026-07-26 21:57:28:5728 [31merror[39m: [31m401 - Invalid or expired security token. Please log in again. - /api/v1/lands - GET - ::1[39m
2026-07-26 21:57:28:5728 [31merror[39m: [31mJWT Verification Error: jwt expired[39m
2026-07-26 21:57:28:5728 [31merror[39m: [31m401 - Invalid or expired security token. Please log in again. - /api/v1/opinions - GET - ::1[39m
2026-07-26 21:57:28:5728 [31merror[39m: [31mJWT Verification Error: jwt expired[39m
2026-07-26 21:57:28:5728 [31merror[39m: [31m401 - Invalid or expired security token. Please log in again. - /api/v1/memberships - GET - ::1[39m
2026-07-26 21:57:28:5728 [31merror[39m: [31mJWT Verification Error: jwt expired[39m
2026-07-26 21:57:28:5728 [31merror[39m: [31m401 - Invalid or expired security token. Please log in again. - /api/v1/acts - GET - ::1[39m
2026-07-26 21:57:28:5728 [31merror[39m: [31mJWT Verification Error: jwt expired[39m
2026-07-26 21:57:28:5728 [31merror[39m: [31m401 - Invalid or expired security token. Please log in again. - /api/v1/amendments - GET - ::1[39m
2026-07-26 21:57:28:5728 [31merror[39m: [31mJWT Verification Error: jwt expired[39m
2026-07-26 21:57:28:5728 [31merror[39m: [31m401 - Invalid or expired security token. Please log in again. - /api/v1/roles/roles - GET - ::1[39m
2026-07-26 21:57:28:5728 [31merror[39m: [31mJWT Verification Error: jwt expired[39m
2026-07-26 21:57:28:5728 [31merror[39m: [31m401 - Invalid or expired security token. Please log in again. - /api/v1/roles/modules - GET - ::1[39m
2026-07-26 21:57:29:5729 [31merror[39m: [31mJWT Verification Error: jwt expired[39m
2026-07-26 21:57:29:5729 [31merror[39m: [31m401 - Invalid or expired security token. Please log in again. - /api/v1/cases - GET - ::1[39m
2026-07-26 21:57:29:5729 [31merror[39m: [31mJWT Verification Error: jwt expired[39m
2026-07-26 21:57:29:5729 [31merror[39m: [31m401 - Invalid or expired security token. Please log in again. - /api/v1/advocates - GET - ::1[39m
2026-07-26 21:57:29:5729 [31merror[39m: [31mJWT Verification Error: jwt expired[39m
2026-07-26 21:57:29:5729 [31merror[39m: [31m401 - Invalid or expired security token. Please log in again. - /api/v1/clients - GET - ::1[39m
2026-07-26 21:57:29:5729 [31merror[39m: [31mJWT Verification Error: jwt expired[39m
2026-07-26 21:57:29:5729 [31merror[39m: [31m401 - Invalid or expired security token. Please log in again. - /api/v1/diary - GET - ::1[39m
2026-07-26 21:57:29:5729 [31merror[39m: [31mJWT Verification Error: jwt expired[39m
2026-07-26 21:57:29:5729 [31merror[39m: [31m401 - Invalid or expired security token. Please log in again. - /api/v1/payments - GET - ::1[39m
2026-07-26 21:57:29:5729 [31merror[39m: [31mJWT Verification Error: jwt expired[39m
2026-07-26 21:57:29:5729 [31merror[39m: [31m401 - Invalid or expired security token. Please log in again. - /api/v1/daybook - GET - ::1[39m
2026-07-26 21:57:29:5729 [31merror[39m: [31mJWT Verification Error: jwt expired[39m
2026-07-26 21:57:29:5729 [31merror[39m: [31m401 - Invalid or expired security token. Please log in again. - /api/v1/alerts - GET - ::1[39m
2026-07-26 21:57:29:5729 [31merror[39m: [31mJWT Verification Error: jwt expired[39m
2026-07-26 21:57:29:5729 [31merror[39m: [31m401 - Invalid or expired security token. Please log in again. - /api/v1/opinions - GET - ::1[39m
2026-07-26 21:57:29:5729 [31merror[39m: [31mJWT Verification Error: jwt expired[39m
2026-07-26 21:57:29:5729 [31merror[39m: [31m401 - Invalid or expired security token. Please log in again. - /api/v1/acts - GET - ::1[39m
2026-07-26 21:57:30:5730 [31merror[39m: [31mJWT Verification Error: jwt expired[39m
2026-07-26 21:57:30:5730 [31merror[39m: [31m401 - Invalid or expired security token. Please log in again. - /api/v1/memberships - GET - ::1[39m
2026-07-26 21:57:30:5730 [31merror[39m: [31mJWT Verification Error: jwt expired[39m
2026-07-26 21:57:30:5730 [31merror[39m: [31m401 - Invalid or expired security token. Please log in again. - /api/v1/amendments - GET - ::1[39m
2026-07-26 21:57:30:5730 [31merror[39m: [31mJWT Verification Error: jwt expired[39m
2026-07-26 21:57:30:5730 [31merror[39m: [31m401 - Invalid or expired security token. Please log in again. - /api/v1/lands - GET - ::1[39m
2026-07-26 21:57:30:5730 [31merror[39m: [31mJWT Verification Error: jwt expired[39m
2026-07-26 21:57:30:5730 [31merror[39m: [31m401 - Invalid or expired security token. Please log in again. - /api/v1/roles/roles - GET - ::1[39m
2026-07-26 21:57:30:5730 [31merror[39m: [31mJWT Verification Error: jwt expired[39m
2026-07-26 21:57:30:5730 [31merror[39m: [31m401 - Invalid or expired security token. Please log in again. - /api/v1/roles/modules - GET - ::1[39m
2026-07-26 21:57:30:5730 [31merror[39m: [31mJWT Verification Error: jwt expired[39m
2026-07-26 21:57:30:5730 [31merror[39m: [31m401 - Invalid or expired security token. Please log in again. - /api/v1/advocates - GET - ::1[39m
2026-07-26 21:57:30:5730 [31merror[39m: [31mJWT Verification Error: jwt expired[39m
2026-07-26 21:57:30:5730 [31merror[39m: [31m401 - Invalid or expired security token. Please log in again. - /api/v1/cases - GET - ::1[39m
2026-07-26 21:57:30:5730 [31merror[39m: [31mJWT Verification Error: jwt expired[39m
2026-07-26 21:57:30:5730 [31merror[39m: [31m401 - Invalid or expired security token. Please log in again. - /api/v1/clients - GET - ::1[39m
2026-07-26 21:57:31:5731 [31merror[39m: [31mJWT Verification Error: jwt expired[39m
2026-07-26 21:57:31:5731 [31merror[39m: [31m401 - Invalid or expired security token. Please log in again. - /api/v1/roles/roles - GET - ::1[39m
2026-07-26 21:57:32:5732 [31merror[39m: [31mGetAllAmendments error: Table 'advocate_management_system.amendments' doesn't exist[39m
2026-07-26 21:57:32:5732 [31merror[39m: [31m500 - Table 'advocate_management_system.amendments' doesn't exist - /api/v1/amendments - GET - ::1[39m
2026-07-26 21:57:32:5732 [31merror[39m: [31mGetAllActs error: Table 'advocate_management_system.bare_acts' doesn't exist[39m
2026-07-26 21:57:32:5732 [31merror[39m: [31m500 - Table 'advocate_management_system.bare_acts' doesn't exist - /api/v1/acts - GET - ::1[39m
2026-07-26 21:57:32:5732 [31merror[39m: [31mJWT Verification Error: jwt expired[39m
2026-07-26 21:57:32:5732 [31merror[39m: [31m401 - Invalid or expired security token. Please log in again. - /api/v1/cases - GET - ::1[39m
2026-07-26 21:57:33:5733 [31merror[39m: [31mJWT Verification Error: jwt expired[39m
2026-07-26 21:57:33:5733 [31merror[39m: [31m401 - Invalid or expired security token. Please log in again. - /api/v1/advocates - GET - ::1[39m
2026-07-26 21:57:33:5733 [31merror[39m: [31mJWT Verification Error: jwt expired[39m
2026-07-26 21:57:33:5733 [31merror[39m: [31m401 - Invalid or expired security token. Please log in again. - /api/v1/clients - GET - ::1[39m
2026-07-26 21:57:33:5733 [31merror[39m: [31mJWT Verification Error: jwt expired[39m
2026-07-26 21:57:33:5733 [31merror[39m: [31m401 - Invalid or expired security token. Please log in again. - /api/v1/roles/roles - GET - ::1[39m
2026-07-26 21:57:33:5733 [31merror[39m: [31mGetAllAmendments error: Table 'advocate_management_system.amendments' doesn't exist[39m
2026-07-26 21:57:33:5733 [31merror[39m: [31m500 - Table 'advocate_management_system.amendments' doesn't exist - /api/v1/amendments - GET - ::1[39m
2026-07-26 21:57:33:5733 [31merror[39m: [31mGetAllActs error: Table 'advocate_management_system.bare_acts' doesn't exist[39m
2026-07-26 21:57:33:5733 [31merror[39m: [31m500 - Table 'advocate_management_system.bare_acts' doesn't exist - /api/v1/acts - GET - ::1[39m
2026-07-27 09:36:13:3613 [31merror[39m: [31mJWT Verification Error: jwt expired[39m
2026-07-27 09:36:13:3613 [31merror[39m: [31m401 - Invalid or expired security token. Please log in again. - /api/v1/cases - GET - ::1[39m
2026-07-27 09:36:13:3613 [31merror[39m: [31mJWT Verification Error: jwt expired[39m
2026-07-27 09:36:13:3613 [31merror[39m: [31m401 - Invalid or expired security token. Please log in again. - /api/v1/alerts - GET - ::1[39m
2026-07-27 09:36:13:3613 [31merror[39m: [31mJWT Verification Error: jwt expired[39m
2026-07-27 09:36:13:3613 [31merror[39m: [31m401 - Invalid or expired security token. Please log in again. - /api/v1/lands - GET - ::1[39m
2026-07-27 09:36:13:3613 [31merror[39m: [31mJWT Verification Error: jwt expired[39m
2026-07-27 09:36:13:3613 [31merror[39m: [31m401 - Invalid or expired security token. Please log in again. - /api/v1/opinions - GET - ::1[39m
2026-07-27 09:36:13:3613 [31merror[39m: [31mJWT Verification Error: jwt expired[39m
2026-07-27 09:36:13:3613 [31merror[39m: [31m401 - Invalid or expired security token. Please log in again. - /api/v1/memberships - GET - ::1[39m
2026-07-27 09:36:13:3613 [31merror[39m: [31mJWT Verification Error: jwt expired[39m
2026-07-27 09:36:13:3613 [31merror[39m: [31m401 - Invalid or expired security token. Please log in again. - /api/v1/clients - GET - ::1[39m
2026-07-27 09:36:13:3613 [31merror[39m: [31mJWT Verification Error: jwt expired[39m
2026-07-27 09:36:13:3613 [31merror[39m: [31m401 - Invalid or expired security token. Please log in again. - /api/v1/advocates - GET - ::1[39m
2026-07-27 09:36:13:3613 [31merror[39m: [31mJWT Verification Error: jwt expired[39m
2026-07-27 09:36:13:3613 [31merror[39m: [31m401 - Invalid or expired security token. Please log in again. - /api/v1/diary - GET - ::1[39m
2026-07-27 09:36:13:3613 [31merror[39m: [31mJWT Verification Error: jwt expired[39m
2026-07-27 09:36:13:3613 [31merror[39m: [31m401 - Invalid or expired security token. Please log in again. - /api/v1/daybook - GET - ::1[39m
2026-07-27 09:36:13:3613 [31merror[39m: [31mJWT Verification Error: jwt expired[39m
2026-07-27 09:36:13:3613 [31merror[39m: [31m401 - Invalid or expired security token. Please log in again. - /api/v1/payments - GET - ::1[39m
2026-07-27 09:36:13:3613 [31merror[39m: [31mJWT Verification Error: jwt expired[39m
2026-07-27 09:36:13:3613 [31merror[39m: [31m401 - Invalid or expired security token. Please log in again. - /api/v1/amendments - GET - ::1[39m
2026-07-27 09:36:13:3613 [31merror[39m: [31mJWT Verification Error: jwt expired[39m
2026-07-27 09:36:13:3613 [31merror[39m: [31m401 - Invalid or expired security token. Please log in again. - /api/v1/roles/modules - GET - ::1[39m
2026-07-27 09:36:13:3613 [31merror[39m: [31mJWT Verification Error: jwt expired[39m
2026-07-27 09:36:13:3613 [31merror[39m: [31m401 - Invalid or expired security token. Please log in again. - /api/v1/acts - GET - ::1[39m
2026-07-27 09:36:13:3613 [31merror[39m: [31mJWT Verification Error: jwt expired[39m
2026-07-27 09:36:13:3613 [31merror[39m: [31m401 - Invalid or expired security token. Please log in again. - /api/v1/roles/roles - GET - ::1[39m
2026-07-27 09:36:13:3613 [31merror[39m: [31mJWT Verification Error: jwt expired[39m
2026-07-27 09:36:13:3613 [31merror[39m: [31m401 - Invalid or expired security token. Please log in again. - /api/v1/lands - GET - ::1[39m
2026-07-27 09:36:13:3613 [31merror[39m: [31mJWT Verification Error: jwt expired[39m
2026-07-27 09:36:13:3613 [31merror[39m: [31m401 - Invalid or expired security token. Please log in again. - /api/v1/alerts - GET - ::1[39m
2026-07-27 09:36:13:3613 [31merror[39m: [31mJWT Verification Error: jwt expired[39m
2026-07-27 09:36:13:3613 [31merror[39m: [31m401 - Invalid or expired security token. Please log in again. - /api/v1/cases - GET - ::1[39m
2026-07-27 09:36:13:3613 [31merror[39m: [31mJWT Verification Error: jwt expired[39m
2026-07-27 09:36:13:3613 [31merror[39m: [31m401 - Invalid or expired security token. Please log in again. - /api/v1/opinions - GET - ::1[39m
2026-07-27 09:36:13:3613 [31merror[39m: [31mJWT Verification Error: jwt expired[39m
2026-07-27 09:36:13:3613 [31merror[39m: [31m401 - Invalid or expired security token. Please log in again. - /api/v1/memberships - GET - ::1[39m
2026-07-27 09:36:13:3613 [31merror[39m: [31mJWT Verification Error: jwt expired[39m
2026-07-27 09:36:13:3613 [31merror[39m: [31m401 - Invalid or expired security token. Please log in again. - /api/v1/clients - GET - ::1[39m
2026-07-27 09:36:13:3613 [31merror[39m: [31mJWT Verification Error: jwt expired[39m
2026-07-27 09:36:13:3613 [31merror[39m: [31m401 - Invalid or expired security token. Please log in again. - /api/v1/advocates - GET - ::1[39m
2026-07-27 09:36:13:3613 [31merror[39m: [31mJWT Verification Error: jwt expired[39m
2026-07-27 09:36:13:3613 [31merror[39m: [31m401 - Invalid or expired security token. Please log in again. - /api/v1/diary - GET - ::1[39m
2026-07-27 09:36:13:3613 [31merror[39m: [31mJWT Verification Error: jwt expired[39m
2026-07-27 09:36:13:3613 [31merror[39m: [31m401 - Invalid or expired security token. Please log in again. - /api/v1/daybook - GET - ::1[39m
2026-07-27 09:36:13:3613 [31merror[39m: [31mJWT Verification Error: jwt expired[39m
2026-07-27 09:36:13:3613 [31merror[39m: [31m401 - Invalid or expired security token. Please log in again. - /api/v1/payments - GET - ::1[39m
2026-07-27 09:36:13:3613 [31merror[39m: [31mJWT Verification Error: jwt expired[39m
2026-07-27 09:36:13:3613 [31merror[39m: [31m401 - Invalid or expired security token. Please log in again. - /api/v1/roles/modules - GET - ::1[39m
2026-07-27 09:36:13:3613 [31merror[39m: [31mJWT Verification Error: jwt expired[39m
2026-07-27 09:36:13:3613 [31merror[39m: [31m401 - Invalid or expired security token. Please log in again. - /api/v1/amendments - GET - ::1[39m
2026-07-27 09:36:13:3613 [31merror[39m: [31mJWT Verification Error: jwt expired[39m
2026-07-27 09:36:13:3613 [31merror[39m: [31m401 - Invalid or expired security token. Please log in again. - /api/v1/acts - GET - ::1[39m
2026-07-27 09:36:13:3613 [31merror[39m: [31mJWT Verification Error: jwt expired[39m
2026-07-27 09:36:13:3613 [31merror[39m: [31m401 - Invalid or expired security token. Please log in again. - /api/v1/roles/roles - GET - ::1[39m
2026-07-27 09:36:13:3613 [31merror[39m: [31mJWT Verification Error: jwt expired[39m
2026-07-27 09:36:13:3613 [31merror[39m: [31m401 - Invalid or expired security token. Please log in again. - /api/v1/roles/roles - GET - ::1[39m
2026-07-27 09:36:14:3614 [31merror[39m: [31mJWT Verification Error: jwt expired[39m
2026-07-27 09:36:14:3614 [31merror[39m: [31m401 - Invalid or expired security token. Please log in again. - /api/v1/roles/roles - GET - ::1[39m
2026-07-27 09:36:14:3614 [31merror[39m: [31mGetAllAmendments error: Table 'advocate_management_system.amendments' doesn't exist[39m
2026-07-27 09:36:14:3614 [31merror[39m: [31m500 - Table 'advocate_management_system.amendments' doesn't exist - /api/v1/amendments - GET - ::1[39m
2026-07-27 09:36:14:3614 [31merror[39m: [31mGetAllActs error: Table 'advocate_management_system.bare_acts' doesn't exist[39m
2026-07-27 09:36:14:3614 [31merror[39m: [31m500 - Table 'advocate_management_system.bare_acts' doesn't exist - /api/v1/acts - GET - ::1[39m
2026-07-27 09:36:14:3614 [31merror[39m: [31mGetAllAmendments error: Table 'advocate_management_system.amendments' doesn't exist[39m
2026-07-27 09:36:14:3614 [31merror[39m: [31m500 - Table 'advocate_management_system.amendments' doesn't exist - /api/v1/amendments - GET - ::1[39m
2026-07-27 09:36:14:3614 [31merror[39m: [31mGetAllActs error: Table 'advocate_management_system.bare_acts' doesn't exist[39m
2026-07-27 09:36:14:3614 [31merror[39m: [31m500 - Table 'advocate_management_system.bare_acts' doesn't exist - /api/v1/acts - GET - ::1[39m
2026-07-27 09:51:39:5139 [31merror[39m: [31mJWT Verification Error: jwt expired[39m
2026-07-27 09:51:39:5139 [31merror[39m: [31m401 - Invalid or expired security token. Please log in again. - /api/v1/cases - GET - ::1[39m
2026-07-27 09:51:39:5139 [31merror[39m: [31mJWT Verification Error: jwt expired[39m
2026-07-27 09:51:39:5139 [31merror[39m: [31m401 - Invalid or expired security token. Please log in again. - /api/v1/clients - GET - ::1[39m
2026-07-27 09:51:39:5139 [31merror[39m: [31mJWT Verification Error: jwt expired[39m
2026-07-27 09:51:39:5139 [31merror[39m: [31m401 - Invalid or expired security token. Please log in again. - /api/v1/cases - GET - ::1[39m
2026-07-27 09:51:39:5139 [31merror[39m: [31mJWT Verification Error: jwt expired[39m
2026-07-27 09:51:39:5139 [31merror[39m: [31m401 - Invalid or expired security token. Please log in again. - /api/v1/clients - GET - ::1[39m
2026-07-27 09:54:57:5457 [31merror[39m: [31mGetAllActs error: Table 'advocate_management_system.bare_acts' doesn't exist[39m
2026-07-27 09:54:57:5457 [31merror[39m: [31m500 - Table 'advocate_management_system.bare_acts' doesn't exist - /api/v1/acts - GET - ::1[39m
2026-07-27 09:54:57:5457 [31merror[39m: [31mGetAllAmendments error: Table 'advocate_management_system.amendments' doesn't exist[39m
2026-07-27 09:54:57:5457 [31merror[39m: [31m500 - Table 'advocate_management_system.amendments' doesn't exist - /api/v1/amendments - GET - ::1[39m
2026-07-27 09:54:57:5457 [31merror[39m: [31mGetAllActs error: Table 'advocate_management_system.bare_acts' doesn't exist[39m
2026-07-27 09:54:57:5457 [31merror[39m: [31m500 - Table 'advocate_management_system.bare_acts' doesn't exist - /api/v1/acts - GET - ::1[39m
2026-07-27 09:54:57:5457 [31merror[39m: [31mGetAllAmendments error: Table 'advocate_management_system.amendments' doesn't exist[39m
2026-07-27 09:54:57:5457 [31merror[39m: [31m500 - Table 'advocate_management_system.amendments' doesn't exist - /api/v1/amendments - GET - ::1[39m
2026-07-27 10:08:02:82 [31merror[39m: [31mJWT Verification Error: jwt expired[39m
2026-07-27 10:08:02:82 [31merror[39m: [31m401 - Invalid or expired security token. Please log in again. - /api/v1/cases - GET - ::1[39m
2026-07-27 10:08:02:82 [31merror[39m: [31mJWT Verification Error: jwt expired[39m
2026-07-27 10:08:02:82 [31merror[39m: [31m401 - Invalid or expired security token. Please log in again. - /api/v1/clients - GET - ::1[39m
2026-07-27 10:08:02:82 [31merror[39m: [31mJWT Verification Error: jwt expired[39m
2026-07-27 10:08:02:82 [31merror[39m: [31m401 - Invalid or expired security token. Please log in again. - /api/v1/advocates - GET - ::1[39m
2026-07-27 10:08:02:82 [31merror[39m: [31mJWT Verification Error: jwt expired[39m
2026-07-27 10:08:02:82 [31merror[39m: [31m401 - Invalid or expired security token. Please log in again. - /api/v1/diary - GET - ::1[39m
2026-07-27 10:08:02:82 [31merror[39m: [31mJWT Verification Error: jwt expired[39m
2026-07-27 10:08:02:82 [31merror[39m: [31m401 - Invalid or expired security token. Please log in again. - /api/v1/daybook - GET - ::1[39m
2026-07-27 10:08:02:82 [31merror[39m: [31mJWT Verification Error: jwt expired[39m
2026-07-27 10:08:02:82 [31merror[39m: [31m401 - Invalid or expired security token. Please log in again. - /api/v1/payments - GET - ::1[39m
2026-07-27 10:08:02:82 [31merror[39m: [31mJWT Verification Error: jwt expired[39m
2026-07-27 10:08:02:82 [31merror[39m: [31m401 - Invalid or expired security token. Please log in again. - /api/v1/alerts - GET - ::1[39m
2026-07-27 10:08:02:82 [31merror[39m: [31mJWT Verification Error: jwt expired[39m
2026-07-27 10:08:02:82 [31merror[39m: [31m401 - Invalid or expired security token. Please log in again. - /api/v1/lands - GET - ::1[39m
2026-07-27 10:08:02:82 [31merror[39m: [31mJWT Verification Error: jwt expired[39m
2026-07-27 10:08:02:82 [31merror[39m: [31m401 - Invalid or expired security token. Please log in again. - /api/v1/opinions - GET - ::1[39m
2026-07-27 10:08:02:82 [31merror[39m: [31mJWT Verification Error: jwt expired[39m
2026-07-27 10:08:02:82 [31merror[39m: [31m401 - Invalid or expired security token. Please log in again. - /api/v1/memberships - GET - ::1[39m
2026-07-27 10:08:02:82 [31merror[39m: [31mJWT Verification Error: jwt expired[39m
2026-07-27 10:08:02:82 [31merror[39m: [31m401 - Invalid or expired security token. Please log in again. - /api/v1/acts - GET - ::1[39m
2026-07-27 10:08:02:82 [31merror[39m: [31mJWT Verification Error: jwt expired[39m
2026-07-27 10:08:02:82 [31merror[39m: [31m401 - Invalid or expired security token. Please log in again. - /api/v1/amendments - GET - ::1[39m
2026-07-27 10:08:02:82 [31merror[39m: [31mJWT Verification Error: jwt expired[39m
2026-07-27 10:08:02:82 [31merror[39m: [31m401 - Invalid or expired security token. Please log in again. - /api/v1/roles/roles - GET - ::1[39m
2026-07-27 10:08:02:82 [31merror[39m: [31mJWT Verification Error: jwt expired[39m
2026-07-27 10:08:02:82 [31merror[39m: [31m401 - Invalid or expired security token. Please log in again. - /api/v1/roles/modules - GET - ::1[39m
2026-07-27 10:08:02:82 [31merror[39m: [31mJWT Verification Error: jwt expired[39m
2026-07-27 10:08:02:82 [31merror[39m: [31m401 - Invalid or expired security token. Please log in again. - /api/v1/cases - GET - ::1[39m
2026-07-27 10:08:02:82 [31merror[39m: [31mJWT Verification Error: jwt expired[39m
2026-07-27 10:08:02:82 [31merror[39m: [31m401 - Invalid or expired security token. Please log in again. - /api/v1/clients - GET - ::1[39m
2026-07-27 10:08:02:82 [31merror[39m: [31mJWT Verification Error: jwt expired[39m
2026-07-27 10:08:02:82 [31merror[39m: [31m401 - Invalid or expired security token. Please log in again. - /api/v1/advocates - GET - ::1[39m
2026-07-27 10:08:02:82 [31merror[39m: [31mJWT Verification Error: jwt expired[39m
2026-07-27 10:08:02:82 [31merror[39m: [31m401 - Invalid or expired security token. Please log in again. - /api/v1/diary - GET - ::1[39m
2026-07-27 10:08:02:82 [31merror[39m: [31mJWT Verification Error: jwt expired[39m
2026-07-27 10:08:02:82 [31merror[39m: [31m401 - Invalid or expired security token. Please log in again. - /api/v1/daybook - GET - ::1[39m
2026-07-27 10:08:02:82 [31merror[39m: [31mJWT Verification Error: jwt expired[39m
2026-07-27 10:08:02:82 [31merror[39m: [31m401 - Invalid or expired security token. Please log in again. - /api/v1/payments - GET - ::1[39m
2026-07-27 10:08:02:82 [31merror[39m: [31mJWT Verification Error: jwt expired[39m
2026-07-27 10:08:02:82 [31merror[39m: [31m401 - Invalid or expired security token. Please log in again. - /api/v1/alerts - GET - ::1[39m
2026-07-27 10:08:02:82 [31merror[39m: [31mJWT Verification Error: jwt expired[39m
2026-07-27 10:08:02:82 [31merror[39m: [31m401 - Invalid or expired security token. Please log in again. - /api/v1/memberships - GET - ::1[39m
2026-07-27 10:08:02:82 [31merror[39m: [31mJWT Verification Error: jwt expired[39m
2026-07-27 10:08:02:82 [31merror[39m: [31m401 - Invalid or expired security token. Please log in again. - /api/v1/lands - GET - ::1[39m
2026-07-27 10:08:02:82 [31merror[39m: [31mJWT Verification Error: jwt expired[39m
2026-07-27 10:08:02:82 [31merror[39m: [31m401 - Invalid or expired security token. Please log in again. - /api/v1/amendments - GET - ::1[39m
2026-07-27 10:08:02:82 [31merror[39m: [31mJWT Verification Error: jwt expired[39m
2026-07-27 10:08:02:82 [31merror[39m: [31m401 - Invalid or expired security token. Please log in again. - /api/v1/acts - GET - ::1[39m
2026-07-27 10:08:02:82 [31merror[39m: [31mJWT Verification Error: jwt expired[39m
2026-07-27 10:08:02:82 [31merror[39m: [31m401 - Invalid or expired security token. Please log in again. - /api/v1/opinions - GET - ::1[39m
2026-07-27 10:08:02:82 [31merror[39m: [31mJWT Verification Error: jwt expired[39m
2026-07-27 10:08:02:82 [31merror[39m: [31m401 - Invalid or expired security token. Please log in again. - /api/v1/roles/roles - GET - ::1[39m
2026-07-27 10:08:02:82 [31merror[39m: [31mJWT Verification Error: jwt expired[39m
2026-07-27 10:08:02:82 [31merror[39m: [31m401 - Invalid or expired security token. Please log in again. - /api/v1/roles/modules - GET - ::1[39m
2026-07-27 10:08:02:82 [31merror[39m: [31mJWT Verification Error: jwt expired[39m
2026-07-27 10:08:02:82 [31merror[39m: [31m401 - Invalid or expired security token. Please log in again. - /api/v1/roles/roles - GET - ::1[39m
2026-07-27 10:08:02:82 [31merror[39m: [31mJWT Verification Error: jwt expired[39m
2026-07-27 10:08:02:82 [31merror[39m: [31m401 - Invalid or expired security token. Please log in again. - /api/v1/roles/roles - GET - ::1[39m
2026-07-27 10:23:02:232 [31merror[39m: [31mJWT Verification Error: jwt expired[39m
2026-07-27 10:23:02:232 [31merror[39m: [31m401 - Invalid or expired security token. Please log in again. - /api/v1/advocates - GET - ::1[39m
2026-07-27 10:23:02:232 [31merror[39m: [31mJWT Verification Error: jwt expired[39m
2026-07-27 10:23:02:232 [31merror[39m: [31m401 - Invalid or expired security token. Please log in again. - /api/v1/cases - GET - ::1[39m
2026-07-27 10:23:02:232 [31merror[39m: [31mJWT Verification Error: jwt expired[39m
2026-07-27 10:23:02:232 [31merror[39m: [31m401 - Invalid or expired security token. Please log in again. - /api/v1/clients - GET - ::1[39m
2026-07-27 10:23:02:232 [31merror[39m: [31mJWT Verification Error: jwt expired[39m
2026-07-27 10:23:02:232 [31merror[39m: [31m401 - Invalid or expired security token. Please log in again. - /api/v1/diary - GET - ::1[39m
2026-07-27 10:23:02:232 [31merror[39m: [31mJWT Verification Error: jwt expired[39m
2026-07-27 10:23:02:232 [31merror[39m: [31m401 - Invalid or expired security token. Please log in again. - /api/v1/daybook - GET - ::1[39m
2026-07-27 10:23:02:232 [31merror[39m: [31mJWT Verification Error: jwt expired[39m
2026-07-27 10:23:02:232 [31merror[39m: [31m401 - Invalid or expired security token. Please log in again. - /api/v1/alerts - GET - ::1[39m
2026-07-27 10:23:02:232 [31merror[39m: [31mJWT Verification Error: jwt expired[39m
2026-07-27 10:23:02:232 [31merror[39m: [31m401 - Invalid or expired security token. Please log in again. - /api/v1/lands - GET - ::1[39m
2026-07-27 10:23:02:232 [31merror[39m: [31mJWT Verification Error: jwt expired[39m
2026-07-27 10:23:02:232 [31merror[39m: [31m401 - Invalid or expired security token. Please log in again. - /api/v1/payments - GET - ::1[39m
2026-07-27 10:23:02:232 [31merror[39m: [31mJWT Verification Error: jwt expired[39m
2026-07-27 10:23:02:232 [31merror[39m: [31m401 - Invalid or expired security token. Please log in again. - /api/v1/opinions - GET - ::1[39m
2026-07-27 10:23:02:232 [31merror[39m: [31mJWT Verification Error: jwt expired[39m
2026-07-27 10:23:02:232 [31merror[39m: [31m401 - Invalid or expired security token. Please log in again. - /api/v1/advocates - GET - ::1[39m
2026-07-27 10:23:02:232 [31merror[39m: [31mJWT Verification Error: jwt expired[39m
2026-07-27 10:23:02:232 [31merror[39m: [31m401 - Invalid or expired security token. Please log in again. - /api/v1/memberships - GET - ::1[39m
2026-07-27 10:23:02:232 [31merror[39m: [31mJWT Verification Error: jwt expired[39m
2026-07-27 10:23:02:232 [31merror[39m: [31m401 - Invalid or expired security token. Please log in again. - /api/v1/acts - GET - ::1[39m
2026-07-27 10:23:02:232 [31merror[39m: [31mJWT Verification Error: jwt expired[39m
2026-07-27 10:23:02:232 [31merror[39m: [31m401 - Invalid or expired security token. Please log in again. - /api/v1/cases - GET - ::1[39m
2026-07-27 10:23:02:232 [31merror[39m: [31mJWT Verification Error: jwt expired[39m
2026-07-27 10:23:02:232 [31merror[39m: [31m401 - Invalid or expired security token. Please log in again. - /api/v1/roles/roles - GET - ::1[39m
2026-07-27 10:23:02:232 [31merror[39m: [31mJWT Verification Error: jwt expired[39m
2026-07-27 10:23:02:232 [31merror[39m: [31m401 - Invalid or expired security token. Please log in again. - /api/v1/amendments - GET - ::1[39m
2026-07-27 10:23:02:232 [31merror[39m: [31mJWT Verification Error: jwt expired[39m
2026-07-27 10:23:02:232 [31merror[39m: [31m401 - Invalid or expired security token. Please log in again. - /api/v1/roles/modules - GET - ::1[39m
2026-07-27 10:23:02:232 [31merror[39m: [31mJWT Verification Error: jwt expired[39m
2026-07-27 10:23:02:232 [31merror[39m: [31m401 - Invalid or expired security token. Please log in again. - /api/v1/clients - GET - ::1[39m
2026-07-27 10:23:02:232 [31merror[39m: [31mJWT Verification Error: jwt expired[39m
2026-07-27 10:23:02:232 [31merror[39m: [31m401 - Invalid or expired security token. Please log in again. - /api/v1/diary - GET - ::1[39m
2026-07-27 10:23:02:232 [31merror[39m: [31mJWT Verification Error: jwt expired[39m
2026-07-27 10:23:02:232 [31merror[39m: [31m401 - Invalid or expired security token. Please log in again. - /api/v1/daybook - GET - ::1[39m
2026-07-27 10:23:02:232 [31merror[39m: [31mJWT Verification Error: jwt expired[39m
2026-07-27 10:23:02:232 [31merror[39m: [31m401 - Invalid or expired security token. Please log in again. - /api/v1/alerts - GET - ::1[39m
2026-07-27 10:23:02:232 [31merror[39m: [31mJWT Verification Error: jwt expired[39m
2026-07-27 10:23:02:232 [31merror[39m: [31m401 - Invalid or expired security token. Please log in again. - /api/v1/lands - GET - ::1[39m
2026-07-27 10:23:02:232 [31merror[39m: [31mJWT Verification Error: jwt expired[39m
2026-07-27 10:23:02:232 [31merror[39m: [31m401 - Invalid or expired security token. Please log in again. - /api/v1/payments - GET - ::1[39m
2026-07-27 10:23:02:232 [31merror[39m: [31mJWT Verification Error: jwt expired[39m
2026-07-27 10:23:02:232 [31merror[39m: [31m401 - Invalid or expired security token. Please log in again. - /api/v1/opinions - GET - ::1[39m
2026-07-27 10:23:02:232 [31merror[39m: [31mJWT Verification Error: jwt expired[39m
2026-07-27 10:23:02:232 [31merror[39m: [31m401 - Invalid or expired security token. Please log in again. - /api/v1/advocates - GET - ::1[39m
2026-07-27 10:23:02:232 [31merror[39m: [31mJWT Verification Error: jwt expired[39m
2026-07-27 10:23:02:232 [31merror[39m: [31m401 - Invalid or expired security token. Please log in again. - /api/v1/memberships - GET - ::1[39m
2026-07-27 10:23:02:232 [31merror[39m: [31mJWT Verification Error: jwt expired[39m
2026-07-27 10:23:02:232 [31merror[39m: [31m401 - Invalid or expired security token. Please log in again. - /api/v1/acts - GET - ::1[39m
2026-07-27 10:23:02:232 [31merror[39m: [31mJWT Verification Error: jwt expired[39m
2026-07-27 10:23:02:232 [31merror[39m: [31m401 - Invalid or expired security token. Please log in again. - /api/v1/cases - GET - ::1[39m
2026-07-27 10:23:02:232 [31merror[39m: [31mJWT Verification Error: jwt expired[39m
2026-07-27 10:23:02:232 [31merror[39m: [31m401 - Invalid or expired security token. Please log in again. - /api/v1/roles/roles - GET - ::1[39m
2026-07-27 10:23:02:232 [31merror[39m: [31mJWT Verification Error: jwt expired[39m
2026-07-27 10:23:02:232 [31merror[39m: [31m401 - Invalid or expired security token. Please log in again. - /api/v1/amendments - GET - ::1[39m
2026-07-27 10:23:02:232 [31merror[39m: [31mJWT Verification Error: jwt expired[39m
2026-07-27 10:23:02:232 [31merror[39m: [31m401 - Invalid or expired security token. Please log in again. - /api/v1/roles/modules - GET - ::1[39m
2026-07-27 10:23:02:232 [31merror[39m: [31mJWT Verification Error: jwt expired[39m
2026-07-27 10:23:02:232 [31merror[39m: [31m401 - Invalid or expired security token. Please log in again. - /api/v1/advocates - GET - ::1[39m
2026-07-27 10:23:02:232 [31merror[39m: [31mJWT Verification Error: jwt expired[39m
2026-07-27 10:23:02:232 [31merror[39m: [31m401 - Invalid or expired security token. Please log in again. - /api/v1/cases - GET - ::1[39m
2026-07-27 10:23:02:232 [31merror[39m: [31mJWT Verification Error: jwt expired[39m
2026-07-27 10:23:02:232 [31merror[39m: [31m401 - Invalid or expired security token. Please log in again. - /api/v1/roles/roles - GET - ::1[39m
2026-07-27 10:23:02:232 [31merror[39m: [31mJWT Verification Error: jwt expired[39m
2026-07-27 10:23:02:232 [31merror[39m: [31m401 - Invalid or expired security token. Please log in again. - /api/v1/roles/roles - GET - ::1[39m
2026-07-27 10:38:26:3826 [31merror[39m: [31m403 - Access Denied: You do not have permission to perform this operation. - /api/v1/daybook - GET - ::1[39m
2026-07-27 10:57:52:5752 [31merror[39m: [31mJWT Verification Error: jwt expired[39m
2026-07-27 10:57:52:5752 [31merror[39m: [31m401 - Invalid or expired security token. Please log in again. - /api/v1/cases - GET - ::1[39m
2026-07-27 10:57:52:5752 [31merror[39m: [31mJWT Verification Error: jwt expired[39m
2026-07-27 10:57:52:5752 [31merror[39m: [31m401 - Invalid or expired security token. Please log in again. - /api/v1/clients - GET - ::1[39m
2026-07-27 10:57:52:5752 [31merror[39m: [31mJWT Verification Error: jwt expired[39m
2026-07-27 10:57:52:5752 [31merror[39m: [31m401 - Invalid or expired security token. Please log in again. - /api/v1/advocates - GET - ::1[39m
2026-07-27 10:57:52:5752 [31merror[39m: [31mJWT Verification Error: jwt expired[39m
2026-07-27 10:57:52:5752 [31merror[39m: [31m401 - Invalid or expired security token. Please log in again. - /api/v1/cases - GET - ::1[39m
2026-07-27 10:57:52:5752 [31merror[39m: [31mJWT Verification Error: jwt expired[39m
2026-07-27 10:57:52:5752 [31merror[39m: [31m401 - Invalid or expired security token. Please log in again. - /api/v1/clients - GET - ::1[39m
2026-07-27 10:57:52:5752 [31merror[39m: [31mJWT Verification Error: jwt expired[39m
2026-07-27 10:57:52:5752 [31merror[39m: [31m401 - Invalid or expired security token. Please log in again. - /api/v1/advocates - GET - ::1[39m
2026-07-27 11:34:01:341 [31merror[39m: [31mJWT Verification Error: jwt expired[39m
2026-07-27 11:34:01:341 [31merror[39m: [31m401 - Invalid or expired security token. Please log in again. - /api/v1/daybook - GET - ::1[39m
2026-07-27 11:34:01:341 [31merror[39m: [31mJWT Verification Error: jwt expired[39m
2026-07-27 11:34:01:341 [31merror[39m: [31m401 - Invalid or expired security token. Please log in again. - /api/v1/cases - GET - ::1[39m
2026-07-27 11:34:01:341 [31merror[39m: [31mJWT Verification Error: jwt expired[39m
2026-07-27 11:34:01:341 [31merror[39m: [31m401 - Invalid or expired security token. Please log in again. - /api/v1/payments - GET - ::1[39m
2026-07-27 11:34:01:341 [31merror[39m: [31mJWT Verification Error: jwt expired[39m
2026-07-27 11:34:01:341 [31merror[39m: [31m401 - Invalid or expired security token. Please log in again. - /api/v1/clients - GET - ::1[39m
2026-07-27 11:34:01:341 [31merror[39m: [31mJWT Verification Error: jwt expired[39m
2026-07-27 11:34:01:341 [31merror[39m: [31m401 - Invalid or expired security token. Please log in again. - /api/v1/daybook - GET - ::1[39m
2026-07-27 11:34:01:341 [31merror[39m: [31mJWT Verification Error: jwt expired[39m
2026-07-27 11:34:01:341 [31merror[39m: [31m401 - Invalid or expired security token. Please log in again. - /api/v1/cases - GET - ::1[39m
2026-07-27 11:34:01:341 [31merror[39m: [31mJWT Verification Error: jwt expired[39m
2026-07-27 11:34:01:341 [31merror[39m: [31m401 - Invalid or expired security token. Please log in again. - /api/v1/payments - GET - ::1[39m
2026-07-27 11:34:01:341 [31merror[39m: [31mJWT Verification Error: jwt expired[39m
2026-07-27 11:34:01:341 [31merror[39m: [31m401 - Invalid or expired security token. Please log in again. - /api/v1/clients - GET - ::1[39m
2026-07-27 11:53:43:5343 [31merror[39m: [31mJWT Verification Error: jwt expired[39m
2026-07-27 11:53:43:5343 [31merror[39m: [31m401 - Invalid or expired security token. Please log in again. - /api/v1/cases - GET - ::1[39m
2026-07-27 11:53:43:5343 [31merror[39m: [31mJWT Verification Error: jwt expired[39m
2026-07-27 11:53:43:5343 [31merror[39m: [31m401 - Invalid or expired security token. Please log in again. - /api/v1/clients - GET - ::1[39m
2026-07-27 11:53:43:5343 [31merror[39m: [31mJWT Verification Error: jwt expired[39m
2026-07-27 11:53:43:5343 [31merror[39m: [31m401 - Invalid or expired security token. Please log in again. - /api/v1/advocates - GET - ::1[39m
2026-07-27 11:53:43:5343 [31merror[39m: [31mJWT Verification Error: jwt expired[39m
2026-07-27 11:53:43:5343 [31merror[39m: [31m401 - Invalid or expired security token. Please log in again. - /api/v1/diary - GET - ::1[39m
2026-07-27 11:53:43:5343 [31merror[39m: [31mJWT Verification Error: jwt expired[39m
2026-07-27 11:53:43:5343 [31merror[39m: [31m401 - Invalid or expired security token. Please log in again. - /api/v1/daybook - GET - ::1[39m
2026-07-27 11:53:43:5343 [31merror[39m: [31mJWT Verification Error: jwt expired[39m
2026-07-27 11:53:43:5343 [31merror[39m: [31m401 - Invalid or expired security token. Please log in again. - /api/v1/payments - GET - ::1[39m
2026-07-27 11:53:43:5343 [31merror[39m: [31mJWT Verification Error: jwt expired[39m
2026-07-27 11:53:43:5343 [31merror[39m: [31m401 - Invalid or expired security token. Please log in again. - /api/v1/alerts - GET - ::1[39m
2026-07-27 11:53:43:5343 [31merror[39m: [31mJWT Verification Error: jwt expired[39m
2026-07-27 11:53:43:5343 [31merror[39m: [31m401 - Invalid or expired security token. Please log in again. - /api/v1/lands - GET - ::1[39m
2026-07-27 11:53:43:5343 [31merror[39m: [31mJWT Verification Error: jwt expired[39m
2026-07-27 11:53:43:5343 [31merror[39m: [31m401 - Invalid or expired security token. Please log in again. - /api/v1/opinions - GET - ::1[39m
2026-07-27 11:53:43:5343 [31merror[39m: [31mJWT Verification Error: jwt expired[39m
2026-07-27 11:53:43:5343 [31merror[39m: [31m401 - Invalid or expired security token. Please log in again. - /api/v1/memberships - GET - ::1[39m
2026-07-27 11:53:43:5343 [31merror[39m: [31mJWT Verification Error: jwt expired[39m
2026-07-27 11:53:43:5343 [31merror[39m: [31m401 - Invalid or expired security token. Please log in again. - /api/v1/cases - GET - ::1[39m
2026-07-27 11:53:43:5343 [31merror[39m: [31mJWT Verification Error: jwt expired[39m
2026-07-27 11:53:43:5343 [31merror[39m: [31m401 - Invalid or expired security token. Please log in again. - /api/v1/clients - GET - ::1[39m
2026-07-27 11:53:43:5343 [31merror[39m: [31mJWT Verification Error: jwt expired[39m
2026-07-27 11:53:43:5343 [31merror[39m: [31m401 - Invalid or expired security token. Please log in again. - /api/v1/advocates - GET - ::1[39m
2026-07-27 11:53:43:5343 [31merror[39m: [31mJWT Verification Error: jwt expired[39m
2026-07-27 11:53:43:5343 [31merror[39m: [31m401 - Invalid or expired security token. Please log in again. - /api/v1/diary - GET - ::1[39m
2026-07-27 11:53:43:5343 [31merror[39m: [31mJWT Verification Error: jwt expired[39m
2026-07-27 11:53:43:5343 [31merror[39m: [31m401 - Invalid or expired security token. Please log in again. - /api/v1/acts - GET - ::1[39m
2026-07-27 11:53:43:5343 [31merror[39m: [31mJWT Verification Error: jwt expired[39m
2026-07-27 11:53:43:5343 [31merror[39m: [31m401 - Invalid or expired security token. Please log in again. - /api/v1/amendments - GET - ::1[39m
2026-07-27 11:53:43:5343 [31merror[39m: [31mJWT Verification Error: jwt expired[39m
2026-07-27 11:53:43:5343 [31merror[39m: [31m401 - Invalid or expired security token. Please log in again. - /api/v1/roles/roles - GET - ::1[39m
2026-07-27 11:53:43:5343 [31merror[39m: [31mJWT Verification Error: jwt expired[39m
2026-07-27 11:53:43:5343 [31merror[39m: [31m401 - Invalid or expired security token. Please log in again. - /api/v1/roles/modules - GET - ::1[39m
2026-07-27 11:53:43:5343 [31merror[39m: [31mJWT Verification Error: jwt expired[39m
2026-07-27 11:53:43:5343 [31merror[39m: [31m401 - Invalid or expired security token. Please log in again. - /api/v1/daybook - GET - ::1[39m
2026-07-27 11:53:43:5343 [31merror[39m: [31mJWT Verification Error: jwt expired[39m
2026-07-27 11:53:43:5343 [31merror[39m: [31m401 - Invalid or expired security token. Please log in again. - /api/v1/payments - GET - ::1[39m
2026-07-27 11:53:43:5343 [31merror[39m: [31mJWT Verification Error: jwt expired[39m
2026-07-27 11:53:43:5343 [31merror[39m: [31m401 - Invalid or expired security token. Please log in again. - /api/v1/roles/roles - GET - ::1[39m
2026-07-27 11:53:43:5343 [31merror[39m: [31mJWT Verification Error: jwt expired[39m
2026-07-27 11:53:43:5343 [31merror[39m: [31m401 - Invalid or expired security token. Please log in again. - /api/v1/alerts - GET - ::1[39m
2026-07-27 11:53:43:5343 [31merror[39m: [31mJWT Verification Error: jwt expired[39m
2026-07-27 11:53:43:5343 [31merror[39m: [31m401 - Invalid or expired security token. Please log in again. - /api/v1/lands - GET - ::1[39m
2026-07-27 11:53:43:5343 [31merror[39m: [31mJWT Verification Error: jwt expired[39m
2026-07-27 11:53:43:5343 [31merror[39m: [31m401 - Invalid or expired security token. Please log in again. - /api/v1/opinions - GET - ::1[39m
2026-07-27 11:53:43:5343 [31merror[39m: [31mJWT Verification Error: jwt expired[39m
2026-07-27 11:53:43:5343 [31merror[39m: [31m401 - Invalid or expired security token. Please log in again. - /api/v1/memberships - GET - ::1[39m
2026-07-27 11:53:43:5343 [31merror[39m: [31mJWT Verification Error: jwt expired[39m
2026-07-27 11:53:43:5343 [31merror[39m: [31m401 - Invalid or expired security token. Please log in again. - /api/v1/acts - GET - ::1[39m
2026-07-27 11:53:43:5343 [31merror[39m: [31mJWT Verification Error: jwt expired[39m
2026-07-27 11:53:43:5343 [31merror[39m: [31m401 - Invalid or expired security token. Please log in again. - /api/v1/amendments - GET - ::1[39m
2026-07-27 11:53:43:5343 [31merror[39m: [31mJWT Verification Error: jwt expired[39m
2026-07-27 11:53:43:5343 [31merror[39m: [31m401 - Invalid or expired security token. Please log in again. - /api/v1/roles/roles - GET - ::1[39m
2026-07-27 11:53:43:5343 [31merror[39m: [31mJWT Verification Error: jwt expired[39m
2026-07-27 11:53:43:5343 [31merror[39m: [31m401 - Invalid or expired security token. Please log in again. - /api/v1/roles/modules - GET - ::1[39m
2026-07-27 11:53:43:5343 [31merror[39m: [31mJWT Verification Error: jwt expired[39m
2026-07-27 11:53:43:5343 [31merror[39m: [31m401 - Invalid or expired security token. Please log in again. - /api/v1/roles/roles - GET - ::1[39m
2026-07-27 12:00:58:058 [31merror[39m: [31m403 - Access Denied: You do not have permission to perform this operation. - /api/v1/daybook - GET - ::1[39m
2026-07-27 12:18:27:1827 [31merror[39m: [31mJWT Verification Error: jwt expired[39m
2026-07-27 12:18:27:1827 [31merror[39m: [31m401 - Invalid or expired security token. Please log in again. - /api/v1/cases - GET - ::1[39m
2026-07-27 12:18:27:1827 [31merror[39m: [31mJWT Verification Error: jwt expired[39m
2026-07-27 12:18:27:1827 [31merror[39m: [31m401 - Invalid or expired security token. Please log in again. - /api/v1/clients - GET - ::1[39m
2026-07-27 12:18:27:1827 [31merror[39m: [31mJWT Verification Error: jwt expired[39m
2026-07-27 12:18:27:1827 [31merror[39m: [31m401 - Invalid or expired security token. Please log in again. - /api/v1/advocates - GET - ::1[39m
2026-07-27 12:18:27:1827 [31merror[39m: [31mJWT Verification Error: jwt expired[39m
2026-07-27 12:18:27:1827 [31merror[39m: [31m401 - Invalid or expired security token. Please log in again. - /api/v1/cases - GET - ::1[39m
2026-07-27 12:18:27:1827 [31merror[39m: [31mJWT Verification Error: jwt expired[39m
2026-07-27 12:18:27:1827 [31merror[39m: [31m401 - Invalid or expired security token. Please log in again. - /api/v1/advocates - GET - ::1[39m
2026-07-27 12:18:27:1827 [31merror[39m: [31mJWT Verification Error: jwt expired[39m
2026-07-27 12:18:27:1827 [31merror[39m: [31m401 - Invalid or expired security token. Please log in again. - /api/v1/clients - GET - ::1[39m
2026-07-27 12:43:43:4343 [31merror[39m: [31mJWT Verification Error: jwt expired[39m
2026-07-27 12:43:43:4343 [31merror[39m: [31m401 - Invalid or expired security token. Please log in again. - /api/v1/cases - GET - ::1[39m
2026-07-27 12:43:43:4343 [31merror[39m: [31mJWT Verification Error: jwt expired[39m
2026-07-27 12:43:43:4343 [31merror[39m: [31m401 - Invalid or expired security token. Please log in again. - /api/v1/clients - GET - ::1[39m
2026-07-27 12:43:43:4343 [31merror[39m: [31mJWT Verification Error: jwt expired[39m
2026-07-27 12:43:43:4343 [31merror[39m: [31m401 - Invalid or expired security token. Please log in again. - /api/v1/advocates - GET - ::1[39m
2026-07-27 12:43:43:4343 [31merror[39m: [31mJWT Verification Error: jwt expired[39m
2026-07-27 12:43:43:4343 [31merror[39m: [31m401 - Invalid or expired security token. Please log in again. - /api/v1/cases - GET - ::1[39m
2026-07-27 12:43:43:4343 [31merror[39m: [31mJWT Verification Error: jwt expired[39m
2026-07-27 12:43:43:4343 [31merror[39m: [31m401 - Invalid or expired security token. Please log in again. - /api/v1/clients - GET - ::1[39m
2026-07-27 12:43:43:4343 [31merror[39m: [31mJWT Verification Error: jwt expired[39m
2026-07-27 12:43:43:4343 [31merror[39m: [31m401 - Invalid or expired security token. Please log in again. - /api/v1/advocates - GET - ::1[39m
2026-07-27 12:43:43:4343 [31merror[39m: [31mRefresh token error: invalid signature[39m
2026-07-27 12:43:43:4343 [31merror[39m: [31m401 - Invalid or expired refresh token - /api/v1/auth/refresh - POST - ::1[39m
2026-07-27 13:13:28:1328 [31merror[39m: [31mJWT Verification Error: jwt expired[39m
2026-07-27 13:13:28:1328 [31merror[39m: [31m401 - Invalid or expired security token. Please log in again. - /api/v1/daybook - GET - ::1[39m
2026-07-27 13:13:28:1328 [31merror[39m: [31mJWT Verification Error: jwt expired[39m
2026-07-27 13:13:28:1328 [31merror[39m: [31m401 - Invalid or expired security token. Please log in again. - /api/v1/payments - GET - ::1[39m
2026-07-27 13:13:28:1328 [31merror[39m: [31mJWT Verification Error: jwt expired[39m
2026-07-27 13:13:28:1328 [31merror[39m: [31m401 - Invalid or expired security token. Please log in again. - /api/v1/cases - GET - ::1[39m
2026-07-27 13:13:28:1328 [31merror[39m: [31mJWT Verification Error: jwt expired[39m
2026-07-27 13:13:28:1328 [31merror[39m: [31m401 - Invalid or expired security token. Please log in again. - /api/v1/clients - GET - ::1[39m
2026-07-27 13:13:28:1328 [31merror[39m: [31mJWT Verification Error: jwt expired[39m
2026-07-27 13:13:28:1328 [31merror[39m: [31m401 - Invalid or expired security token. Please log in again. - /api/v1/daybook - GET - ::1[39m
2026-07-27 13:13:29:1329 [31merror[39m: [31mJWT Verification Error: jwt expired[39m
2026-07-27 13:13:29:1329 [31merror[39m: [31m401 - Invalid or expired security token. Please log in again. - /api/v1/payments - GET - ::1[39m
2026-07-27 13:13:29:1329 [31merror[39m: [31mJWT Verification Error: jwt expired[39m
2026-07-27 13:13:29:1329 [31merror[39m: [31m401 - Invalid or expired security token. Please log in again. - /api/v1/cases - GET - ::1[39m
2026-07-27 13:13:29:1329 [31merror[39m: [31mJWT Verification Error: jwt expired[39m
2026-07-27 13:13:29:1329 [31merror[39m: [31m401 - Invalid or expired security token. Please log in again. - /api/v1/clients - GET - ::1[39m
2026-07-27 13:28:31:2831 [31merror[39m: [31mJWT Verification Error: jwt expired[39m
2026-07-27 13:28:31:2831 [31merror[39m: [31m401 - Invalid or expired security token. Please log in again. - /api/v1/cases - GET - ::1[39m
2026-07-27 13:28:31:2831 [31merror[39m: [31mJWT Verification Error: jwt expired[39m
2026-07-27 13:28:31:2831 [31merror[39m: [31m401 - Invalid or expired security token. Please log in again. - /api/v1/clients - GET - ::1[39m
2026-07-27 13:28:31:2831 [31merror[39m: [31mJWT Verification Error: jwt expired[39m
2026-07-27 13:28:31:2831 [31merror[39m: [31m401 - Invalid or expired security token. Please log in again. - /api/v1/cases - GET - ::1[39m
2026-07-27 13:28:31:2831 [31merror[39m: [31mJWT Verification Error: jwt expired[39m
2026-07-27 13:28:31:2831 [31merror[39m: [31m401 - Invalid or expired security token. Please log in again. - /api/v1/clients - GET - ::1[39m
2026-07-27 13:46:37:4637 [31merror[39m: [31mJWT Verification Error: jwt expired[39m
2026-07-27 13:46:37:4637 [31merror[39m: [31m401 - Invalid or expired security token. Please log in again. - /api/v1/cases - GET - ::1[39m
2026-07-27 13:46:37:4637 [31merror[39m: [31mJWT Verification Error: jwt expired[39m
2026-07-27 13:46:37:4637 [31merror[39m: [31m401 - Invalid or expired security token. Please log in again. - /api/v1/clients - GET - ::1[39m
2026-07-27 13:46:37:4637 [31merror[39m: [31mJWT Verification Error: jwt expired[39m
2026-07-27 13:46:37:4637 [31merror[39m: [31m401 - Invalid or expired security token. Please log in again. - /api/v1/advocates - GET - ::1[39m
2026-07-27 13:46:37:4637 [31merror[39m: [31mJWT Verification Error: jwt expired[39m
2026-07-27 13:46:37:4637 [31merror[39m: [31m401 - Invalid or expired security token. Please log in again. - /api/v1/diary - GET - ::1[39m
2026-07-27 13:46:37:4637 [31merror[39m: [31mJWT Verification Error: jwt expired[39m
2026-07-27 13:46:37:4637 [31merror[39m: [31m401 - Invalid or expired security token. Please log in again. - /api/v1/daybook - GET - ::1[39m
2026-07-27 13:46:37:4637 [31merror[39m: [31mJWT Verification Error: jwt expired[39m
2026-07-27 13:46:37:4637 [31merror[39m: [31m401 - Invalid or expired security token. Please log in again. - /api/v1/payments - GET - ::1[39m
2026-07-27 13:46:37:4637 [31merror[39m: [31mJWT Verification Error: jwt expired[39m
2026-07-27 13:46:37:4637 [31merror[39m: [31m401 - Invalid or expired security token. Please log in again. - /api/v1/alerts - GET - ::1[39m
2026-07-27 13:46:37:4637 [31merror[39m: [31mJWT Verification Error: jwt expired[39m
2026-07-27 13:46:37:4637 [31merror[39m: [31m401 - Invalid or expired security token. Please log in again. - /api/v1/lands - GET - ::1[39m
2026-07-27 13:46:37:4637 [31merror[39m: [31mJWT Verification Error: jwt expired[39m
2026-07-27 13:46:37:4637 [31merror[39m: [31m401 - Invalid or expired security token. Please log in again. - /api/v1/memberships - GET - ::1[39m
2026-07-27 13:46:37:4637 [31merror[39m: [31mJWT Verification Error: jwt expired[39m
2026-07-27 13:46:37:4637 [31merror[39m: [31m401 - Invalid or expired security token. Please log in again. - /api/v1/opinions - GET - ::1[39m
2026-07-27 13:46:37:4637 [31merror[39m: [31mJWT Verification Error: jwt expired[39m
2026-07-27 13:46:37:4637 [31merror[39m: [31m401 - Invalid or expired security token. Please log in again. - /api/v1/acts - GET - ::1[39m
2026-07-27 13:46:38:4638 [31merror[39m: [31mJWT Verification Error: jwt expired[39m
2026-07-27 13:46:38:4638 [31merror[39m: [31m401 - Invalid or expired security token. Please log in again. - /api/v1/cases - GET - ::1[39m
2026-07-27 13:46:38:4638 [31merror[39m: [31mJWT Verification Error: jwt expired[39m
2026-07-27 13:46:38:4638 [31merror[39m: [31m401 - Invalid or expired security token. Please log in again. - /api/v1/clients - GET - ::1[39m
2026-07-27 13:46:38:4638 [31merror[39m: [31mJWT Verification Error: jwt expired[39m
2026-07-27 13:46:38:4638 [31merror[39m: [31m401 - Invalid or expired security token. Please log in again. - /api/v1/advocates - GET - ::1[39m
2026-07-27 13:46:38:4638 [31merror[39m: [31mJWT Verification Error: jwt expired[39m
2026-07-27 13:46:38:4638 [31merror[39m: [31m401 - Invalid or expired security token. Please log in again. - /api/v1/diary - GET - ::1[39m
2026-07-27 13:46:38:4638 [31merror[39m: [31mJWT Verification Error: jwt expired[39m
2026-07-27 13:46:38:4638 [31merror[39m: [31m401 - Invalid or expired security token. Please log in again. - /api/v1/daybook - GET - ::1[39m
2026-07-27 13:46:38:4638 [31merror[39m: [31mJWT Verification Error: jwt expired[39m
2026-07-27 13:46:38:4638 [31merror[39m: [31m401 - Invalid or expired security token. Please log in again. - /api/v1/amendments - GET - ::1[39m
2026-07-27 13:46:38:4638 [31merror[39m: [31mJWT Verification Error: jwt expired[39m
2026-07-27 13:46:38:4638 [31merror[39m: [31m401 - Invalid or expired security token. Please log in again. - /api/v1/payments - GET - ::1[39m
2026-07-27 13:46:38:4638 [31merror[39m: [31mJWT Verification Error: jwt expired[39m
2026-07-27 13:46:38:4638 [31merror[39m: [31m401 - Invalid or expired security token. Please log in again. - /api/v1/roles/roles - GET - ::1[39m
2026-07-27 13:46:38:4638 [31merror[39m: [31mJWT Verification Error: jwt expired[39m
2026-07-27 13:46:38:4638 [31merror[39m: [31m401 - Invalid or expired security token. Please log in again. - /api/v1/alerts - GET - ::1[39m
2026-07-27 13:46:38:4638 [31merror[39m: [31mJWT Verification Error: jwt expired[39m
2026-07-27 13:46:38:4638 [31merror[39m: [31m401 - Invalid or expired security token. Please log in again. - /api/v1/lands - GET - ::1[39m
2026-07-27 13:46:38:4638 [31merror[39m: [31mJWT Verification Error: jwt expired[39m
2026-07-27 13:46:38:4638 [31merror[39m: [31m401 - Invalid or expired security token. Please log in again. - /api/v1/opinions - GET - ::1[39m
2026-07-27 13:46:38:4638 [31merror[39m: [31mJWT Verification Error: jwt expired[39m
2026-07-27 13:46:38:4638 [31merror[39m: [31m401 - Invalid or expired security token. Please log in again. - /api/v1/memberships - GET - ::1[39m
2026-07-27 13:46:38:4638 [31merror[39m: [31mJWT Verification Error: jwt expired[39m
2026-07-27 13:46:38:4638 [31merror[39m: [31m401 - Invalid or expired security token. Please log in again. - /api/v1/roles/modules - GET - ::1[39m
2026-07-27 13:46:38:4638 [31merror[39m: [31mJWT Verification Error: jwt expired[39m
2026-07-27 13:46:38:4638 [31merror[39m: [31m401 - Invalid or expired security token. Please log in again. - /api/v1/acts - GET - ::1[39m
2026-07-27 13:46:38:4638 [31merror[39m: [31mJWT Verification Error: jwt expired[39m
2026-07-27 13:46:38:4638 [31merror[39m: [31m401 - Invalid or expired security token. Please log in again. - /api/v1/amendments - GET - ::1[39m
2026-07-27 13:46:38:4638 [31merror[39m: [31mJWT Verification Error: jwt expired[39m
2026-07-27 13:46:38:4638 [31merror[39m: [31m401 - Invalid or expired security token. Please log in again. - /api/v1/roles/roles - GET - ::1[39m
2026-07-27 13:46:38:4638 [31merror[39m: [31mJWT Verification Error: jwt expired[39m
2026-07-27 13:46:38:4638 [31merror[39m: [31m401 - Invalid or expired security token. Please log in again. - /api/v1/roles/modules - GET - ::1[39m
2026-07-27 13:46:38:4638 [31merror[39m: [31mJWT Verification Error: jwt expired[39m
2026-07-27 13:46:38:4638 [31merror[39m: [31m401 - Invalid or expired security token. Please log in again. - /api/v1/roles/roles - GET - ::1[39m
2026-07-27 13:46:38:4638 [31merror[39m: [31mJWT Verification Error: jwt expired[39m
2026-07-27 13:46:38:4638 [31merror[39m: [31m401 - Invalid or expired security token. Please log in again. - /api/v1/roles/roles - GET - ::1[39m
2026-07-27 13:46:38:4638 [31merror[39m: [31mJWT Verification Error: jwt expired[39m
2026-07-27 13:46:38:4638 [31merror[39m: [31m401 - Invalid or expired security token. Please log in again. - /api/v1/dashboard - GET - ::1[39m
2026-07-27 13:46:38:4638 [31merror[39m: [31mJWT Verification Error: jwt expired[39m
2026-07-27 13:46:38:4638 [31merror[39m: [31m401 - Invalid or expired security token. Please log in again. - /api/v1/dashboard - GET - ::1[39m
2026-07-27 14:20:54:2054 [31merror[39m: [31mJWT Verification Error: jwt expired[39m
2026-07-27 14:20:54:2054 [31merror[39m: [31m401 - Invalid or expired security token. Please log in again. - /api/v1/payments - GET - ::1[39m
2026-07-27 14:20:54:2054 [31merror[39m: [31mJWT Verification Error: jwt expired[39m
2026-07-27 14:20:54:2054 [31merror[39m: [31m401 - Invalid or expired security token. Please log in again. - /api/v1/roles/roles - GET - ::1[39m
2026-07-27 14:20:54:2054 [31merror[39m: [31mJWT Verification Error: jwt expired[39m
2026-07-27 14:20:54:2054 [31merror[39m: [31m401 - Invalid or expired security token. Please log in again. - /api/v1/lands - GET - ::1[39m
2026-07-27 14:20:54:2054 [31merror[39m: [31mJWT Verification Error: jwt expired[39m
2026-07-27 14:20:55:2055 [31merror[39m: [31m401 - Invalid or expired security token. Please log in again. - /api/v1/opinions - GET - ::1[39m
2026-07-27 14:20:55:2055 [31merror[39m: [31mJWT Verification Error: jwt expired[39m
2026-07-27 14:20:55:2055 [31merror[39m: [31m401 - Invalid or expired security token. Please log in again. - /api/v1/alerts - GET - ::1[39m
2026-07-27 14:20:55:2055 [31merror[39m: [31mJWT Verification Error: jwt expired[39m
2026-07-27 14:20:55:2055 [31merror[39m: [31m401 - Invalid or expired security token. Please log in again. - /api/v1/memberships - GET - ::1[39m
2026-07-27 14:20:55:2055 [31merror[39m: [31mJWT Verification Error: jwt expired[39m
2026-07-27 14:20:55:2055 [31merror[39m: [31m401 - Invalid or expired security token. Please log in again. - /api/v1/roles/modules - GET - ::1[39m
2026-07-27 14:20:55:2055 [31merror[39m: [31mJWT Verification Error: jwt expired[39m
2026-07-27 14:20:55:2055 [31merror[39m: [31m401 - Invalid or expired security token. Please log in again. - /api/v1/acts - GET - ::1[39m
2026-07-27 14:20:56:2056 [31merror[39m: [31mJWT Verification Error: jwt expired[39m
2026-07-27 14:20:56:2056 [31merror[39m: [31m401 - Invalid or expired security token. Please log in again. - /api/v1/amendments - GET - ::1[39m
2026-07-27 14:20:56:2056 [31merror[39m: [31mJWT Verification Error: jwt expired[39m
2026-07-27 14:20:56:2056 [31merror[39m: [31m401 - Invalid or expired security token. Please log in again. - /api/v1/roles/roles - GET - ::1[39m
2026-07-27 14:20:56:2056 [31merror[39m: [31mJWT Verification Error: jwt expired[39m
2026-07-27 14:20:56:2056 [31merror[39m: [31m401 - Invalid or expired security token. Please log in again. - /api/v1/dashboard - GET - ::1[39m
2026-07-27 14:20:56:2056 [31merror[39m: [31mJWT Verification Error: jwt expired[39m
2026-07-27 14:20:56:2056 [31merror[39m: [31m401 - Invalid or expired security token. Please log in again. - /api/v1/cases - GET - ::1[39m
2026-07-27 14:20:56:2056 [31merror[39m: [31mJWT Verification Error: jwt expired[39m
2026-07-27 14:20:56:2056 [31merror[39m: [31m401 - Invalid or expired security token. Please log in again. - /api/v1/clients - GET - ::1[39m
2026-07-27 14:20:56:2056 [31merror[39m: [31mJWT Verification Error: jwt expired[39m
2026-07-27 14:20:56:2056 [31merror[39m: [31m401 - Invalid or expired security token. Please log in again. - /api/v1/advocates - GET - ::1[39m
2026-07-27 14:20:56:2056 [31merror[39m: [31mJWT Verification Error: jwt expired[39m
2026-07-27 14:20:56:2056 [31merror[39m: [31m401 - Invalid or expired security token. Please log in again. - /api/v1/diary - GET - ::1[39m
2026-07-27 14:20:56:2056 [31merror[39m: [31mJWT Verification Error: jwt expired[39m
2026-07-27 14:20:56:2056 [31merror[39m: [31m401 - Invalid or expired security token. Please log in again. - /api/v1/payments - GET - ::1[39m
2026-07-27 14:20:56:2056 [31merror[39m: [31mJWT Verification Error: jwt expired[39m
2026-07-27 14:20:56:2056 [31merror[39m: [31m401 - Invalid or expired security token. Please log in again. - /api/v1/alerts - GET - ::1[39m
2026-07-27 14:20:57:2057 [31merror[39m: [31mJWT Verification Error: jwt expired[39m
2026-07-27 14:20:57:2057 [31merror[39m: [31m401 - Invalid or expired security token. Please log in again. - /api/v1/lands - GET - ::1[39m
2026-07-27 14:20:57:2057 [31merror[39m: [31mJWT Verification Error: jwt expired[39m
2026-07-27 14:20:57:2057 [31merror[39m: [31m401 - Invalid or expired security token. Please log in again. - /api/v1/opinions - GET - ::1[39m
2026-07-27 14:20:57:2057 [31merror[39m: [31mJWT Verification Error: jwt expired[39m
2026-07-27 14:20:57:2057 [31merror[39m: [31m401 - Invalid or expired security token. Please log in again. - /api/v1/memberships - GET - ::1[39m
2026-07-27 14:20:57:2057 [31merror[39m: [31mJWT Verification Error: jwt expired[39m
2026-07-27 14:20:57:2057 [31merror[39m: [31m401 - Invalid or expired security token. Please log in again. - /api/v1/acts - GET - ::1[39m
2026-07-27 14:20:57:2057 [31merror[39m: [31mJWT Verification Error: jwt expired[39m
2026-07-27 14:20:57:2057 [31merror[39m: [31m401 - Invalid or expired security token. Please log in again. - /api/v1/amendments - GET - ::1[39m
2026-07-27 14:20:57:2057 [31merror[39m: [31mJWT Verification Error: jwt expired[39m
2026-07-27 14:20:57:2057 [31merror[39m: [31m401 - Invalid or expired security token. Please log in again. - /api/v1/roles/roles - GET - ::1[39m
2026-07-27 14:20:57:2057 [31merror[39m: [31mJWT Verification Error: jwt expired[39m
2026-07-27 14:20:57:2057 [31merror[39m: [31m401 - Invalid or expired security token. Please log in again. - /api/v1/roles/modules - GET - ::1[39m
2026-07-27 14:20:58:2058 [31merror[39m: [31mJWT Verification Error: jwt expired[39m
2026-07-27 14:20:58:2058 [31merror[39m: [31m401 - Invalid or expired security token. Please log in again. - /api/v1/daybook - GET - ::1[39m
2026-07-27 14:20:58:2058 [31merror[39m: [31mJWT Verification Error: jwt expired[39m
2026-07-27 14:20:58:2058 [31merror[39m: [31m401 - Invalid or expired security token. Please log in again. - /api/v1/dashboard - GET - ::1[39m
2026-07-27 14:20:58:2058 [31merror[39m: [31mJWT Verification Error: jwt expired[39m
2026-07-27 14:20:58:2058 [31merror[39m: [31m401 - Invalid or expired security token. Please log in again. - /api/v1/cases - GET - ::1[39m
2026-07-27 14:20:58:2058 [31merror[39m: [31mJWT Verification Error: jwt expired[39m
2026-07-27 14:20:58:2058 [31merror[39m: [31m401 - Invalid or expired security token. Please log in again. - /api/v1/clients - GET - ::1[39m
2026-07-27 14:20:58:2058 [31merror[39m: [31mJWT Verification Error: jwt expired[39m
2026-07-27 14:20:58:2058 [31merror[39m: [31m401 - Invalid or expired security token. Please log in again. - /api/v1/advocates - GET - ::1[39m
2026-07-27 14:20:59:2059 [31merror[39m: [31mJWT Verification Error: jwt expired[39m
2026-07-27 14:20:59:2059 [31merror[39m: [31m401 - Invalid or expired security token. Please log in again. - /api/v1/diary - GET - ::1[39m
2026-07-27 14:20:59:2059 [31merror[39m: [31mJWT Verification Error: jwt expired[39m
2026-07-27 14:20:59:2059 [31merror[39m: [31m401 - Invalid or expired security token. Please log in again. - /api/v1/payments - GET - ::1[39m
2026-07-27 14:20:59:2059 [31merror[39m: [31mJWT Verification Error: jwt expired[39m
2026-07-27 14:20:59:2059 [31merror[39m: [31m401 - Invalid or expired security token. Please log in again. - /api/v1/alerts - GET - ::1[39m
2026-07-27 14:21:00:210 [31merror[39m: [31mJWT Verification Error: jwt expired[39m
2026-07-27 14:21:00:210 [31merror[39m: [31m401 - Invalid or expired security token. Please log in again. - /api/v1/opinions - GET - ::1[39m
2026-07-27 14:21:00:210 [31merror[39m: [31mJWT Verification Error: jwt expired[39m
2026-07-27 14:21:00:210 [31merror[39m: [31m401 - Invalid or expired security token. Please log in again. - /api/v1/lands - GET - ::1[39m
2026-07-27 14:21:00:210 [31merror[39m: [31mJWT Verification Error: jwt expired[39m
2026-07-27 14:21:00:210 [31merror[39m: [31m401 - Invalid or expired security token. Please log in again. - /api/v1/acts - GET - ::1[39m
2026-07-27 14:21:00:210 [31merror[39m: [31mJWT Verification Error: jwt expired[39m
2026-07-27 14:21:00:210 [31merror[39m: [31m401 - Invalid or expired security token. Please log in again. - /api/v1/amendments - GET - ::1[39m
2026-07-27 14:21:00:210 [31merror[39m: [31mJWT Verification Error: jwt expired[39m
2026-07-27 14:21:00:210 [31merror[39m: [31m401 - Invalid or expired security token. Please log in again. - /api/v1/memberships - GET - ::1[39m
2026-07-27 14:21:00:210 [31merror[39m: [31mJWT Verification Error: jwt expired[39m
2026-07-27 14:21:00:210 [31merror[39m: [31m401 - Invalid or expired security token. Please log in again. - /api/v1/roles/roles - GET - ::1[39m
2026-07-27 14:21:01:211 [31merror[39m: [31mJWT Verification Error: jwt expired[39m
2026-07-27 14:21:01:211 [31merror[39m: [31m401 - Invalid or expired security token. Please log in again. - /api/v1/roles/modules - GET - ::1[39m
2026-07-27 14:21:01:211 [31merror[39m: [31mJWT Verification Error: jwt expired[39m
2026-07-27 14:21:01:211 [31merror[39m: [31m401 - Invalid or expired security token. Please log in again. - /api/v1/daybook - GET - ::1[39m
2026-07-27 14:21:01:211 [31merror[39m: [31mJWT Verification Error: jwt expired[39m
2026-07-27 14:21:01:211 [31merror[39m: [31m401 - Invalid or expired security token. Please log in again. - /api/v1/roles/roles - GET - ::1[39m
2026-07-27 14:21:05:215 [31merror[39m: [31mJWT Verification Error: jwt expired[39m
2026-07-27 14:21:05:215 [31merror[39m: [31m401 - Invalid or expired security token. Please log in again. - /api/v1/roles/roles - GET - ::1[39m
2026-07-27 14:26:43:2643 [31merror[39m: [31m403 - Access Denied: You do not have permission to perform this operation. - /api/v1/advocates - GET - ::1[39m
2026-07-27 14:26:43:2643 [31merror[39m: [31m403 - Access Denied: You do not have permission to perform this operation. - /api/v1/payments - GET - ::1[39m
2026-07-27 14:26:43:2643 [31merror[39m: [31m403 - Access Denied: You do not have permission to perform this operation. - /api/v1/opinions - GET - ::1[39m
2026-07-27 14:26:43:2643 [31merror[39m: [31m403 - Access Denied: You do not have permission to perform this operation. - /api/v1/memberships - GET - ::1[39m
2026-07-27 14:26:46:2646 [31merror[39m: [31m403 - Access Denied: You do not have permission to perform this operation. - /api/v1/advocates - GET - ::1[39m
2026-07-27 14:26:46:2646 [31merror[39m: [31m403 - Access Denied: You do not have permission to perform this operation. - /api/v1/advocates - GET - ::1[39m
2026-07-27 14:26:47:2647 [31merror[39m: [31m403 - Access Denied: You do not have permission to perform this operation. - /api/v1/advocates - GET - ::1[39m
2026-07-27 14:26:48:2648 [31merror[39m: [31m403 - Access Denied: You do not have permission to perform this operation. - /api/v1/advocates - GET - ::1[39m
2026-07-27 14:26:53:2653 [31merror[39m: [31m403 - Access Denied: You do not have permission to perform this operation. - /api/v1/advocates - GET - ::1[39m
2026-07-27 14:26:53:2653 [31merror[39m: [31m403 - Access Denied: You do not have permission to perform this operation. - /api/v1/advocates - GET - ::1[39m
2026-07-27 14:26:59:2659 [31merror[39m: [31m403 - Access Denied: You do not have permission to perform this operation. - /api/v1/payments - GET - ::1[39m
2026-07-27 14:26:59:2659 [31merror[39m: [31m403 - Access Denied: You do not have permission to perform this operation. - /api/v1/payments - GET - ::1[39m
2026-07-27 14:43:44:4344 [31merror[39m: [31mJWT Verification Error: jwt expired[39m
2026-07-27 14:43:44:4344 [31merror[39m: [31m401 - Invalid or expired security token. Please log in again. - /api/v1/lands - GET - ::1[39m
2026-07-27 14:43:44:4344 [31merror[39m: [31mJWT Verification Error: jwt expired[39m
2026-07-27 14:43:44:4344 [31merror[39m: [31m401 - Invalid or expired security token. Please log in again. - /api/v1/clients - GET - ::1[39m
2026-07-27 14:43:44:4344 [31merror[39m: [31mJWT Verification Error: jwt expired[39m
2026-07-27 14:43:44:4344 [31merror[39m: [31m401 - Invalid or expired security token. Please log in again. - /api/v1/cases - GET - ::1[39m
2026-07-27 14:43:44:4344 [31merror[39m: [31mJWT Verification Error: jwt expired[39m
2026-07-27 14:43:44:4344 [31merror[39m: [31m401 - Invalid or expired security token. Please log in again. - /api/v1/lands - GET - ::1[39m
2026-07-27 14:43:44:4344 [31merror[39m: [31mJWT Verification Error: jwt expired[39m
2026-07-27 14:43:44:4344 [31merror[39m: [31m401 - Invalid or expired security token. Please log in again. - /api/v1/clients - GET - ::1[39m
2026-07-27 14:43:44:4344 [31merror[39m: [31mJWT Verification Error: jwt expired[39m
2026-07-27 14:43:44:4344 [31merror[39m: [31m401 - Invalid or expired security token. Please log in again. - /api/v1/cases - GET - ::1[39m
2026-07-27 15:01:40:140 [31merror[39m: [31mJWT Verification Error: jwt expired[39m
2026-07-27 15:01:40:140 [31merror[39m: [31m401 - Invalid or expired security token. Please log in again. - /api/v1/cases - GET - ::1[39m
2026-07-27 15:01:40:140 [31merror[39m: [31mJWT Verification Error: jwt expired[39m
2026-07-27 15:01:40:140 [31merror[39m: [31m401 - Invalid or expired security token. Please log in again. - /api/v1/clients - GET - ::1[39m
2026-07-27 15:01:40:140 [31merror[39m: [31mJWT Verification Error: jwt expired[39m
2026-07-27 15:01:40:140 [31merror[39m: [31m401 - Invalid or expired security token. Please log in again. - /api/v1/advocates - GET - ::1[39m
2026-07-27 15:01:40:140 [31merror[39m: [31mJWT Verification Error: jwt expired[39m
2026-07-27 15:01:40:140 [31merror[39m: [31m401 - Invalid or expired security token. Please log in again. - /api/v1/diary - GET - ::1[39m
2026-07-27 15:01:40:140 [31merror[39m: [31mJWT Verification Error: jwt expired[39m
2026-07-27 15:01:40:140 [31merror[39m: [31m401 - Invalid or expired security token. Please log in again. - /api/v1/daybook - GET - ::1[39m
2026-07-27 15:01:40:140 [31merror[39m: [31mJWT Verification Error: jwt expired[39m
2026-07-27 15:01:40:140 [31merror[39m: [31m401 - Invalid or expired security token. Please log in again. - /api/v1/payments - GET - ::1[39m
2026-07-27 15:01:40:140 [31merror[39m: [31mJWT Verification Error: jwt expired[39m
2026-07-27 15:01:40:140 [31merror[39m: [31m401 - Invalid or expired security token. Please log in again. - /api/v1/alerts - GET - ::1[39m
2026-07-27 15:01:40:140 [31merror[39m: [31mJWT Verification Error: jwt expired[39m
2026-07-27 15:01:40:140 [31merror[39m: [31m401 - Invalid or expired security token. Please log in again. - /api/v1/lands - GET - ::1[39m
2026-07-27 15:01:40:140 [31merror[39m: [31mJWT Verification Error: jwt expired[39m
2026-07-27 15:01:40:140 [31merror[39m: [31m401 - Invalid or expired security token. Please log in again. - /api/v1/opinions - GET - ::1[39m
2026-07-27 15:01:40:140 [31merror[39m: [31mJWT Verification Error: jwt expired[39m
2026-07-27 15:01:40:140 [31merror[39m: [31m401 - Invalid or expired security token. Please log in again. - /api/v1/memberships - GET - ::1[39m
2026-07-27 15:01:40:140 [31merror[39m: [31mJWT Verification Error: jwt expired[39m
2026-07-27 15:01:40:140 [31merror[39m: [31m401 - Invalid or expired security token. Please log in again. - /api/v1/roles/roles - GET - ::1[39m
2026-07-27 15:01:40:140 [31merror[39m: [31mJWT Verification Error: jwt expired[39m
2026-07-27 15:01:40:140 [31merror[39m: [31m401 - Invalid or expired security token. Please log in again. - /api/v1/acts - GET - ::1[39m
2026-07-27 15:01:40:140 [31merror[39m: [31mJWT Verification Error: jwt expired[39m
2026-07-27 15:01:40:140 [31merror[39m: [31m401 - Invalid or expired security token. Please log in again. - /api/v1/amendments - GET - ::1[39m
2026-07-27 15:01:40:140 [31merror[39m: [31mJWT Verification Error: jwt expired[39m
2026-07-27 15:01:40:140 [31merror[39m: [31m401 - Invalid or expired security token. Please log in again. - /api/v1/roles/modules - GET - ::1[39m
2026-07-27 15:01:40:140 [31merror[39m: [31mJWT Verification Error: jwt expired[39m
2026-07-27 15:01:40:140 [31merror[39m: [31m401 - Invalid or expired security token. Please log in again. - /api/v1/cases - GET - ::1[39m
2026-07-27 15:01:40:140 [31merror[39m: [31mJWT Verification Error: jwt expired[39m
2026-07-27 15:01:40:140 [31merror[39m: [31m401 - Invalid or expired security token. Please log in again. - /api/v1/clients - GET - ::1[39m
2026-07-27 15:01:40:140 [31merror[39m: [31mJWT Verification Error: jwt expired[39m
2026-07-27 15:01:40:140 [31merror[39m: [31m401 - Invalid or expired security token. Please log in again. - /api/v1/advocates - GET - ::1[39m
2026-07-27 15:01:40:140 [31merror[39m: [31mJWT Verification Error: jwt expired[39m
2026-07-27 15:01:40:140 [31merror[39m: [31m401 - Invalid or expired security token. Please log in again. - /api/v1/diary - GET - ::1[39m
2026-07-27 15:01:40:140 [31merror[39m: [31mJWT Verification Error: jwt expired[39m
2026-07-27 15:01:40:140 [31merror[39m: [31m401 - Invalid or expired security token. Please log in again. - /api/v1/daybook - GET - ::1[39m
2026-07-27 15:01:40:140 [31merror[39m: [31mJWT Verification Error: jwt expired[39m
2026-07-27 15:01:40:140 [31merror[39m: [31m401 - Invalid or expired security token. Please log in again. - /api/v1/payments - GET - ::1[39m
2026-07-27 15:01:40:140 [31merror[39m: [31mJWT Verification Error: jwt expired[39m
2026-07-27 15:01:40:140 [31merror[39m: [31m401 - Invalid or expired security token. Please log in again. - /api/v1/alerts - GET - ::1[39m
2026-07-27 15:01:40:140 [31merror[39m: [31mJWT Verification Error: jwt expired[39m
2026-07-27 15:01:40:140 [31merror[39m: [31m401 - Invalid or expired security token. Please log in again. - /api/v1/lands - GET - ::1[39m
2026-07-27 15:01:40:140 [31merror[39m: [31mJWT Verification Error: jwt expired[39m
2026-07-27 15:01:40:140 [31merror[39m: [31m401 - Invalid or expired security token. Please log in again. - /api/v1/memberships - GET - ::1[39m
2026-07-27 15:01:40:140 [31merror[39m: [31mJWT Verification Error: jwt expired[39m
2026-07-27 15:01:40:140 [31merror[39m: [31m401 - Invalid or expired security token. Please log in again. - /api/v1/opinions - GET - ::1[39m
2026-07-27 15:01:40:140 [31merror[39m: [31mJWT Verification Error: jwt expired[39m
2026-07-27 15:01:40:140 [31merror[39m: [31m401 - Invalid or expired security token. Please log in again. - /api/v1/roles/roles - GET - ::1[39m
2026-07-27 15:01:40:140 [31merror[39m: [31mJWT Verification Error: jwt expired[39m
2026-07-27 15:01:40:140 [31merror[39m: [31m401 - Invalid or expired security token. Please log in again. - /api/v1/acts - GET - ::1[39m
2026-07-27 15:01:40:140 [31merror[39m: [31mJWT Verification Error: jwt expired[39m
2026-07-27 15:01:40:140 [31merror[39m: [31m401 - Invalid or expired security token. Please log in again. - /api/v1/amendments - GET - ::1[39m
2026-07-27 15:01:40:140 [31merror[39m: [31mJWT Verification Error: jwt expired[39m
2026-07-27 15:01:40:140 [31merror[39m: [31m401 - Invalid or expired security token. Please log in again. - /api/v1/roles/modules - GET - ::1[39m
2026-07-27 15:01:40:140 [31merror[39m: [31mJWT Verification Error: jwt expired[39m
2026-07-27 15:01:40:140 [31merror[39m: [31m401 - Invalid or expired security token. Please log in again. - /api/v1/roles/roles - GET - ::1[39m
2026-07-27 15:01:40:140 [31merror[39m: [31mJWT Verification Error: jwt expired[39m
2026-07-27 15:01:40:140 [31merror[39m: [31m401 - Invalid or expired security token. Please log in again. - /api/v1/roles/roles - GET - ::1[39m
2026-07-27 15:26:25:2625 [31merror[39m: [31mJWT Verification Error: jwt expired[39m
2026-07-27 15:26:25:2625 [31merror[39m: [31m401 - Invalid or expired security token. Please log in again. - /api/v1/acts/1/open - GET - ::1[39m
2026-07-27 16:43:53:4353 [31merror[39m: [31mJWT Verification Error: jwt expired[39m
2026-07-27 16:43:53:4353 [31merror[39m: [31m401 - Invalid or expired security token. Please log in again. - /api/v1/acts?includeDeleted=false - GET - ::1[39m
2026-07-27 16:43:53:4353 [31merror[39m: [31mJWT Verification Error: jwt expired[39m
2026-07-27 16:43:53:4353 [31merror[39m: [31m401 - Invalid or expired security token. Please log in again. - /api/v1/payments - GET - ::1[39m
2026-07-27 16:43:53:4353 [31merror[39m: [31mJWT Verification Error: jwt expired[39m
2026-07-27 16:43:53:4353 [31merror[39m: [31m401 - Invalid or expired security token. Please log in again. - /api/v1/cases - GET - ::1[39m
2026-07-27 16:43:53:4353 [31merror[39m: [31mJWT Verification Error: jwt expired[39m
2026-07-27 16:43:53:4353 [31merror[39m: [31m401 - Invalid or expired security token. Please log in again. - /api/v1/clients - GET - ::1[39m
2026-07-27 16:43:53:4353 [31merror[39m: [31mJWT Verification Error: jwt expired[39m
2026-07-27 16:43:53:4353 [31merror[39m: [31m401 - Invalid or expired security token. Please log in again. - /api/v1/advocates - GET - ::1[39m
2026-07-27 16:43:53:4353 [31merror[39m: [31mJWT Verification Error: jwt expired[39m
2026-07-27 16:43:53:4353 [31merror[39m: [31m401 - Invalid or expired security token. Please log in again. - /api/v1/daybook - GET - ::1[39m
2026-07-27 16:43:53:4353 [31merror[39m: [31mJWT Verification Error: jwt expired[39m
2026-07-27 16:43:53:4353 [31merror[39m: [31m401 - Invalid or expired security token. Please log in again. - /api/v1/diary - GET - ::1[39m
2026-07-27 16:43:53:4353 [31merror[39m: [31mJWT Verification Error: jwt expired[39m
2026-07-27 16:43:53:4353 [31merror[39m: [31m401 - Invalid or expired security token. Please log in again. - /api/v1/alerts - GET - ::1[39m
2026-07-27 16:43:53:4353 [31merror[39m: [31mJWT Verification Error: jwt expired[39m
2026-07-27 16:43:53:4353 [31merror[39m: [31m401 - Invalid or expired security token. Please log in again. - /api/v1/lands - GET - ::1[39m
2026-07-27 16:43:53:4353 [31merror[39m: [31mJWT Verification Error: jwt expired[39m
2026-07-27 16:43:53:4353 [31merror[39m: [31m401 - Invalid or expired security token. Please log in again. - /api/v1/opinions - GET - ::1[39m
2026-07-27 16:43:53:4353 [31merror[39m: [31mJWT Verification Error: jwt expired[39m
2026-07-27 16:43:53:4353 [31merror[39m: [31m401 - Invalid or expired security token. Please log in again. - /api/v1/memberships - GET - ::1[39m
2026-07-27 16:43:53:4353 [31merror[39m: [31mJWT Verification Error: jwt expired[39m
2026-07-27 16:43:53:4353 [31merror[39m: [31m401 - Invalid or expired security token. Please log in again. - /api/v1/acts - GET - ::1[39m
2026-07-27 16:43:53:4353 [31merror[39m: [31mJWT Verification Error: jwt expired[39m
2026-07-27 16:43:53:4353 [31merror[39m: [31m401 - Invalid or expired security token. Please log in again. - /api/v1/amendments - GET - ::1[39m
2026-07-27 16:43:53:4353 [31merror[39m: [31mJWT Verification Error: jwt expired[39m
2026-07-27 16:43:53:4353 [31merror[39m: [31m401 - Invalid or expired security token. Please log in again. - /api/v1/roles/roles - GET - ::1[39m
2026-07-27 16:43:53:4353 [31merror[39m: [31mJWT Verification Error: jwt expired[39m
2026-07-27 16:43:53:4353 [31merror[39m: [31m401 - Invalid or expired security token. Please log in again. - /api/v1/roles/modules - GET - ::1[39m
2026-07-27 16:43:53:4353 [31merror[39m: [31mJWT Verification Error: jwt expired[39m
2026-07-27 16:43:53:4353 [31merror[39m: [31m401 - Invalid or expired security token. Please log in again. - /api/v1/acts?includeDeleted=false - GET - ::1[39m
2026-07-27 16:43:53:4353 [31merror[39m: [31mJWT Verification Error: jwt expired[39m
2026-07-27 16:43:53:4353 [31merror[39m: [31m401 - Invalid or expired security token. Please log in again. - /api/v1/cases - GET - ::1[39m
2026-07-27 16:43:53:4353 [31merror[39m: [31mJWT Verification Error: jwt expired[39m
2026-07-27 16:43:53:4353 [31merror[39m: [31m401 - Invalid or expired security token. Please log in again. - /api/v1/advocates - GET - ::1[39m
2026-07-27 16:43:53:4353 [31merror[39m: [31mJWT Verification Error: jwt expired[39m
2026-07-27 16:43:53:4353 [31merror[39m: [31m401 - Invalid or expired security token. Please log in again. - /api/v1/daybook - GET - ::1[39m
2026-07-27 16:43:53:4353 [31merror[39m: [31mJWT Verification Error: jwt expired[39m
2026-07-27 16:43:53:4353 [31merror[39m: [31m401 - Invalid or expired security token. Please log in again. - /api/v1/clients - GET - ::1[39m
2026-07-27 16:43:53:4353 [31merror[39m: [31mJWT Verification Error: jwt expired[39m
2026-07-27 16:43:53:4353 [31merror[39m: [31m401 - Invalid or expired security token. Please log in again. - /api/v1/payments - GET - ::1[39m
2026-07-27 16:43:53:4353 [31merror[39m: [31mJWT Verification Error: jwt expired[39m
2026-07-27 16:43:53:4353 [31merror[39m: [31m401 - Invalid or expired security token. Please log in again. - /api/v1/diary - GET - ::1[39m
2026-07-27 16:43:53:4353 [31merror[39m: [31mRefresh token error: invalid signature[39m
2026-07-27 16:43:53:4353 [31merror[39m: [31m401 - Invalid or expired refresh token - /api/v1/auth/refresh - POST - ::1[39m
2026-07-27 16:43:53:4353 [31merror[39m: [31mJWT Verification Error: jwt expired[39m
2026-07-27 16:43:53:4353 [31merror[39m: [31m401 - Invalid or expired security token. Please log in again. - /api/v1/alerts - GET - ::1[39m
2026-07-27 16:43:53:4353 [31merror[39m: [31mJWT Verification Error: jwt expired[39m
2026-07-27 16:43:53:4353 [31merror[39m: [31m401 - Invalid or expired security token. Please log in again. - /api/v1/lands - GET - ::1[39m
2026-07-27 16:43:53:4353 [31merror[39m: [31mJWT Verification Error: jwt expired[39m
2026-07-27 16:43:53:4353 [31merror[39m: [31m401 - Invalid or expired security token. Please log in again. - /api/v1/memberships - GET - ::1[39m
2026-07-27 16:43:53:4353 [31merror[39m: [31mJWT Verification Error: jwt expired[39m
2026-07-27 16:43:53:4353 [31merror[39m: [31m401 - Invalid or expired security token. Please log in again. - /api/v1/acts - GET - ::1[39m
2026-07-27 16:43:53:4353 [31merror[39m: [31mJWT Verification Error: jwt expired[39m
2026-07-27 16:43:53:4353 [31merror[39m: [31m401 - Invalid or expired security token. Please log in again. - /api/v1/opinions - GET - ::1[39m
2026-07-27 16:43:53:4353 [31merror[39m: [31mJWT Verification Error: jwt expired[39m
2026-07-27 16:43:53:4353 [31merror[39m: [31m401 - Invalid or expired security token. Please log in again. - /api/v1/amendments - GET - ::1[39m
2026-07-27 16:43:54:4354 [31merror[39m: [31mJWT Verification Error: jwt expired[39m
2026-07-27 16:43:54:4354 [31merror[39m: [31m401 - Invalid or expired security token. Please log in again. - /api/v1/roles/roles - GET - ::1[39m
2026-07-27 16:43:54:4354 [31merror[39m: [31mJWT Verification Error: jwt expired[39m
2026-07-27 16:43:54:4354 [31merror[39m: [31m401 - Invalid or expired security token. Please log in again. - /api/v1/roles/modules - GET - ::1[39m
2026-07-27 16:43:54:4354 [31merror[39m: [31mJWT Verification Error: jwt expired[39m
2026-07-27 16:43:54:4354 [31merror[39m: [31m401 - Invalid or expired security token. Please log in again. - /api/v1/roles/roles - GET - ::1[39m
2026-07-27 16:43:54:4354 [31merror[39m: [31mRefresh token error: invalid signature[39m
2026-07-27 16:43:54:4354 [31merror[39m: [31m401 - Invalid or expired refresh token - /api/v1/auth/refresh - POST - ::1[39m
2026-07-27 16:43:54:4354 [31merror[39m: [31mJWT Verification Error: jwt expired[39m
2026-07-27 16:43:54:4354 [31merror[39m: [31m401 - Invalid or expired security token. Please log in again. - /api/v1/roles/roles - GET - ::1[39m
2026-07-27 16:43:54:4354 [31merror[39m: [31mRefresh token error: invalid signature[39m
2026-07-27 16:43:54:4354 [31merror[39m: [31m401 - Invalid or expired refresh token - /api/v1/auth/refresh - POST - ::1[39m
2026-07-27 17:02:42:242 [31merror[39m: [31mJWT Verification Error: jwt expired[39m
2026-07-27 17:02:42:242 [31merror[39m: [31m401 - Invalid or expired security token. Please log in again. - /api/v1/cases - GET - ::1[39m
2026-07-27 17:02:42:242 [31merror[39m: [31mJWT Verification Error: jwt expired[39m
2026-07-27 17:02:42:242 [31merror[39m: [31m401 - Invalid or expired security token. Please log in again. - /api/v1/clients - GET - ::1[39m
2026-07-27 17:02:42:242 [31merror[39m: [31mJWT Verification Error: jwt expired[39m
2026-07-27 17:02:42:242 [31merror[39m: [31m401 - Invalid or expired security token. Please log in again. - /api/v1/cases - GET - ::1[39m
2026-07-27 17:02:42:242 [31merror[39m: [31mJWT Verification Error: jwt expired[39m
2026-07-27 17:02:42:242 [31merror[39m: [31m401 - Invalid or expired security token. Please log in again. - /api/v1/clients - GET - ::1[39m
2026-07-27 17:17:44:1744 [31merror[39m: [31mJWT Verification Error: jwt expired[39m
2026-07-27 17:17:44:1744 [31merror[39m: [31m401 - Invalid or expired security token. Please log in again. - /api/v1/reports/case - GET - ::1[39m
2026-07-27 17:32:45:3245 [31merror[39m: [31mJWT Verification Error: jwt expired[39m
2026-07-27 17:32:45:3245 [31merror[39m: [31m401 - Invalid or expired security token. Please log in again. - /api/v1/alerts/3 - PUT - ::1[39m
2026-07-27 17:48:04:484 [31merror[39m: [31mJWT Verification Error: jwt expired[39m
2026-07-27 17:48:04:484 [31merror[39m: [31m401 - Invalid or expired security token. Please log in again. - /api/v1/dashboard - GET - ::1[39m
2026-07-27 17:48:04:484 [31merror[39m: [31mJWT Verification Error: jwt expired[39m
2026-07-27 17:48:04:484 [31merror[39m: [31m401 - Invalid or expired security token. Please log in again. - /api/v1/dashboard - GET - ::1[39m
2026-07-28 09:30:37:3037 [31merror[39m: [31mJWT Verification Error: jwt expired[39m
2026-07-28 09:30:37:3037 [31merror[39m: [31m401 - Invalid or expired security token. Please log in again. - /api/v1/cases - GET - ::1[39m
2026-07-28 09:30:37:3037 [31merror[39m: [31mJWT Verification Error: jwt expired[39m
2026-07-28 09:30:37:3037 [31merror[39m: [31m401 - Invalid or expired security token. Please log in again. - /api/v1/alerts - GET - ::1[39m
2026-07-28 09:30:37:3037 [31merror[39m: [31mJWT Verification Error: jwt expired[39m
2026-07-28 09:30:37:3037 [31merror[39m: [31m401 - Invalid or expired security token. Please log in again. - /api/v1/clients - GET - ::1[39m
2026-07-28 09:30:37:3037 [31merror[39m: [31mJWT Verification Error: jwt expired[39m
2026-07-28 09:30:37:3037 [31merror[39m: [31m401 - Invalid or expired security token. Please log in again. - /api/v1/advocates - GET - ::1[39m
2026-07-28 09:30:37:3037 [31merror[39m: [31mJWT Verification Error: jwt expired[39m
2026-07-28 09:30:37:3037 [31merror[39m: [31m401 - Invalid or expired security token. Please log in again. - /api/v1/diary - GET - ::1[39m
2026-07-28 09:30:37:3037 [31merror[39m: [31mJWT Verification Error: jwt expired[39m
2026-07-28 09:30:37:3037 [31merror[39m: [31m401 - Invalid or expired security token. Please log in again. - /api/v1/daybook - GET - ::1[39m
2026-07-28 09:30:37:3037 [31merror[39m: [31mJWT Verification Error: jwt expired[39m
2026-07-28 09:30:37:3037 [31merror[39m: [31m401 - Invalid or expired security token. Please log in again. - /api/v1/payments - GET - ::1[39m
2026-07-28 09:30:37:3037 [31merror[39m: [31mJWT Verification Error: jwt expired[39m
2026-07-28 09:30:37:3037 [31merror[39m: [31m401 - Invalid or expired security token. Please log in again. - /api/v1/lands - GET - ::1[39m
2026-07-28 09:30:37:3037 [31merror[39m: [31mJWT Verification Error: jwt expired[39m
2026-07-28 09:30:37:3037 [31merror[39m: [31m401 - Invalid or expired security token. Please log in again. - /api/v1/opinions - GET - ::1[39m
2026-07-28 09:30:37:3037 [31merror[39m: [31mJWT Verification Error: jwt expired[39m
2026-07-28 09:30:37:3037 [31merror[39m: [31m401 - Invalid or expired security token. Please log in again. - /api/v1/acts - GET - ::1[39m
2026-07-28 09:30:37:3037 [31merror[39m: [31mJWT Verification Error: jwt expired[39m
2026-07-28 09:30:37:3037 [31merror[39m: [31m401 - Invalid or expired security token. Please log in again. - /api/v1/amendments - GET - ::1[39m
2026-07-28 09:30:37:3037 [31merror[39m: [31mJWT Verification Error: jwt expired[39m
2026-07-28 09:30:37:3037 [31merror[39m: [31m401 - Invalid or expired security token. Please log in again. - /api/v1/memberships - GET - ::1[39m
2026-07-28 09:30:37:3037 [31merror[39m: [31mJWT Verification Error: jwt expired[39m
2026-07-28 09:30:37:3037 [31merror[39m: [31m401 - Invalid or expired security token. Please log in again. - /api/v1/roles/roles - GET - ::1[39m
2026-07-28 09:30:37:3037 [31merror[39m: [31mJWT Verification Error: jwt expired[39m
2026-07-28 09:30:37:3037 [31merror[39m: [31m401 - Invalid or expired security token. Please log in again. - /api/v1/roles/modules - GET - ::1[39m
2026-07-28 09:30:37:3037 [31merror[39m: [31mJWT Verification Error: jwt expired[39m
2026-07-28 09:30:37:3037 [31merror[39m: [31m401 - Invalid or expired security token. Please log in again. - /api/v1/cases - GET - ::1[39m
2026-07-28 09:30:37:3037 [31merror[39m: [31mJWT Verification Error: jwt expired[39m
2026-07-28 09:30:37:3037 [31merror[39m: [31m401 - Invalid or expired security token. Please log in again. - /api/v1/clients - GET - ::1[39m
2026-07-28 09:30:37:3037 [31merror[39m: [31mJWT Verification Error: jwt expired[39m
2026-07-28 09:30:37:3037 [31merror[39m: [31m401 - Invalid or expired security token. Please log in again. - /api/v1/advocates - GET - ::1[39m
2026-07-28 09:30:37:3037 [31merror[39m: [31mJWT Verification Error: jwt expired[39m
2026-07-28 09:30:37:3037 [31merror[39m: [31m401 - Invalid or expired security token. Please log in again. - /api/v1/diary - GET - ::1[39m
2026-07-28 09:30:37:3037 [31merror[39m: [31mJWT Verification Error: jwt expired[39m
2026-07-28 09:30:37:3037 [31merror[39m: [31m401 - Invalid or expired security token. Please log in again. - /api/v1/daybook - GET - ::1[39m
2026-07-28 09:30:37:3037 [31merror[39m: [31mJWT Verification Error: jwt expired[39m
2026-07-28 09:30:37:3037 [31merror[39m: [31m401 - Invalid or expired security token. Please log in again. - /api/v1/alerts - GET - ::1[39m
2026-07-28 09:30:37:3037 [31merror[39m: [31mJWT Verification Error: jwt expired[39m
2026-07-28 09:30:37:3037 [31merror[39m: [31m401 - Invalid or expired security token. Please log in again. - /api/v1/payments - GET - ::1[39m
2026-07-28 09:30:37:3037 [31merror[39m: [31mJWT Verification Error: jwt expired[39m
2026-07-28 09:30:37:3037 [31merror[39m: [31m401 - Invalid or expired security token. Please log in again. - /api/v1/lands - GET - ::1[39m
2026-07-28 09:30:37:3037 [31merror[39m: [31mJWT Verification Error: jwt expired[39m
2026-07-28 09:30:37:3037 [31merror[39m: [31m401 - Invalid or expired security token. Please log in again. - /api/v1/acts - GET - ::1[39m
2026-07-28 09:30:37:3037 [31merror[39m: [31mJWT Verification Error: jwt expired[39m
2026-07-28 09:30:37:3037 [31merror[39m: [31m401 - Invalid or expired security token. Please log in again. - /api/v1/dashboard - GET - ::1[39m
2026-07-28 09:30:37:3037 [31merror[39m: [31mJWT Verification Error: jwt expired[39m
2026-07-28 09:30:37:3037 [31merror[39m: [31m401 - Invalid or expired security token. Please log in again. - /api/v1/amendments - GET - ::1[39m
2026-07-28 09:30:37:3037 [31merror[39m: [31mJWT Verification Error: jwt expired[39m
2026-07-28 09:30:37:3037 [31merror[39m: [31m401 - Invalid or expired security token. Please log in again. - /api/v1/memberships - GET - ::1[39m
2026-07-28 09:30:37:3037 [31merror[39m: [31mJWT Verification Error: jwt expired[39m
2026-07-28 09:30:37:3037 [31merror[39m: [31m401 - Invalid or expired security token. Please log in again. - /api/v1/opinions - GET - ::1[39m
2026-07-28 09:30:37:3037 [31merror[39m: [31mJWT Verification Error: jwt expired[39m
2026-07-28 09:30:37:3037 [31merror[39m: [31m401 - Invalid or expired security token. Please log in again. - /api/v1/roles/roles - GET - ::1[39m
2026-07-28 09:30:37:3037 [31merror[39m: [31mJWT Verification Error: jwt expired[39m
2026-07-28 09:30:37:3037 [31merror[39m: [31m401 - Invalid or expired security token. Please log in again. - /api/v1/roles/modules - GET - ::1[39m
2026-07-28 09:30:37:3037 [31merror[39m: [31mJWT Verification Error: jwt expired[39m
2026-07-28 09:30:37:3037 [31merror[39m: [31m401 - Invalid or expired security token. Please log in again. - /api/v1/dashboard - GET - ::1[39m
2026-07-28 09:30:37:3037 [31merror[39m: [31mJWT Verification Error: jwt expired[39m
2026-07-28 09:30:37:3037 [31merror[39m: [31m401 - Invalid or expired security token. Please log in again. - /api/v1/roles/roles - GET - ::1[39m
2026-07-28 09:30:37:3037 [31merror[39m: [31mJWT Verification Error: jwt expired[39m
2026-07-28 09:30:37:3037 [31merror[39m: [31m401 - Invalid or expired security token. Please log in again. - /api/v1/roles/roles - GET - ::1[39m
2026-07-28 10:00:06:06 [31merror[39m: [31mJWT Verification Error: jwt expired[39m
2026-07-28 10:00:06:06 [31merror[39m: [31m401 - Invalid or expired security token. Please log in again. - /api/v1/cases - GET - ::1[39m
2026-07-28 10:00:06:06 [31merror[39m: [31mJWT Verification Error: jwt expired[39m
2026-07-28 10:00:06:06 [31merror[39m: [31m401 - Invalid or expired security token. Please log in again. - /api/v1/clients - GET - ::1[39m
2026-07-28 10:00:06:06 [31merror[39m: [31mJWT Verification Error: jwt expired[39m
2026-07-28 10:00:06:06 [31merror[39m: [31m401 - Invalid or expired security token. Please log in again. - /api/v1/cases - GET - ::1[39m
2026-07-28 10:00:06:06 [31merror[39m: [31mJWT Verification Error: jwt expired[39m
2026-07-28 10:00:06:06 [31merror[39m: [31m401 - Invalid or expired security token. Please log in again. - /api/v1/clients - GET - ::1[39m
2026-07-28 10:09:03:93 [31merror[39m: [31m403 - Forbidden: Access control configuration missing. - /api/v1/masters/case-types/4/deactivate - PATCH - ::1[39m
2026-07-28 10:09:09:99 [31merror[39m: [31m403 - Forbidden: Access control configuration missing. - /api/v1/masters/case-types/4/deactivate - PATCH - ::1[39m
2026-07-28 10:09:23:923 [31merror[39m: [31m403 - Forbidden: Access control configuration missing. - /api/v1/masters/case-types/15/deactivate - PATCH - ::1[39m
2026-07-28 10:09:45:945 [31merror[39m: [31m403 - Forbidden: Access control configuration missing. - /api/v1/masters/case-types/14/deactivate - PATCH - ::1[39m
2026-07-28 10:09:56:956 [31merror[39m: [31m403 - Forbidden: Access control configuration missing. - /api/v1/masters/case-types/15/deactivate - PATCH - ::1[39m
2026-07-28 10:16:56:1656 [31merror[39m: [31mJWT Verification Error: jwt expired[39m
2026-07-28 10:16:56:1656 [31merror[39m: [31m401 - Invalid or expired security token. Please log in again. - /api/v1/cases - GET - ::1[39m
2026-07-28 10:16:56:1656 [31merror[39m: [31mJWT Verification Error: jwt expired[39m
2026-07-28 10:16:56:1656 [31merror[39m: [31m401 - Invalid or expired security token. Please log in again. - /api/v1/clients - GET - ::1[39m
2026-07-28 10:16:56:1656 [31merror[39m: [31mJWT Verification Error: jwt expired[39m
2026-07-28 10:16:56:1656 [31merror[39m: [31m401 - Invalid or expired security token. Please log in again. - /api/v1/advocates - GET - ::1[39m
2026-07-28 10:16:56:1656 [31merror[39m: [31mJWT Verification Error: jwt expired[39m
2026-07-28 10:16:56:1656 [31merror[39m: [31m401 - Invalid or expired security token. Please log in again. - /api/v1/masters/case-types?activeOnly=true - GET - ::1[39m
2026-07-28 10:16:56:1656 [31merror[39m: [31mJWT Verification Error: jwt expired[39m
2026-07-28 10:16:56:1656 [31merror[39m: [31m401 - Invalid or expired security token. Please log in again. - /api/v1/masters/case-stages?activeOnly=true - GET - ::1[39m
2026-07-28 10:35:38:3538 [31merror[39m: [31mJWT Verification Error: jwt expired[39m
2026-07-28 10:35:38:3538 [31merror[39m: [31m401 - Invalid or expired security token. Please log in again. - /api/v1/daybook - POST - ::1[39m
2026-07-28 10:51:00:510 [31merror[39m: [31mJWT Verification Error: jwt expired[39m
2026-07-28 10:51:00:510 [31merror[39m: [31m401 - Invalid or expired security token. Please log in again. - /api/v1/payments - GET - ::1[39m
2026-07-28 10:51:00:510 [31merror[39m: [31mJWT Verification Error: jwt expired[39m
2026-07-28 10:51:00:510 [31merror[39m: [31m401 - Invalid or expired security token. Please log in again. - /api/v1/cases - GET - ::1[39m
2026-07-28 10:51:00:510 [31merror[39m: [31mJWT Verification Error: jwt expired[39m
2026-07-28 10:51:00:510 [31merror[39m: [31m401 - Invalid or expired security token. Please log in again. - /api/v1/clients - GET - ::1[39m
2026-07-28 10:51:00:510 [31merror[39m: [31mJWT Verification Error: jwt expired[39m
2026-07-28 10:51:00:510 [31merror[39m: [31m401 - Invalid or expired security token. Please log in again. - /api/v1/advocates - GET - ::1[39m
2026-07-28 10:51:00:510 [31merror[39m: [31mJWT Verification Error: jwt expired[39m
2026-07-28 10:51:00:510 [31merror[39m: [31m401 - Invalid or expired security token. Please log in again. - /api/v1/payments - GET - ::1[39m
2026-07-28 10:51:00:510 [31merror[39m: [31mJWT Verification Error: jwt expired[39m
2026-07-28 10:51:00:510 [31merror[39m: [31m401 - Invalid or expired security token. Please log in again. - /api/v1/cases - GET - ::1[39m
2026-07-28 10:51:00:510 [31merror[39m: [31mJWT Verification Error: jwt expired[39m
2026-07-28 10:51:00:510 [31merror[39m: [31m401 - Invalid or expired security token. Please log in again. - /api/v1/clients - GET - ::1[39m
2026-07-28 10:51:00:510 [31merror[39m: [31mJWT Verification Error: jwt expired[39m
2026-07-28 10:51:00:510 [31merror[39m: [31m401 - Invalid or expired security token. Please log in again. - /api/v1/advocates - GET - ::1[39m
2026-07-28 11:20:52:2052 [31merror[39m: [31mJWT Verification Error: jwt expired[39m
2026-07-28 11:20:52:2052 [31merror[39m: [31m401 - Invalid or expired security token. Please log in again. - /api/v1/cases - GET - ::1[39m
2026-07-28 11:20:52:2052 [31merror[39m: [31mJWT Verification Error: jwt expired[39m
2026-07-28 11:20:52:2052 [31merror[39m: [31m401 - Invalid or expired security token. Please log in again. - /api/v1/clients - GET - ::1[39m
2026-07-28 11:20:52:2052 [31merror[39m: [31mJWT Verification Error: jwt expired[39m
2026-07-28 11:20:52:2052 [31merror[39m: [31m401 - Invalid or expired security token. Please log in again. - /api/v1/advocates - GET - ::1[39m
2026-07-28 11:20:52:2052 [31merror[39m: [31mJWT Verification Error: jwt expired[39m
2026-07-28 11:20:52:2052 [31merror[39m: [31m401 - Invalid or expired security token. Please log in again. - /api/v1/masters/case-types?activeOnly=true - GET - ::1[39m
2026-07-28 11:20:52:2052 [31merror[39m: [31mJWT Verification Error: jwt expired[39m
2026-07-28 11:20:52:2052 [31merror[39m: [31m401 - Invalid or expired security token. Please log in again. - /api/v1/masters/case-stages?activeOnly=true - GET - ::1[39m
2026-07-28 11:20:52:2052 [31merror[39m: [31mJWT Verification Error: jwt expired[39m
2026-07-28 11:20:52:2052 [31merror[39m: [31m401 - Invalid or expired security token. Please log in again. - /api/v1/masters/courts?activeOnly=true - GET - ::1[39m
2026-07-28 11:20:52:2052 [31merror[39m: [31mJWT Verification Error: jwt expired[39m
2026-07-28 11:20:52:2052 [31merror[39m: [31m401 - Invalid or expired security token. Please log in again. - /api/v1/diary - GET - ::1[39m
2026-07-28 11:20:52:2052 [31merror[39m: [31mJWT Verification Error: jwt expired[39m
2026-07-28 11:20:52:2052 [31merror[39m: [31m401 - Invalid or expired security token. Please log in again. - /api/v1/daybook - GET - ::1[39m
2026-07-28 11:20:52:2052 [31merror[39m: [31mJWT Verification Error: jwt expired[39m
2026-07-28 11:20:52:2052 [31merror[39m: [31m401 - Invalid or expired security token. Please log in again. - /api/v1/payments - GET - ::1[39m
2026-07-28 11:20:52:2052 [31merror[39m: [31mJWT Verification Error: jwt expired[39m
2026-07-28 11:20:52:2052 [31merror[39m: [31m401 - Invalid or expired security token. Please log in again. - /api/v1/alerts - GET - ::1[39m
2026-07-28 11:20:52:2052 [31merror[39m: [31mJWT Verification Error: jwt expired[39m
2026-07-28 11:20:52:2052 [31merror[39m: [31m401 - Invalid or expired security token. Please log in again. - /api/v1/lands - GET - ::1[39m
2026-07-28 11:20:52:2052 [31merror[39m: [31mJWT Verification Error: jwt expired[39m
2026-07-28 11:20:52:2052 [31merror[39m: [31m401 - Invalid or expired security token. Please log in again. - /api/v1/opinions - GET - ::1[39m
2026-07-28 11:20:52:2052 [31merror[39m: [31mJWT Verification Error: jwt expired[39m
2026-07-28 11:20:52:2052 [31merror[39m: [31m401 - Invalid or expired security token. Please log in again. - /api/v1/memberships - GET - ::1[39m
2026-07-28 11:20:52:2052 [31merror[39m: [31mJWT Verification Error: jwt expired[39m
2026-07-28 11:20:52:2052 [31merror[39m: [31m401 - Invalid or expired security token. Please log in again. - /api/v1/acts - GET - ::1[39m
2026-07-28 11:20:52:2052 [31merror[39m: [31mJWT Verification Error: jwt expired[39m
2026-07-28 11:20:52:2052 [31merror[39m: [31m401 - Invalid or expired security token. Please log in again. - /api/v1/amendments - GET - ::1[39m
2026-07-28 11:20:52:2052 [31merror[39m: [31mJWT Verification Error: jwt expired[39m
2026-07-28 11:20:52:2052 [31merror[39m: [31m401 - Invalid or expired security token. Please log in again. - /api/v1/roles/roles - GET - ::1[39m
2026-07-28 11:20:52:2052 [31merror[39m: [31mJWT Verification Error: jwt expired[39m
2026-07-28 11:20:52:2052 [31merror[39m: [31m401 - Invalid or expired security token. Please log in again. - /api/v1/roles/modules - GET - ::1[39m
2026-07-28 11:20:52:2052 [31merror[39m: [31mJWT Verification Error: jwt expired[39m
2026-07-28 11:20:52:2052 [31merror[39m: [31m401 - Invalid or expired security token. Please log in again. - /api/v1/clients - GET - ::1[39m
2026-07-28 11:20:52:2052 [31merror[39m: [31mJWT Verification Error: jwt expired[39m
2026-07-28 11:20:52:2052 [31merror[39m: [31m401 - Invalid or expired security token. Please log in again. - /api/v1/cases - GET - ::1[39m
2026-07-28 11:20:52:2052 [31merror[39m: [31mJWT Verification Error: jwt expired[39m
2026-07-28 11:20:52:2052 [31merror[39m: [31m401 - Invalid or expired security token. Please log in again. - /api/v1/advocates - GET - ::1[39m
2026-07-28 11:20:52:2052 [31merror[39m: [31mJWT Verification Error: jwt expired[39m
2026-07-28 11:20:52:2052 [31merror[39m: [31m401 - Invalid or expired security token. Please log in again. - /api/v1/masters/case-types?activeOnly=true - GET - ::1[39m
2026-07-28 11:20:52:2052 [31merror[39m: [31mJWT Verification Error: jwt expired[39m
2026-07-28 11:20:52:2052 [31merror[39m: [31m401 - Invalid or expired security token. Please log in again. - /api/v1/masters/case-stages?activeOnly=true - GET - ::1[39m
2026-07-28 11:20:52:2052 [31merror[39m: [31mJWT Verification Error: jwt expired[39m
2026-07-28 11:20:52:2052 [31merror[39m: [31m401 - Invalid or expired security token. Please log in again. - /api/v1/masters/courts?activeOnly=true - GET - ::1[39m
2026-07-28 11:20:52:2052 [31merror[39m: [31mJWT Verification Error: jwt expired[39m
2026-07-28 11:20:52:2052 [31merror[39m: [31m401 - Invalid or expired security token. Please log in again. - /api/v1/diary - GET - ::1[39m
2026-07-28 11:20:52:2052 [31merror[39m: [31mJWT Verification Error: jwt expired[39m
2026-07-28 11:20:52:2052 [31merror[39m: [31m401 - Invalid or expired security token. Please log in again. - /api/v1/payments - GET - ::1[39m
2026-07-28 11:20:52:2052 [31merror[39m: [31mJWT Verification Error: jwt expired[39m
2026-07-28 11:20:52:2052 [31merror[39m: [31m401 - Invalid or expired security token. Please log in again. - /api/v1/alerts - GET - ::1[39m
2026-07-28 11:20:52:2052 [31merror[39m: [31mJWT Verification Error: jwt expired[39m
2026-07-28 11:20:52:2052 [31merror[39m: [31m401 - Invalid or expired security token. Please log in again. - /api/v1/opinions - GET - ::1[39m
2026-07-28 11:20:52:2052 [31merror[39m: [31mJWT Verification Error: jwt expired[39m
2026-07-28 11:20:52:2052 [31merror[39m: [31m401 - Invalid or expired security token. Please log in again. - /api/v1/daybook - GET - ::1[39m
2026-07-28 11:20:52:2052 [31merror[39m: [31mJWT Verification Error: jwt expired[39m
2026-07-28 11:20:52:2052 [31merror[39m: [31m401 - Invalid or expired security token. Please log in again. - /api/v1/lands - GET - ::1[39m
2026-07-28 11:20:52:2052 [31merror[39m: [31mJWT Verification Error: jwt expired[39m
2026-07-28 11:20:52:2052 [31merror[39m: [31m401 - Invalid or expired security token. Please log in again. - /api/v1/memberships - GET - ::1[39m
2026-07-28 11:20:52:2052 [31merror[39m: [31mJWT Verification Error: jwt expired[39m
2026-07-28 11:20:52:2052 [31merror[39m: [31m401 - Invalid or expired security token. Please log in again. - /api/v1/roles/roles - GET - ::1[39m
2026-07-28 11:20:52:2052 [31merror[39m: [31mJWT Verification Error: jwt expired[39m
2026-07-28 11:20:52:2052 [31merror[39m: [31m401 - Invalid or expired security token. Please log in again. - /api/v1/roles/modules - GET - ::1[39m
2026-07-28 11:20:52:2052 [31merror[39m: [31mJWT Verification Error: jwt expired[39m
2026-07-28 11:20:52:2052 [31merror[39m: [31m401 - Invalid or expired security token. Please log in again. - /api/v1/amendments - GET - ::1[39m
2026-07-28 11:20:52:2052 [31merror[39m: [31mJWT Verification Error: jwt expired[39m
2026-07-28 11:20:52:2052 [31merror[39m: [31m401 - Invalid or expired security token. Please log in again. - /api/v1/clients - GET - ::1[39m
2026-07-28 11:20:52:2052 [31merror[39m: [31mJWT Verification Error: jwt expired[39m
2026-07-28 11:20:52:2052 [31merror[39m: [31m401 - Invalid or expired security token. Please log in again. - /api/v1/acts - GET - ::1[39m
2026-07-28 11:20:52:2052 [31merror[39m: [31mJWT Verification Error: jwt expired[39m
2026-07-28 11:20:52:2052 [31merror[39m: [31m401 - Invalid or expired security token. Please log in again. - /api/v1/cases - GET - ::1[39m
2026-07-28 11:20:52:2052 [31merror[39m: [31mJWT Verification Error: jwt expired[39m
2026-07-28 11:20:52:2052 [31merror[39m: [31m401 - Invalid or expired security token. Please log in again. - /api/v1/advocates - GET - ::1[39m
2026-07-28 11:20:52:2052 [31merror[39m: [31mJWT Verification Error: jwt expired[39m
2026-07-28 11:20:52:2052 [31merror[39m: [31m401 - Invalid or expired security token. Please log in again. - /api/v1/clients - GET - ::1[39m
2026-07-28 11:20:52:2052 [31merror[39m: [31mJWT Verification Error: jwt expired[39m
2026-07-28 11:20:52:2052 [31merror[39m: [31m401 - Invalid or expired security token. Please log in again. - /api/v1/roles/roles - GET - ::1[39m
2026-07-28 11:20:53:2053 [31merror[39m: [31mJWT Verification Error: jwt expired[39m
2026-07-28 11:20:53:2053 [31merror[39m: [31m401 - Invalid or expired security token. Please log in again. - /api/v1/cases - GET - ::1[39m
2026-07-28 11:20:53:2053 [31merror[39m: [31mJWT Verification Error: jwt expired[39m
2026-07-28 11:20:53:2053 [31merror[39m: [31m401 - Invalid or expired security token. Please log in again. - /api/v1/advocates - GET - ::1[39m
2026-07-28 11:20:53:2053 [31merror[39m: [31mJWT Verification Error: jwt expired[39m
2026-07-28 11:20:53:2053 [31merror[39m: [31m401 - Invalid or expired security token. Please log in again. - /api/v1/roles/roles - GET - ::1[39m
2026-07-28 11:54:54:5454 [31merror[39m: [31mJWT Verification Error: jwt expired[39m
2026-07-28 11:54:54:5454 [31merror[39m: [31m401 - Invalid or expired security token. Please log in again. - /api/v1/roles/roles - GET - ::1[39m
2026-07-28 11:54:54:5454 [31merror[39m: [31mJWT Verification Error: jwt expired[39m
2026-07-28 11:54:54:5454 [31merror[39m: [31m401 - Invalid or expired security token. Please log in again. - /api/v1/roles/modules - GET - ::1[39m
2026-07-28 11:54:54:5454 [31merror[39m: [31mJWT Verification Error: jwt expired[39m
2026-07-28 11:54:54:5454 [31merror[39m: [31m401 - Invalid or expired security token. Please log in again. - /api/v1/roles/roles - GET - ::1[39m
2026-07-28 11:54:54:5454 [31merror[39m: [31mJWT Verification Error: jwt expired[39m
2026-07-28 11:54:54:5454 [31merror[39m: [31m401 - Invalid or expired security token. Please log in again. - /api/v1/roles/modules - GET - ::1[39m
2026-07-28 12:03:31:331 [31merror[39m: [31m403 - Access Denied: You do not have permission to perform this operation. - /api/v1/daybook - GET - ::1[39m
2026-07-28 12:11:11:1111 [31merror[39m: [31mJWT Verification Error: jwt expired[39m
2026-07-28 12:11:11:1111 [31merror[39m: [31m401 - Invalid or expired security token. Please log in again. - /api/v1/dashboard - GET - ::1[39m
2026-07-28 12:11:11:1111 [31merror[39m: [31mJWT Verification Error: jwt expired[39m
2026-07-28 12:11:11:1111 [31merror[39m: [31m401 - Invalid or expired security token. Please log in again. - /api/v1/cases - GET - ::1[39m
2026-07-28 12:11:11:1111 [31merror[39m: [31mJWT Verification Error: jwt expired[39m
2026-07-28 12:11:11:1111 [31merror[39m: [31m401 - Invalid or expired security token. Please log in again. - /api/v1/clients - GET - ::1[39m
2026-07-28 12:11:11:1111 [31merror[39m: [31mJWT Verification Error: jwt expired[39m
2026-07-28 12:11:11:1111 [31merror[39m: [31m401 - Invalid or expired security token. Please log in again. - /api/v1/advocates - GET - ::1[39m
2026-07-28 12:11:11:1111 [31merror[39m: [31mJWT Verification Error: jwt expired[39m
2026-07-28 12:11:11:1111 [31merror[39m: [31m401 - Invalid or expired security token. Please log in again. - /api/v1/diary - GET - ::1[39m
2026-07-28 12:11:11:1111 [31merror[39m: [31mJWT Verification Error: jwt expired[39m
2026-07-28 12:11:11:1111 [31merror[39m: [31m401 - Invalid or expired security token. Please log in again. - /api/v1/daybook - GET - ::1[39m
2026-07-28 12:11:11:1111 [31merror[39m: [31mJWT Verification Error: jwt expired[39m
2026-07-28 12:11:11:1111 [31merror[39m: [31m401 - Invalid or expired security token. Please log in again. - /api/v1/payments - GET - ::1[39m
2026-07-28 12:11:11:1111 [31merror[39m: [31mJWT Verification Error: jwt expired[39m
2026-07-28 12:11:11:1111 [31merror[39m: [31m401 - Invalid or expired security token. Please log in again. - /api/v1/alerts - GET - ::1[39m
2026-07-28 12:11:11:1111 [31merror[39m: [31mJWT Verification Error: jwt expired[39m
2026-07-28 12:11:11:1111 [31merror[39m: [31m401 - Invalid or expired security token. Please log in again. - /api/v1/lands - GET - ::1[39m
2026-07-28 12:11:11:1111 [31merror[39m: [31mJWT Verification Error: jwt expired[39m
2026-07-28 12:11:11:1111 [31merror[39m: [31m401 - Invalid or expired security token. Please log in again. - /api/v1/memberships - GET - ::1[39m
2026-07-28 12:11:11:1111 [31merror[39m: [31mJWT Verification Error: jwt expired[39m
2026-07-28 12:11:11:1111 [31merror[39m: [31m401 - Invalid or expired security token. Please log in again. - /api/v1/opinions - GET - ::1[39m
2026-07-28 12:11:11:1111 [31merror[39m: [31mJWT Verification Error: jwt expired[39m
2026-07-28 12:11:11:1111 [31merror[39m: [31m401 - Invalid or expired security token. Please log in again. - /api/v1/acts - GET - ::1[39m
2026-07-28 12:11:11:1111 [31merror[39m: [31mJWT Verification Error: jwt expired[39m
2026-07-28 12:11:11:1111 [31merror[39m: [31m401 - Invalid or expired security token. Please log in again. - /api/v1/dashboard - GET - ::1[39m
2026-07-28 12:11:11:1111 [31merror[39m: [31mJWT Verification Error: jwt expired[39m
2026-07-28 12:11:11:1111 [31merror[39m: [31m401 - Invalid or expired security token. Please log in again. - /api/v1/amendments - GET - ::1[39m
2026-07-28 12:11:11:1111 [31merror[39m: [31mJWT Verification Error: jwt expired[39m
2026-07-28 12:11:11:1111 [31merror[39m: [31m401 - Invalid or expired security token. Please log in again. - /api/v1/roles/roles - GET - ::1[39m
2026-07-28 12:11:11:1111 [31merror[39m: [31mJWT Verification Error: jwt expired[39m
2026-07-28 12:11:11:1111 [31merror[39m: [31m401 - Invalid or expired security token. Please log in again. - /api/v1/cases - GET - ::1[39m
2026-07-28 12:11:11:1111 [31merror[39m: [31mJWT Verification Error: jwt expired[39m
2026-07-28 12:11:11:1111 [31merror[39m: [31m401 - Invalid or expired security token. Please log in again. - /api/v1/roles/modules - GET - ::1[39m
2026-07-28 12:11:11:1111 [31merror[39m: [31mJWT Verification Error: jwt expired[39m
2026-07-28 12:11:11:1111 [31merror[39m: [31m401 - Invalid or expired security token. Please log in again. - /api/v1/clients - GET - ::1[39m
2026-07-28 12:11:11:1111 [31merror[39m: [31mJWT Verification Error: jwt expired[39m
2026-07-28 12:11:11:1111 [31merror[39m: [31m401 - Invalid or expired security token. Please log in again. - /api/v1/advocates - GET - ::1[39m
2026-07-28 12:11:12:1112 [31merror[39m: [31mJWT Verification Error: jwt expired[39m
2026-07-28 12:11:12:1112 [31merror[39m: [31m401 - Invalid or expired security token. Please log in again. - /api/v1/diary - GET - ::1[39m
2026-07-28 12:11:12:1112 [31merror[39m: [31mJWT Verification Error: jwt expired[39m
2026-07-28 12:11:12:1112 [31merror[39m: [31m401 - Invalid or expired security token. Please log in again. - /api/v1/daybook - GET - ::1[39m
2026-07-28 12:11:12:1112 [31merror[39m: [31mJWT Verification Error: jwt expired[39m
2026-07-28 12:11:12:1112 [31merror[39m: [31m401 - Invalid or expired security token. Please log in again. - /api/v1/payments - GET - ::1[39m
2026-07-28 12:11:12:1112 [31merror[39m: [31mJWT Verification Error: jwt expired[39m
2026-07-28 12:11:12:1112 [31merror[39m: [31m401 - Invalid or expired security token. Please log in again. - /api/v1/alerts - GET - ::1[39m
2026-07-28 12:11:12:1112 [31merror[39m: [31mJWT Verification Error: jwt expired[39m
2026-07-28 12:11:12:1112 [31merror[39m: [31m401 - Invalid or expired security token. Please log in again. - /api/v1/roles/roles - GET - ::1[39m
2026-07-28 12:11:12:1112 [31merror[39m: [31mJWT Verification Error: jwt expired[39m
2026-07-28 12:11:12:1112 [31merror[39m: [31m401 - Invalid or expired security token. Please log in again. - /api/v1/lands - GET - ::1[39m
2026-07-28 12:11:12:1112 [31merror[39m: [31mJWT Verification Error: jwt expired[39m
2026-07-28 12:11:12:1112 [31merror[39m: [31m401 - Invalid or expired security token. Please log in again. - /api/v1/opinions - GET - ::1[39m
2026-07-28 12:11:12:1112 [31merror[39m: [31mJWT Verification Error: jwt expired[39m
2026-07-28 12:11:12:1112 [31merror[39m: [31m401 - Invalid or expired security token. Please log in again. - /api/v1/memberships - GET - ::1[39m
2026-07-28 12:11:12:1112 [31merror[39m: [31mJWT Verification Error: jwt expired[39m
2026-07-28 12:11:12:1112 [31merror[39m: [31m401 - Invalid or expired security token. Please log in again. - /api/v1/acts - GET - ::1[39m
2026-07-28 12:11:12:1112 [31merror[39m: [31mJWT Verification Error: jwt expired[39m
2026-07-28 12:11:12:1112 [31merror[39m: [31m401 - Invalid or expired security token. Please log in again. - /api/v1/amendments - GET - ::1[39m
2026-07-28 12:11:12:1112 [31merror[39m: [31mJWT Verification Error: jwt expired[39m
2026-07-28 12:11:12:1112 [31merror[39m: [31m401 - Invalid or expired security token. Please log in again. - /api/v1/roles/roles - GET - ::1[39m
2026-07-28 12:11:12:1112 [31merror[39m: [31mJWT Verification Error: jwt expired[39m
2026-07-28 12:11:12:1112 [31merror[39m: [31m401 - Invalid or expired security token. Please log in again. - /api/v1/roles/modules - GET - ::1[39m
2026-07-28 12:11:12:1112 [31merror[39m: [31mJWT Verification Error: jwt expired[39m
2026-07-28 12:11:12:1112 [31merror[39m: [31m401 - Invalid or expired security token. Please log in again. - /api/v1/roles/roles - GET - ::1[39m
